original_batch	class	method	seconds	result
1	com.whip.app.ui.InteractionControlUiTest	largeTextKeepsTwoDestinationsVisibleWhenTheRowHasRoom	1.678	PASS
1	com.whip.app.ui.InteractionControlUiTest	unitChooserCreatesAndSelectsACustomUnitInContext	8.107	PASS
1	com.whip.app.ui.InteractionControlUiTest	pageHeaderWrapsActionsOnlyWhenTheLargeTextTitleNeedsRoom	1.223	PASS
1	com.whip.app.ui.InteractionControlUiTest	reorderHandleHasOneConsistentTouchAndAccessibilityContract	0.984	PASS
1	com.whip.app.ui.InteractionControlUiTest	emojiPickerSearchManagementRemovesSavedCustomEmoji	5.022	PASS
1	com.whip.app.ui.InteractionControlUiTest	narrowLargeTextUsesFullLabelsAndRevealsTheSelectedDestination	1.838	PASS
1	com.whip.app.ui.InteractionControlUiTest	destinationTabsKeepTheirPositionWhenTheLastVisibleTabIsSelected	1.844	PASS
1	com.whip.app.ui.InteractionControlUiTest	destinationTabsUseShortVisibleLabelsWithoutLosingFullAccessibleNames	1.486	PASS
1	com.whip.app.ui.InteractionControlUiTest	emojiPickerSearchesCommonChoicesAndPersistsReusableCustomEmoji	12.752	PASS
1	com.whip.app.ui.InteractionControlUiTest	peerToolbarActionsCenterEveryContentGroup	0.958	PASS
1	com.whip.app.ui.InteractionControlUiTest	longReorderListScrollsAndKeepsMovingAtTheViewportEdge	1.511	PASS
1	com.whip.app.ui.InteractionControlUiTest	trackNumberUnitSelectorRetainsAndLabelsAnArchivedHistoricalUnit	1.086	PASS
1	com.whip.app.ui.InteractionControlUiTest	commandMenuItemsDoNotPretendToBeSelectableChoices	1.087	PASS
1	com.whip.app.ui.InteractionControlUiTest	optionalMalformedTrackNumberIsNamedAndAnnouncesItsValidationError	1.06	PASS
1	com.whip.app.ui.InteractionControlUiTest	searchReindexesCompletedTaskDatesWhenTheActiveWhipZoneChangesWithoutClearingTheQuery	3.328	PASS
1	com.whip.app.ui.InteractionControlUiTest	productivityBuilderKeepsInformationFullWidthAndEditAfterTheBody	1.138	PASS
1	com.whip.app.ui.InteractionControlUiTest	unitChooserAdoptsAnExactSaveReceiptAfterActivityRecreation	7.16	PASS
1	com.whip.app.ui.InteractionControlUiTest	pageSearchLivesInTheHeaderInsteadOfASecondControlRow	1.714	PASS
1	com.whip.app.ui.InteractionControlUiTest	weekdayFormatterReactsToObservableLocaleConfiguration	1.184	PASS
1	com.whip.app.ui.InteractionControlUiTest	emojiSaveFailureRetainsDraftAndUseOnceDoesNotClaimLibraryPersistence	7.025	PASS
1	com.whip.app.ui.InteractionControlUiTest	trackScaleEntryUsesTheConfiguredFractionalIncrementAndCanBeCleared	2.365	PASS
1	com.whip.app.ui.InteractionControlUiTest	destinationTabsKeepEveryPeerDirectAndStableWhenSelecting	1.84	PASS
1	com.whip.app.ui.InteractionControlUiTest	productivityBuilderKeepsDisclosureBeforeTheTrailingPrimaryAction	1.564	PASS
1	com.whip.app.ui.InteractionControlUiTest	repeatedAccessibilityMovesKeepAnnouncementWithTheLogicalItem	1.109	PASS
1	com.whip.app.ui.InteractionControlUiTest	destinationsShareEqualWidthWhenTheirFullRowFits	1.014	PASS
1	com.whip.app.ui.InteractionControlUiTest	trackNumberUnitSelectorKeepsTheUsersActiveNonDefaultUnitSelected	1.437	PASS
1	com.whip.app.ui.InteractionControlUiTest	trackNumberEntryRemainsUsableAtCompactWidthAndTwoHundredPercentText	1.74	PASS
1	com.whip.app.ui.InteractionControlUiTest	longHorizontalReorderRowScrollsAndKeepsMovingAtTheViewportEdge	1.31	PASS
1	com.whip.app.ui.InteractionControlUiTest	measuredInsertionPreviewMovesSiblingsAndCancelRestoresTheirGeometry	1.71	PASS
1	com.whip.app.ui.InteractionControlUiTest	threeTaskDestinationsFitTheCompactCoverWidthWithoutClipping	1.642	PASS
1	com.whip.app.ui.InteractionControlUiTest	explicitDirectDestinationsRemainStableAtLargeTextInRtl	1.284	PASS
1	com.whip.app.ui.InteractionControlUiTest	fullScreenDestinationOwnsTheWindowWhileContentRespectsSafeInsets	1.012	PASS
1	com.whip.app.ui.InteractionControlUiTest	pageHeaderActionsDoNotShiftTitleOrSupportingText	1.621	PASS
1	com.whip.app.ui.InteractionControlUiTest	largeTextKeepsTwoSegmentChoicesVisibleWhenTheyFit	0.807	PASS
1	com.whip.app.ui.InteractionControlUiTest	datePickerTodayUsesTheConfiguredWhipDate	2.545	PASS
1	com.whip.app.ui.InteractionControlUiTest	calendarHeaderKeepsNavigationReachableAtCompactLargeTextAndRtl	1.091	PASS
1	com.whip.app.ui.InteractionControlUiTest	sharedControlsExposeConsistentStateRolesAndTouchTargets	2.319	PASS
1	com.whip.app.ui.InteractionControlUiTest	selectionActionPanelKeepsCallerActionsAndDoneReachableAtLargeText	1.119	PASS
1	com.whip.app.ui.InteractionControlUiTest	pageHeaderKeepsFollowingContentVisuallySeparated	1.161	PASS
1	com.whip.app.ui.InteractionControlUiTest	sharedColorPickerSupportsPresetsAndExactCustomColors	3.831	PASS
1	com.whip.app.ui.InteractionControlUiTest	allDestinationsRemainDirectWhenPriorityHintIsShorter	1.362	PASS
1	com.whip.app.ui.InteractionControlUiTest	emojiSaveReconnectsAfterRecreationAndAppliesOnlyItsConfirmedReceipt	7.395	PASS
1	com.whip.app.ui.InteractionControlUiTest	trackNumberEntrySupportsSignedDecimalsWithoutDestroyingPartialInput	3.048	PASS
1	com.whip.app.ui.InteractionControlUiTest	searchFilterSummariesRemainReadableAndTouchSizedWhenSeveralAreActive	3.942	PASS
1	com.whip.app.ui.InteractionControlUiTest	reorderHandleOwnsTouchDragAndUsesTheLatestMoveCallback	1.185	PASS
1	com.whip.app.ui.InteractionControlUiTest	editorHeaderStacksActionsBelowIdentityAtCompactLargeText	1.848	PASS
2	com.whip.app.ActivityHistoryUiTest	captureAbsoluteValueEditorCatalog	7.233	PASS
2	com.whip.app.ActivityHistoryUiTest	offScheduleLoggingRequiresAnExplicitInspectorAction	4.308	PASS
2	com.whip.app.ActivityHistoryUiTest	inspectorMakesScheduledPausesEditableAndHistoricalSkipsUndoable	19.766	PASS
2	com.whip.app.ActivityHistoryUiTest	scheduledPauseSupportsNoEndDateRetainsFailureDraftAndConfirmsDelete	14.183	PASS
2	com.whip.app.ActivityHistoryUiTest	habitTodayUsesOneResponsiveOverviewAndExplainedSecondaryAction	16.278	PASS
2	com.whip.app.ActivityHistoryUiTest	removedLogSnapshotKeepsHabitHistoryEditorRestorableUntilRequestDelivery	15.73	PASS
2	com.whip.app.ActivityHistoryUiTest	logOnlyPastEntryMakesTheNumberOptionalAndUsesAPlainLanguageNotePrompt	4.697	PASS
2	com.whip.app.ActivityHistoryUiTest	pastCheckInAsksWhatHappenedWithoutExposingStateOrValueStorageFields	7.491	PASS
2	com.whip.app.ActivityHistoryUiTest	timerStartTimeUsesWhipsConfiguredZone	5.057	PASS
2	com.whip.app.ActivityHistoryUiTest	pauseOnlyHabitShowsNeutralInsightsInsteadOfClaimingThereIsNoActivity	3.413	PASS
2	com.whip.app.ActivityHistoryUiTest	absoluteValueEditorExplainsThatALowerNumberSetsRatherThanAdds	8.234	PASS
2	com.whip.app.ActivityHistoryUiTest	valueDraftIsShieldedDuringPersistenceAndRetainedAfterFailure	14.218	PASS
2	com.whip.app.ActivityHistoryUiTest	pauseEditorRemainsScrollableAndActionableAt320DpAndTwoHundredPercentText	11.215	PASS
2	com.whip.app.ActivityHistoryUiTest	scheduledPauseHasNoMisleadingCheckInAction	5.24	PASS
2	com.whip.app.ActivityHistoryUiTest	editedHistoryDraftWaitsForItsExactOutcomeAndSurvivesFailure	14.66	PASS
2	com.whip.app.ActivityHistoryUiTest	removedPauseSnapshotKeepsHabitPauseEditorRestorableUntilRequestDelivery	13.384	PASS
2	com.whip.app.ActivityHistoryUiTest	deletingARecordedCheckInRequiresConfirmation	6.671	PASS
2	com.whip.app.ActivityThemeContrastTest	lightWhipOnDarkAndroidKeepsBarsReadableThroughLiveChangesAndRecreation	28.092	PASS
2	com.whip.app.ActivityThemeContrastTest	darkWhipOnLightAndroidKeepsBarsReadableThroughLiveChangesAndRecreation	36.505	PASS
2	com.whip.app.ActivityThemeContrastTest	widgetConfigurationChromeFollowsThemeChangesAndRecovery	14.062	PASS
2	com.whip.app.AdaptiveWhipScreenTest	sharedLoadingErrorRetryIsActionableAndNeverShowsFalseSuccess	4.035	PASS
2	com.whip.app.AdaptiveWhipScreenTest	bookFoldUsesHingeAwareSupportPaneAndPersistentNavigation	20.556	PASS
2	com.whip.app.AdaptiveWhipScreenTest	rtlBookFoldPlacesProductivityEditorInTheOppositeContentPane	12.43	PASS
2	com.whip.app.AdaptiveWhipScreenTest	bookFoldGoalAndTrackSupportEmptyStatesShareVerticalRhythm	9.035	PASS
2	com.whip.app.AdaptiveWhipScreenTest	tabletopFoldKeepsNavigationAndOverviewAboveTheHinge	4.565	PASS
2	com.whip.app.AdaptiveWhipScreenTest	productivityEditorsStayInsideTheContentPaneOnABookFold	33.489	PASS
2	com.whip.app.AdaptiveWhipScreenTest	shortLargeTextRailScrollsToEveryNamedDestination	4.419	PASS
2	com.whip.app.AdaptiveWhipScreenTest	newerTaskUndoSnackbarKeepsItsOwnRecoveryToken	8.619	PASS
2	com.whip.app.AdaptiveWhipScreenTest	clearReturningHomeOffersAndOpensTheActualInbox	11.884	PASS
2	com.whip.app.AdaptiveWhipScreenTest	expandedWorkspacesAlignChromeWithTheirDeclaredContentColumn	16.903	PASS
2	com.whip.app.AdaptiveWhipScreenTest	wideNavigationCentersTheCompleteDestinationGroup	5.217	PASS
2	com.whip.app.AdaptiveWhipScreenTest	enlargedTextKeepsEveryCompactPrimaryDestinationVisiblyNamed	8.177	PASS
2	com.whip.app.AdaptiveWhipScreenTest	bookFoldTrackSupportNeverShowsEmptyBeforeTheDomainSettles	6.151	PASS
2	com.whip.app.AdaptiveWhipScreenTest	bookFoldGoalSupportPaneAndCardsShareOneUnconstrainedElapsedMetric	11.771	PASS
2	com.whip.app.AdaptiveWhipScreenTest	adaptiveHomeWaitsForVisibleDomainsBeforeShowingAStableEmptyState	5.001	PASS
2	com.whip.app.AdaptiveWhipScreenTest	missingDeepLinkTargetIsConsumedWithOneUnavailableMessage	5.368	PASS
2	com.whip.app.AdaptiveWhipScreenTest	homeKeepsAuthoredWorkoutAndRoutineNamesAcrossDayCounts	4.926	PASS
2	com.whip.app.AdaptiveWhipScreenTest	compactGoalEditorRemainsReachableAtTwoHundredPercentText	23.573	PASS
2	com.whip.app.AdaptiveWhipScreenTest	compactHabitEditorRemainsReachableAtTwoHundredPercentText	32.329	PASS
2	com.whip.app.AdaptiveWhipScreenTest	tabletopSupportContextScrollsToLaterTasksAtTwoHundredPercentText	10.726	PASS
2	com.whip.app.AdaptiveWhipScreenTest	expandedInnerDisplayKeepsOverviewBesidePrimaryContent	7.889	PASS
2	com.whip.app.AdaptiveWhipScreenTest	enlargedTextKeepsEveryRailDestinationVisiblyNamed	11.352	PASS
2	com.whip.app.AdaptiveWhipScreenTest	productivityAndGymWorkspaceNavigationStaysVisibleWhileLoadingOrFailed	13.707	PASS
2	com.whip.app.AdaptiveWhipScreenTest	adaptiveDestinationSupportSeparatesErrorLoadingAndRealEmpty	9.026	PASS
2	com.whip.app.AdaptiveWhipScreenTest	responsiveFieldPairsStackAtTwoHundredPercentText	2.467	PASS
2	com.whip.app.AdaptiveWhipScreenTest	expandedLayoutRetainsNavigationAndPaneInRtl	6.517	PASS
2	com.whip.app.AdaptiveWhipScreenTest	reviewUsesTheWholeWideCanvasAsAHingeAwareDashboard	8.173	PASS
2	com.whip.app.AdaptiveWhipScreenTest	compactTaskEditorRemainsReachableAtTwoHundredPercentText	23.365	PASS
2	com.whip.app.AdaptiveWhipScreenTest	bookFoldSupportTitlesUseReadableThemeContrast	11.678	PASS
2	com.whip.app.AdaptiveWhipScreenTest	expandedTracksKeepsItsBrowserWithoutAnOuterOverviewPane	10.855	PASS
2	com.whip.app.AdaptiveWhipScreenTest	everyPrimaryWorkspaceUsesTheSameHeaderAndNavigationGeometry	53.004	PASS
2	com.whip.app.AdaptiveWhipScreenTest	expandingContentPreservesSelectedTrackAndProvidesAHomeRoute	11.468	PASS
2	com.whip.app.AdaptiveWhipScreenTest	taskDetailsStayInsideTheContentPaneOnAFlatBookFold	11.658	PASS
2	com.whip.app.AdaptiveWhipScreenTest	compactNavigationMatchesTheRailAndKeepsWhipHomeReachable	8.628	PASS
2	com.whip.app.AdaptiveWhipScreenTest	homeSuppressesFalseEmptyStateAndOffersCompactDomainRetry	4.951	PASS
2	com.whip.app.AppSettingsPersistenceTest	concurrentRepositoryInstancesDoNotLoseUnrelatedSettingsUpdates	0.31	PASS
2	com.whip.app.AppSettingsPersistenceTest	confirmedUpdateReturnsOnlyAfterTheValueIsDurableAndRecreatable	0.305	PASS
2	com.whip.app.AppSettingsPersistenceTest	obsoletePreferenceKeysAreIgnoredAndAnExplicitSmartCaptureOptOutPersists	0.207	PASS
2	com.whip.app.AppSettingsPersistenceTest	dueFocusTimerRemainsReadableUntilTheWorkerClearsIt	0.107	PASS
2	com.whip.app.AppSettingsPersistenceTest	expandedE1rmDefaultUpgradesTenOnceAndPreservesAuthoredCutoffs	0.289	PASS
2	com.whip.app.AppSettingsPersistenceTest	everyUserEditablePreferenceSurvivesRepositoryRecreation	0.107	PASS
2	com.whip.app.AppSettingsPersistenceTest	goalCelebrationDefaultsAndRetiredStyleIsRemoved	0.13	PASS
2	com.whip.app.AppSettingsPersistenceTest	retiredIntegrationPreferencesAreRemovedWithoutChangingOrdinarySettings	0.027	PASS
2	com.whip.app.ui.AreaFeatureUiTest	areaManagerSearchIncludesArchivedMatchesWithoutPriorExpansion	8.214	PASS
2	com.whip.app.ui.AreaFeatureUiTest	allItemsCanBeMovedBetweenAreasInOneAction	5.235	PASS
2	com.whip.app.ui.AreaFeatureUiTest	creatingAnArchivedNameRestoresBeforeSelectingIt	9.635	PASS
2	com.whip.app.ui.AreaFeatureUiTest	captureAreaManagementCatalog	35.251	PASS
2	com.whip.app.ui.AreaFeatureUiTest	areaQueryStaysVisibleAndClearableWhenAreaCountShrinks	9.374	PASS
2	com.whip.app.ui.AreaFeatureUiTest	permanentDeleteExplainsBothChoicesAndRequiresAnExplicitChoice	8.598	PASS
2	com.whip.app.ui.AreaFeatureUiTest	archivedAreaDetailUsesRestoreInsteadOfOpeningArchiveConfirmation	4.781	PASS
2	com.whip.app.ui.AreaFeatureUiTest	scopeMenuShowsSelectionAndItemCountsWithSentenceCaseLabels	4.771	PASS
2	com.whip.app.ui.AreaFeatureUiTest	emergencyZeroAreaStateCreatesMainWithoutShowingAPlaceholder	4.92	PASS
2	com.whip.app.ui.AreaFeatureUiTest	largeAreaPickerUsesSearchAndCanSelectTheLastArea	9.692	PASS
2	com.whip.app.ui.AreaFeatureUiTest	pickerDoesNotClaimARequiredDefaultWasInheritedFromTheCurrentView	2.922	PASS
2	com.whip.app.ui.AreaFeatureUiTest	pickerSelectsExistingAreaAndCreatesInline	11.831	PASS
2	com.whip.app.ui.AreaFeatureUiTest	badgeUsesTextAndChangesTheGlobalScope	4.137	PASS
2	com.whip.app.ui.AreaFeatureUiTest	areaWorkspaceKeepsExitTrailingAndBackLeadingAtTwoHundredPercentText	4.816	PASS
2	com.whip.app.ui.AreaFeatureUiTest	failedAreaRenameKeepsTheReviewedDialogAndDraft	10.586	PASS
2	com.whip.app.ui.AreaFeatureUiTest	areaChoicesUseOneSemanticRadioNodeAndScrollWithoutMovingDialogActions	16.474	PASS
2	com.whip.app.ui.AreaFeatureUiTest	areaCreationRetainsChangedDraftThroughCancelAndRecreation	18.916	PASS
2	com.whip.app.ui.AreaFeatureUiTest	enlargedAreaParentRetainsItsIndexThroughCreateCancelAndDetailRestoration	28.558	PASS
2	com.whip.app.ui.AreaFeatureUiTest	permanentDeleteKeepsLargeTextChoicesAndRetryOwned	24.843	PASS
2	com.whip.app.ui.AreaFeatureUiTest	areaPickerKeepsActiveSearchWhenItsOptionsShrink	16.689	PASS
2	com.whip.app.ui.AreaFeatureUiTest	pickerExplainsWhenItsAreaWasActuallyInheritedFromScope	4.335	PASS
2	com.whip.app.ui.AreaFeatureUiTest	emptyAreaDeletionStillExplainsSavedViewCleanup	7.495	PASS
2	com.whip.app.ui.AreaFeatureUiTest	deletingTheOnlyAreaPromptsForAReplacementFirst	6.256	PASS
2	com.whip.app.AreaOrganizationJourneyE2ETest	moveAndMergeKeepSavedHistoryAndSearchRecoverable	65.055	PASS
2	com.whip.app.AreaOrganizationJourneyE2ETest	createColorOrderAndArchivedIdentitySurviveRecreation	101.195	PASS
2	com.whip.app.AreaOrganizationJourneyE2ETest	reviewedCleanupPreservesOrDeletesOnlyTheAssignedHistory	49.096	PASS
2	com.whip.app.BackupRepositoryTest	successfulReplaceRestoreClearsPrivateCsvReceiptThroughTrackCascadeWithoutRecreatingIt	1.49	PASS
2	com.whip.app.BackupRepositoryTest	privateCsvImportReceiptIsExcludedFromPortableBackupPreservedByMergeAndClearedByDeleteAll	0.917	PASS
2	com.whip.app.BackupRepositoryTest	duplicateStableIdentityIsRejectedEvenWithAValidChecksum	0.328	PASS
2	com.whip.app.BackupRepositoryTest	mergeRemapsPerExerciseTrainingMaxInvalidationEvidenceWhenExerciseIdsCollide	0.984	PASS
2	com.whip.app.BackupRepositoryTest	nonCurrentBackupVersionsOrTableSetsCannotBePreviewedOrRestored	0.46	PASS
2	com.whip.app.BackupRepositoryTest	malformedCustomUnitsAreRejectedBeforeLiveDataOrSettingsChange	0.837	PASS
2	com.whip.app.BackupRepositoryTest	elapsedGoalBackupAndCsvPreserveItsAuthoritativeStartAndView	0.609	PASS
2	com.whip.app.BackupRepositoryTest	noteOnlyHabitHistoryRoundTripsWithoutQuantitativeMeasurements	0.745	PASS
2	com.whip.app.BackupRepositoryTest	mergeReconcilesSameNameAreasAndRemapsAssignments	0.927	PASS
2	com.whip.app.BackupRepositoryTest	retiredIntegrationSettingsAreIgnoredInOldBackupsAndAbsentFromNewExports	0.584	PASS
2	com.whip.app.BackupRepositoryTest	deleteAllDataDoesNotDeleteRecordsWhenResetSettingsCannotBeConfirmed	0.308	PASS
2	com.whip.app.BackupRepositoryTest	tamperedBackupIsRejectedBeforeItCanReplaceLiveData	0.227	PASS
2	com.whip.app.BackupRepositoryTest	replaceRestoreRejectsAUnitConversionThatContradictsCanonicalHistoryBeforeMutation	0.555	PASS
2	com.whip.app.BackupRepositoryTest	goalLifecycleSnapshotsArchiveStateAndElapsedResetHistoryRoundTrip	1.019	PASS
2	com.whip.app.BackupRepositoryTest	e1rmBackupDefaultsToThirtySixAndPreservesExplicitCutoffs	0.583	PASS
2	com.whip.app.BackupRepositoryTest	committedMergeKeepsImportedRowsWhenAreaRefreshFailsAndRetryDoesNotReimport	0.707	PASS
2	com.whip.app.BackupRepositoryTest	failedReplaceRestoreRollsBackTrackCascadeAndPreservesPrivateCsvReceipt	0.557	PASS
2	com.whip.app.BackupRepositoryTest	areaIdentityAndScopeRoundTripAcrossEveryProductivityDomain	0.43	PASS
2	com.whip.app.BackupRepositoryTest	malformedGymUnitAndCanonicalContractsAreRejectedBeforeLiveMutation	1.175	PASS
2	com.whip.app.BackupRepositoryTest	mergeRejectsTheSameCustomUnitIdentityWithADifferentImmutableContract	0.536	PASS
2	com.whip.app.BackupRepositoryTest	sixOfEightActionsUndoAndBackupRemainOneTruthfulPeriodOutcome	1.102	PASS
2	com.whip.app.BackupRepositoryTest	olderBackupsWithoutCelebrationToggleRestoreEnabledAndIgnoreRetiredStyle	0.338	PASS
2	com.whip.app.BackupRepositoryTest	fullBackupRoundTripsEveryFirstClassDomainAndCrossDomainRelationship	2.342	PASS
2	com.whip.app.BackupRepositoryTest	restoreDoesNotReportSuccessUntilSettingsAreDurable	0.315	PASS
2	com.whip.app.BackupRepositoryTest	crossOwnerHistoryAndUnknownEnumsAreRejectedBeforeLiveMutation	0.995	PASS
2	com.whip.app.BackupRepositoryTest	backupPreviewAndTransactionalRestoreRoundTrip	0.891	PASS
2	com.whip.app.BackupRepositoryTest	gymCsvPreservesHistoricalTypeAndDistinguishesPerformedActiveAndDiscardedSets	1.142	PASS
2	com.whip.app.BackupRepositoryTest	portableBackupReviewsActiveTimerPrivateRecoveryPreservesItAndMergeDropsIt	1.063	PASS
2	com.whip.app.BackupRepositoryTest	mergeIsAtomicIdempotentRelationshipSafeAndKeepsCurrentSettings	1.292	PASS
2	com.whip.app.BackupRepositoryTest	machineExerciseLinksAndLevelDirectionRoundTrip	0.759	PASS
2	com.whip.app.BackupSelectionRecoveryTest	invalidSelectionClearsPriorPlainAndEncryptedCandidatesWithoutChangingData	2.335	PASS
2	com.whip.app.BrandIdentityTest	debugBuildUsesThePlayPackageFamilyAndCapitalizedName	0.026	PASS
2	com.whip.app.BrandIdentityTest	launcherAndInAppMarksShareCenteredSafeZoneGeometry	0.106	PASS
2	com.whip.app.CoreFeatureJourneyE2ETest	dirtyTaskEditorSurvivesActivityRecreation	26.697	PASS
2	com.whip.app.CoreFeatureJourneyE2ETest	seededFeaturesRenderThroughRealRepositoriesAndSurviveActivityRecreation	30.01	PASS
3	com.whip.app.CustomUnitIntegrityTest	versionRetryCannotForkAndHistoryKeepsItsOriginalUnit	0.231	PASS
3	com.whip.app.CustomUnitIntegrityTest	measurementValueAndUnitMustAlwaysBeStoredAsAPair	0.205	PASS
3	com.whip.app.CustomUnitIntegrityTest	anAlreadyArchivedSourceCannotForkConversionVersions	0.261	PASS
3	com.whip.app.CustomUnitIntegrityTest	exactCreateIsReplaySafeAndRejectsIdentityCollision	0.207	PASS
3	com.whip.app.CustomUnitIntegrityTest	staleRenameAndArchiveCannotOverwriteAConcurrentEdit	0.154	PASS
3	com.whip.app.CustomUnitIntegrityTest	normalizedEnsureCannotOverwriteAnExistingConversionIdentity	0.076	PASS
3	com.whip.app.CustomUnitIntegrityTest	authoredBoundsAndFinitePositiveConversionAreEnforced	0.076	PASS
3	com.whip.app.CustomUnitJourneyE2ETest	createRenameVersionAndArchivePreserveRecordedMeaning	91.351	PASS
3	com.whip.app.DataEpochBoundaryTest	trulyFreshInstallEstablishesCurrentMarkerWithoutReset	0.026	PASS
3	com.whip.app.DataEpochBoundaryTest	markerStatePersistsAndInterruptedResetResumes	0.077	PASS
3	com.whip.app.DataPrivacyJourneyE2ETest	cancelledOrLostDocumentRequestCannotWriteAnExport	8.355	PASS
3	com.whip.app.DataPrivacyJourneyE2ETest	wrongBackupPassphraseExplainsFailureInsideDialogAndRetries	45.15	PASS
3	com.whip.app.DataPrivacyJourneyE2ETest	backupChoicesRemainClearInLightTheme	60.322	PASS
3	com.whip.app.DataPrivacyJourneyE2ETest	backupChoicesPreserveRecordsAndSettingsAfterReopening	65.202	PASS
3	com.whip.app.DataPrivacyJourneyE2ETest	encryptedExportSurvivesActivityRecreationWhileDocumentPickerIsOpen	42.784	PASS
3	com.whip.app.DataPrivacyJourneyE2ETest	plainAndCsvExportsKeepTheirRequestedFormats	63.927	PASS
3	com.whip.app.DataPrivacyJourneyE2ETest	unavailablePortableFolderAccessIsVisibleAndRecoverableThroughReselection	41.97	PASS
3	com.whip.app.DataPrivacyJourneyE2ETest	invalidBackupIsReportedAsFailureAndCanBeReplaced	34.109	PASS
3	com.whip.app.DeepProductivityJourneyTest	habitFocusedInsightsAndChecklistFitLargeText	21.974	PASS
3	com.whip.app.DeepProductivityJourneyTest	numericHabitActionsStayInDetailsAndPreserveFacts	44.816	PASS
3	com.whip.app.DeepProductivityJourneyTest	habitAndGoalSearchUsesTheWorkspaceActionAndKeepsCollectionsClear	70.339	PASS
3	com.whip.app.DeepProductivityJourneyTest	trackWorkspaceSearchAndSelectionShowConfiguredDetails	54.713	PASS
3	com.whip.app.DeepProductivityJourneyTest	goalCompletionEventsKeepTheirOriginalMeaning	33.019	PASS
3	com.whip.app.DeepProductivityJourneyTest	trackInsightRangeLeadsToTheSameCorrectableEvidence	47.239	PASS
3	com.whip.app.DeepProductivityJourneyTest	milestoneEditorKeepsOptionalDetailsAndIdentity	47.01	PASS
3	com.whip.app.DeepSharedJourneyTest	denseHomeBalancesDomainsAndCompletingRefillsPreview	21.114	PASS
3	com.whip.app.DeepSharedJourneyTest	denseHomeContinuationRemainsReachableAtLargeText	26.512	PASS
3	com.whip.app.DeepSharedJourneyTest	taskInspectorRetainsExecutionContextThroughDefinitionEdit	35.974	PASS
3	com.whip.app.DeepSharedJourneyTest	workspaceSearchAndSavedFilterChildRetainConsistentChrome	83.601	PASS
3	com.whip.app.DialogThemeContrastTest	lightDialogsOnDarkAndroidFollowThemeAcrossEveryWindowOwner	44.428	PASS
3	com.whip.app.DialogThemeContrastTest	darkDialogsOnLightAndroidFollowThemeAcrossEveryWindowOwner	41.012	PASS
3	com.whip.app.DirectDailyExecutionJourneyTest	collectionExecutesExactRecurringOccurrenceAndReopensIt	24.861	PASS
3	com.whip.app.DirectDailyExecutionJourneyTest	homeChecksChecklistLogsGoalAndConfirmsClosureWithoutAnInspector	23.741	PASS
3	com.whip.app.DirectDailyExecutionJourneyTest	calendarHabitAndMultiDayRoutineRunWithoutExpandingDetails	37.021	PASS
3	com.whip.app.DomainDeletionCoordinatorTest	exerciseDeleteReportsExactImpactAndLeavesUnrelatedHistoryUntouched	1.507	PASS
3	com.whip.app.DomainDeletionCoordinatorTest	workoutDeleteBlocksAnActiveSessionEvenWithAReviewedRevision	0.379	PASS
3	com.whip.app.DomainDeletionCoordinatorTest	trackDeletionUsesExactReviewedDefinitionAndHistoryImpact	0.312	PASS
3	com.whip.app.DomainDeletionCoordinatorTest	areaDeleteWithItemsRemovesEveryDomainAndItsDependentHistory	0.759	PASS
3	com.whip.app.DomainDeletionCoordinatorTest	workoutDeleteReportsExactImpactAndPreservesTrainingMaxDecisionHistory	0.683	PASS
3	com.whip.app.DomainDeletionCoordinatorTest	areaDeletionPreparationFailureRollsBackEveryOwnedEntity	0.28	PASS
3	com.whip.app.DomainDeletionCoordinatorTest	reviewedTaskDisappearingBeforeDeleteIsAnOwnedFailure	0.279	PASS
3	com.whip.app.DomainDeletionCoordinatorTest	machineDeleteIsBlockedWhileProfileIsInActiveWorkout	0.432	PASS
3	com.whip.app.DomainDeletionCoordinatorTest	taskDeletionDoesNotConvertFatalPostCommitErrorsIntoOrdinaryWarnings	0.253	PASS
3	com.whip.app.DomainDeletionCoordinatorTest	routineDeletePreservesWorkoutAndWorkoutDeleteRebuildsDerivedState	0.707	PASS
3	com.whip.app.DomainDeletionCoordinatorTest	areaDeletionPostCommitFailuresReturnWarningsWithoutInvitingReplay	0.278	PASS
3	com.whip.app.DomainDeletionCoordinatorTest	machineDeleteRemovesOnlyProfileAndPreservesHistoricalMeaning	1.108	PASS
3	com.whip.app.DomainDeletionCoordinatorTest	exerciseDeletionRejectsAStaleDependencyPreview	0.281	PASS
3	com.whip.app.DomainDeletionCoordinatorTest	goalDeletionCancellationAfterCommitCarriesCommittedSummary	0.228	PASS
3	com.whip.app.DomainDeletionCoordinatorTest	machineDeleteRejectsAStaleImpactPreview	0.177	PASS
3	com.whip.app.DomainDeletionCoordinatorTest	goalDeletionReportsOrdinaryPostCommitFailuresAsWarnings	0.204	PASS
3	com.whip.app.DomainDeletionCoordinatorTest	workoutDeleteOwnsPostCommitReconciliationFailureAsAWarning	0.555	PASS
3	com.whip.app.DomainDeletionCoordinatorTest	promotionUndoReportsPostCommitCleanupFailureAndKeepsItsCommittedResult	0.404	PASS
3	com.whip.app.DomainDeletionCoordinatorTest	exerciseDeletionBlocksAnActiveWorkoutPlacement	0.281	PASS
3	com.whip.app.DomainDeletionCoordinatorTest	workoutDeleteRejectsRecordedHistoryChangedAfterPreview	0.661	PASS
3	com.whip.app.DomainDeletionCoordinatorTest	deletedNumberedMachineKeepsItsHistoricalStrengthDirection	1.073	PASS
3	com.whip.app.DomainDeletionCoordinatorTest	goalDeletionPreCommitFailurePreservesGoalAndReconcilesReminderState	0.228	PASS
3	com.whip.app.DomainDeletionCoordinatorTest	routineDeletionRejectsWorkoutHistoryAddedAfterPreview	0.587	PASS
3	com.whip.app.DomainDeletionCoordinatorTest	taskDeletionReportsPostCommitCleanupFailureWithoutClaimingTheDeleteFailed	0.306	PASS
3	com.whip.app.DomainDeletionCoordinatorTest	areaDeletionCancellationAfterCommitCarriesTheCommittedSummary	0.33	PASS
3	com.whip.app.DomainDeletionCoordinatorTest	routineDeletionBlocksItsActiveWorkout	0.279	PASS
3	com.whip.app.DomainDeletionCoordinatorTest	taskDeletionCancellationAfterCommitEscapesAndNeverRollsBackCommittedDelete	0.203	PASS
3	com.whip.app.DomainDeletionCoordinatorTest	goalDeleteRemovesOwnedMeasurementAndPreservesIndependentHabits	0.303	PASS
3	com.whip.app.DomainDeletionCoordinatorTest	reviewedGoalDisappearingBeforeDeleteFailsTruthfully	0.202	PASS
3	com.whip.app.DomainDeletionCoordinatorTest	exerciseDeleteDetachesOnlyThatExerciseFromSharedMachine	0.202	PASS
3	com.whip.app.ui.EditorDependencyUxTest	shortenedSharedDraftWarningIsReachableFromTheFocusedTitleAtLargeText	10.485	PASS
3	com.whip.app.ui.EditorDependencyUxTest	duplicateWeekdayReminderTimeDisablesAdd	5.548	PASS
3	com.whip.app.ui.EditorDependencyUxTest	smartCaptureHighlightsPreviewsAndAppliesEverySupportedDetailBeforeSave	11.674	PASS
3	com.whip.app.ui.EditorDependencyUxTest	datePickerShieldsPendingPersistenceAndKeepsAnInlineFailureRetryable	5.36	PASS
3	com.whip.app.ui.EditorDependencyUxTest	taskEditorChoosesAndSavesSharedIdentityEmoji	11.225	PASS
3	com.whip.app.ui.EditorDependencyUxTest	datePickerJumpUsesYearMonthDayWheelsAndClampsInvalidDays	9.669	PASS
3	com.whip.app.ui.EditorDependencyUxTest	repeatSettingsStayBetweenScheduleChoiceAndPlanningFields	14.682	PASS
3	com.whip.app.ui.EditorDependencyUxTest	duplicateGeneralReminderTimeDisablesAdd	2.815	PASS
3	com.whip.app.ui.EditorDependencyUxTest	dependentSettingsNoticeExplainsItsRelationshipToAccessibilityServices	2.819	PASS
3	com.whip.app.ui.EditorDependencyUxTest	datePickerHonorsWhipWeekStartAndExposesFullDateSemantics	4.308	PASS
3	com.whip.app.ui.EditorDependencyUxTest	pendingSubtaskIsDirtySurvivesCancelAndBelongsToSaveAndNewWithoutDuplicates	27.266	PASS
3	com.whip.app.ui.EditorDependencyUxTest	untouchedTaskTitleStaysNeutralUntilSaveExplainsTheRequirement	7.832	PASS
3	com.whip.app.ui.EditorDependencyUxTest	inboxPlacementIsVisibleAndCannotSaveHiddenReminderData	7.166	PASS
3	com.whip.app.ui.EditorDependencyUxTest	taskSchedulingSwitchesExposeTheirSettingNames	7.115	PASS
3	com.whip.app.ui.EditorDependencyUxTest	movingScheduledTaskToInboxPreviewsAndClearsConsequences	11.204	PASS
3	com.whip.app.ui.EditorDependencyUxTest	largeTextDatePickerUsesReachableWheelsAndFullHeightActions	8.109	PASS
3	com.whip.app.ui.EditorDependencyUxTest	datePickerSupportsSundayFirstAndReturnsTheExplicitSelection	6.217	PASS
3	com.whip.app.ui.EditorDependencyUxTest	optionalReminderStartsUnsetAndUnavailableCadenceExplainsHowToEnableIt	6.905	PASS
4	com.whip.app.EditorStateRecreationTest	machineEditorRetainsItsDraftAcrossRecreationAndClosesOnlyAfterSave	35.002	PASS
4	com.whip.app.EditorStateRecreationTest	dirtyHabitEditorSurvivesActivityRecreation	22.444	PASS
4	com.whip.app.EditorStateRecreationTest	dirtyTrackEditorIsRootOwnedAndSurvivesActivityRecreation	20.538	PASS
4	com.whip.app.EditorStateRecreationTest	dirtyGoalEditorSurvivesActivityRecreation	21.44	PASS
4	com.whip.app.EditorStateRecreationTest	dirtyRoutineEditorSurvivesActivityRecreation	21.81	PASS
4	com.whip.app.EditorStateRecreationTest	dirtyTaskEditorSurvivesActivityRecreation	22.052	PASS
4	com.whip.app.EditorStateRecreationTest	dirtyTaskEditorRequiresExplicitDiscardOnSystemBack	22.491	PASS
4	com.whip.app.EditorStateRecreationTest	taskEditorFooterAcceptsAPhysicalTapWhileTheImeIsOpen	20.922	PASS
4	com.whip.app.EditorStateRecreationTest	dirtyInlineSetSurvivesActivityRecreation	16.087	PASS
4	com.whip.app.EditorStateRecreationTest	categoryEditorRetainsItsDraftAcrossRecreationAndClosesOnlyAfterSave	28.626	PASS
4	com.whip.app.EditorStateRecreationTest	exerciseEditorRetainsItsDraftAcrossRecreationAndClosesOnlyAfterSave	25.252	PASS
4	com.whip.app.EditorStateRecreationTest	primaryEntityEditorsRequireExplicitDiscardOnBack	92.252	PASS
4	com.whip.app.EditorStateRecreationTest	dirtyExerciseEditorRequiresExplicitDiscardOnSystemBack	23.388	PASS
4	com.whip.app.EncryptedBackupCodecTest	authenticatedBackupRoundTripsWithoutPersistingPassphrase	3.171	PASS
4	com.whip.app.EncryptedBackupCodecTest	wrongPassphraseAndTamperingAreRejected	3.683	PASS
4	com.whip.app.EntityInspectorUiTest	taskInspectorKeepsIdentityNavigationAndPrimaryActionStable	6.45	PASS
4	com.whip.app.EntityInspectorUiTest	compactLargeTextInspectorKeepsOverviewAndOptionsDirect	8.936	PASS
4	com.whip.app.EntityInspectorUiTest	inspectorKeepsEverySectionDirectAndStable	6.415	PASS
4	com.whip.app.EntityInspectorUiTest	fixedInspectorFrameKeepsLongCenterContentScrollable	7.003	PASS
4	com.whip.app.EntityInspectorUiTest	taskSubtasksKeepCompletionTrailingSpacedAndResponsive	12.054	PASS
4	com.whip.app.ExecutionItemBuilderJourneyE2ETest	skippedSetKeepsItsMeaningThenRestoresLogsAndReopensInHistory	51.132	PASS
4	com.whip.app.FirstClassWorkflowE2ETest	workoutCanBeCreatedLoggedFinishedAndFoundInHistoryThroughTheRealUi	60.445	PASS
4	com.whip.app.FirstClassWorkflowE2ETest	trackCanBeDefinedPopulatedAndReopenedThroughTheRealUi	25.342	PASS
4	com.whip.app.FirstClassWorkflowE2ETest	editingAnEarlierSetDoesNotInvalidateTheActiveSetComposer	40.298	PASS
4	com.whip.app.FirstRunJourneyTest	recommendedSetupPersistsTheTwoCoreHomeSectionsWithoutAskingForPermissions	10.306	PASS
4	com.whip.app.FirstRunJourneyTest	customizationRetainsItsDraftThroughRecreationAndStartsWithTheChosenHome	32.978	PASS
4	com.whip.app.FiveThreeOneCycleReviewUiTest	changedEvidenceResetsAChoiceInsteadOfApplyingAnUnreviewedSuggestion	5.437	PASS
4	com.whip.app.FiveThreeOneCycleReviewUiTest	defaultsToStandardAndValidatesSuggestionAndCustomDecision	15.604	PASS
4	com.whip.app.FiveThreeOneCycleReviewUiTest	applyActionRemainsReachableAtTwoHundredPercentText	8.629	PASS
4	com.whip.app.FocusHomeJourneyE2ETest	androidFocusChannelRecoveryRefreshesTheCardAndRepublishesTheCountdown	36.625	PASS
4	com.whip.app.FocusHomeJourneyE2ETest	matchingNativeCompletionAcknowledgesForegroundOnceAndLeavesTaskOpen	17.036	PASS
4	com.whip.app.FocusHomeJourneyE2ETest	blockedChannelAndLongTitleKeepHomeControlsAndListUsableAtShortHeight	26.307	PASS
4	com.whip.app.FocusHomeJourneyE2ETest	lowHomeTaskStartPinsCountdownAndOpenStopSurviveRecreationAndAreaChange	37.718	PASS
4	com.whip.app.FocusTimeSelectionUiTest	taskClockLabelFollowsAndroid12And24HourPreference	3.467	PASS
4	com.whip.app.FocusTimeSelectionUiTest	customRejectsInvalidInputAndStartsExact37MinutesWithoutClosingDraft	14.37	PASS
4	com.whip.app.FocusTimeSelectionUiTest	gymCustomRestKeepsSecondsAndRejectsInvalidDuration	11.03	PASS
4	com.whip.app.FocusTimeSelectionUiTest	enlargedPresetsAndCustomControlRemainReachableWith48DpTargets	14.591	PASS
4	com.whip.app.FocusTimeSelectionUiTest	reminderCustomTimePreservesInvalidInputAndAddsExactOffsetAtLargeText	17.665	PASS
4	com.whip.app.FocusTimeSelectionUiTest	presetReplacementRequiresConsentBeforeStarting	10.153	PASS
4	com.whip.app.FocusTimeSelectionUiTest	replacementNamesCurrentTimerAndKeepRestoresCustomDraft	19.562	PASS
4	com.whip.app.FocusTimeSelectionUiTest	pendingStartBlocksControlsAndFailurePreservesDraftForRetry	9.228	PASS
4	com.whip.app.FocusTimeSelectionUiTest	presetsStartExactly15_30_45_60Minutes	8.205	PASS
4	com.whip.app.FocusTimeSelectionUiTest	cancelStartsNothingAndCustomDraftSurvivesRecreation	11.372	PASS
4	com.whip.app.FocusTimerCardUiTest	busyStopDisablesDuplicateActionsAndFailureKeepsRecovery	3.443	PASS
4	com.whip.app.FocusTimerCardUiTest	compactCardKeepsOpenStopAndAlertRecoveryReachableWithoutTickAnnouncements	7.541	PASS
4	com.whip.app.FocusTimerCardUiTest	dueSessionShowsCompletionWithoutNegativeTimeOrCompletingTheTask	5.06	PASS
5	com.whip.app.FocusTimerMutationIntegrationTest	failedCustomDurationRetainsTheExistingTimerAndAllowsAnExplicitCorrection	1.525	PASS
5	com.whip.app.FocusTimerMutationIntegrationTest	staleStopAcknowledgesNoChangeAndCurrentStopClearsTheDurablePair	1.513	PASS
5	com.whip.app.FocusTimerMutationIntegrationTest	confirmedStartUsesThirtyMinutesAndOnlyItsOwnerCanConsumeTheResult	0.824	PASS
5	com.whip.app.GlobalSearchRoutingTest	largeTextSearchRetainsQueryFiltersAndResultsAcrossRecreation	72.804	PASS
5	com.whip.app.GlobalSearchRoutingTest	everyNonTaskSearchDomainLandsOnTheExactActiveOrArchivedRecord	86.096	PASS
5	com.whip.app.GoalHabitPeriodJourneyE2ETest	emptyCollectionAndTodayOfferDirectCreationWithoutLosingNavigation	29.764	PASS
5	com.whip.app.GoalHabitPeriodJourneyE2ETest	legacyReductionKeepsObservationsWithoutInvertedPercentAndOffersCompletionOnlyBelowTarget	26.883	PASS
5	com.whip.app.GoalHabitPeriodJourneyE2ETest	finalCheckInRemainsInTodayAndHomeAfterRecreationAndLeavesOnTheNextLogicalDate	36.211	PASS
5	com.whip.app.GoalHabitPeriodJourneyE2ETest	finiteWeeklyAttainmentKeepsTwoWeeksAndOpenBoundedTargetRemainsPendingAfterRecreation	44.832	PASS
5	com.whip.app.GoalProgressJourneyE2ETest	datedTrendShowsItsMeasureAndEarlierDaysRemainReachable	30.784	PASS
5	com.whip.app.GoalProgressJourneyE2ETest	smallProgressStaysVisibleThroughHomeDetailsAndArchivedHistory	78.411	PASS
5	com.whip.app.GoalProgressJourneyE2ETest	backfilledGoalHistoryKeepsTheLaterObservationCurrentAfterRecreation	28.833	PASS
5	com.whip.app.GoalProgressJourneyE2ETest	tinyAndNearlyCompleteGoalsRemainDistinctFromTheirEndpoints	51.671	PASS
5	com.whip.app.GoalProgressJourneyE2ETest	windowedInsightsMatchCurrentProgressAndRetainExcludedHistory	28.822	PASS
5	com.whip.app.GoalProgressJourneyE2ETest	milestoneInsightsDescribeWeightedProgressAndRetainClosedOutcome	30.745	PASS
5	com.whip.app.GoalProgressJourneyE2ETest	poundGoalTrendValuesTargetsAndRatesKeepTheirSelectedUnit	24.762	PASS
5	com.whip.app.GoalProgressJourneyE2ETest	savedGoalCompletionKeepsCardFourSecondsAndTapOnlyDismissesCard	47.154	PASS
5	com.whip.app.GoalRepositoryTest	closedOutcomeKindCannotBeReinterpretedByDefinitionEdit	1.088	PASS
5	com.whip.app.GoalRepositoryTest	reorderNormalizesOmittedCompletedGoalsWithoutDuplicatePositions	0.684	PASS
5	com.whip.app.GoalRepositoryTest	cumulativeGoalStoresBackdatedContributions	0.329	PASS
5	com.whip.app.GoalRepositoryTest	consistencyKeepsItsOwnPeriodAndDropsTheUnrelatedAggregationWindow	0.177	PASS
5	com.whip.app.GoalRepositoryTest	changingGoalDisplayUnitDoesNotRelabelOrResaveHistoricalEntry	0.203	PASS
5	com.whip.app.GoalRepositoryTest	goalTypeOwnsCalculationDirectionAndDeadlinePace	0.153	PASS
5	com.whip.app.GoalRepositoryTest	milestonesAreActiveOnlyAndSameStatePreservesTimestamp	0.506	PASS
5	com.whip.app.GoalRepositoryTest	customUnitTargetsEntriesAndDisplayShareOneCanonicalScale	0.328	PASS
5	com.whip.app.GoalRepositoryTest	numericGoalsRequireFiniteTargets	0.051	PASS
5	com.whip.app.GoalRepositoryTest	closedOrArchivedGoalsCannotBeNewlyPinnedButConnectedPinsCanBeRemoved	0.077	PASS
5	com.whip.app.GoalRepositoryTest	elapsedResetWritesImmutableHistoryAndNoOpDoesNotDuplicate	0.127	PASS
5	com.whip.app.GoalRepositoryTest	milestoneStateAndCompletedStatusPersist	0.102	PASS
5	com.whip.app.GoalRepositoryTest	closureSnapshotsFreezeOutcomeSurviveReopenAndArchiveIsOrthogonal	0.202	PASS
5	com.whip.app.GoalRepositoryTest	closedAndArchivedHistoryCanBeCorrectedWithoutRewritingClosure	0.328	PASS
5	com.whip.app.GoalRepositoryTest	milestoneInsertReorderAndRemovalPreserveStableIdentity	0.383	PASS
5	com.whip.app.GoalRepositoryTest	progressRejectsNonFiniteFutureAndStaleEntryWrites	0.455	PASS
5	com.whip.app.GoalRepositoryTest	elapsedGoalPersistsCompositeDisplayRejectsMeasurementsAndResetsExactStart	0.356	PASS
5	com.whip.app.GoalRepositoryTest	exactBoundariesRejectStaleDefinitionButProgressIgnoresUnrelatedPinChange	0.331	PASS
5	com.whip.app.GymLegacyRetirementJourneyE2ETest	interruptedLegacyWorkoutRetainsReviewThenConvertsOnlyFutureTemplate	20.056	PASS
5	com.whip.app.GymLibraryJourneyE2ETest	exerciseAndCategoryEditsReorderAndArchivePreserveLinksAndHistory	81.504	PASS
5	com.whip.app.GymLibraryJourneyE2ETest	equipmentSearchAndFilterIncludeEveryLinkedExercise	42.372	PASS
5	com.whip.app.GymLibraryJourneyE2ETest	overviewFinishReviewsRemainingWorkAndOpensExactHistory	35.454	PASS
5	com.whip.app.GymLibraryJourneyE2ETest	routineSearchRestoresScopeAndLaunchesTheExplicitDay	52.886	PASS
5	com.whip.app.GymLibraryJourneyE2ETest	emptySearchCanRecoverWithoutReopeningFilters	35.314	PASS
5	com.whip.app.GymLibraryJourneyE2ETest	populatedInsightsReturnsFromExactSourceWithRangeExerciseAndPointRetained	45.198	PASS
5	com.whip.app.GymLibraryJourneyE2ETest	crossUnitSavedPlatePresetConvertsAuthoredTargetAndRestoresItsHardware	38.71	PASS
5	com.whip.app.GymLibraryJourneyE2ETest	emptyWorkoutCreateExerciseAddsOneReusablePlacementAndSetAcrossRecreation	54.853	PASS
5	com.whip.app.GymLibraryJourneyE2ETest	repeatedSetsAndCompletedCorrectionKeepWorkoutContext	57.77	PASS
5	com.whip.app.GymLibraryJourneyE2ETest	workoutOverviewPreservesChosenDraftAndOwnedDetailsCorrection	107.141	PASS
5	com.whip.app.GymLibraryJourneyE2ETest	historicalSetCorrectionPreservesBothSessionsAndRejectsAStaleEdit	44.11	PASS
5	com.whip.app.GymLibraryJourneyE2ETest	workoutLoggingPrecedesAdministrationAndOptionsRetainActionsAndTotals	20.736	PASS
5	com.whip.app.GymLibraryJourneyE2ETest	emptyHistoryCalendarReturnsToCurrentCollection	30.102	PASS
5	com.whip.app.GymLibraryJourneyE2ETest	machineEditArchiveAndNewVersionKeepCompletedWorkoutSnapshots	75.47	PASS
5	com.whip.app.GymPhasedRoutineJourneyE2ETest	routineStartsFromLibraryAndShowsItsActualPhaseInWorkout	24.253	PASS
5	com.whip.app.GymPowerInputUiTest	repSpecificProgressRequiresVisibleValidRepetitions	17.504	PASS
5	com.whip.app.GymPowerInputUiTest	progressWithoutCompletedWorkoutsDoesNotShowInventedTrendControls	3.417	PASS
5	com.whip.app.GymPowerInputUiTest	numberedMachineDefaultsToCompactOneThroughTenRangeAndIncrement	12.231	PASS
5	com.whip.app.GymPowerInputUiTest	previousSetSuggestionPopulatesPrimaryInputs	4.92	PASS
5	com.whip.app.GymPowerInputUiTest	previousWeightUsesConvertedEntryAndEffortPrecedesCompletion	16.724	PASS
5	com.whip.app.GymPowerInputUiTest	exerciseDeleteDialogKeepsStaleImpactFailureInlineAndRetryable	11.485	PASS
5	com.whip.app.GymPowerInputUiTest	missingRoutineDeletionTargetIsAnnouncedAndCannotBeDeleted	6.311	PASS
5	com.whip.app.GymPowerInputUiTest	routineDeleteDialogBlocksActiveSourceAndKeepsWorkoutAndTrainingMaxHistory	6.06	PASS
5	com.whip.app.GymPowerInputUiTest	setDetailsKeepsMalformedOptionalTextThroughRestoreAndDiscardReview	31.873	PASS
5	com.whip.app.GymPowerInputUiTest	chartPointsRetainExactWorkoutAndSeriesIdentity	30.518	PASS
5	com.whip.app.GymPowerInputUiTest	missingExerciseDeletionTargetOffersCloseInsteadOfDestructiveRetry	4.838	PASS
5	com.whip.app.GymPowerInputUiTest	quickSetEntryPresentsInputsBeforeItsPrimarySaveAction	3.2	PASS
5	com.whip.app.GymPowerInputUiTest	populatedHistoryCalendarKeepsDatesAndCountsReadableAtNativeLargeText	10.544	PASS
5	com.whip.app.GymPowerInputUiTest	exerciseInspectorDefaultsFollowMeasurementCapabilities	9.02	PASS
5	com.whip.app.GymPowerInputUiTest	workoutHistoryCardUsesOneStableActionPerExerciseAndMovesSecondaryActionsToMenu	10.149	PASS
5	com.whip.app.GymPowerInputUiTest	completedSetsStayQuietUntilTheUserExpandsThem	6.05	PASS
5	com.whip.app.GymPowerInputUiTest	exerciseEditorExplainsInvalidDefaultsAndDoesNotSubmitThem	22.481	PASS
5	com.whip.app.GymPowerInputUiTest	substitutingAnExerciseWithSavedSetsDisclosesReplacementBeforeOpeningPicker	6.888	PASS
5	com.whip.app.GymPowerInputUiTest	durationExerciseBasicsOmitLoadAndCancelKeepsAuthoredValuesUnsaved	10.307	PASS
5	com.whip.app.GymPowerInputUiTest	archivedHistoryFiltersKeepOlderTrainingMaxChangesReachable	17.064	PASS
5	com.whip.app.GymPowerInputUiTest	pristineQuickSetDefersRequiredErrorsUntilCompletionAttempt	6.666	PASS
5	com.whip.app.GymPowerInputUiTest	durationExerciseOnlyShowsApplicableAdvancedOptionsAndRepairsItsGraphDefault	10.304	PASS
5	com.whip.app.GymPowerInputUiTest	compactActiveLaneLeavesRoomForSetEntryAtNativeLargeText	15.007	PASS
5	com.whip.app.GymPowerInputUiTest	groupedWorkoutExercisesMoveAsABlockAndReorderWithinTheirGroup	6.157	PASS
5	com.whip.app.GymPowerInputUiTest	groupedExerciseUsesOneClearHeaderAndCanRemoveItsDesignation	8.107	PASS
5	com.whip.app.GymPowerInputUiTest	pendingRestPresetSurvivesDiscardReviewFailureAndRestoreUntilConfirmedReceipt	29.282	PASS
5	com.whip.app.GymPowerInputUiTest	destructiveFailureStaysInReviewAndCancelClearsItsOwnedError	9.543	PASS
5	com.whip.app.GymPowerInputUiTest	workoutLaunchpadKeepsExactChoicesAtLargeText	13.062	PASS
5	com.whip.app.GymPowerInputUiTest	machineDraftSurvivesCreatingAndLinkingAnExerciseAndSavesReverseLevels	25.976	PASS
5	com.whip.app.GymPowerInputUiTest	restAlertExplainsBlockedCurrentChannel	27.742	PASS
5	com.whip.app.GymPowerInputUiTest	largeMachineLibraryKeepsProfileLookupAndArchiveScopeClear	33.926	PASS
5	com.whip.app.GymPowerInputUiTest	convertingExerciseToPoundsUsesPoundHardwareRatherThanConvertedDecimals	10.976	PASS
5	com.whip.app.GymPowerInputUiTest	quickSetShowsOnlyOneEffortScaleWhenConnectedPreferencesEnableBoth	2.556	PASS
5	com.whip.app.GymPowerInputUiTest	genericGroupNamesNeverRepeatOrConflictWithTheSelectedType	3.636	PASS
5	com.whip.app.GymPowerInputUiTest	quickSetKeepsItsDraftAndBoundaryThroughStateRestoration	8.716	PASS
5	com.whip.app.GymPowerInputUiTest	exerciseBasicsPrecedeSearchableCategoriesAndRestoreSelection	32.361	PASS
5	com.whip.app.GymPowerInputUiTest	routineEditReconstructionPreservesAdvancedProgrammingFields	5.621	PASS
5	com.whip.app.GymPowerInputUiTest	workoutOverviewKeepsLongExerciseNamesAndFinishReachableAtLargeText	12.367	PASS
5	com.whip.app.GymPowerInputUiTest	trackedMachineRecordDraftSurvivesRecreationAndOpensItsSource	21.436	PASS
5	com.whip.app.GymPowerInputUiTest	machineDeleteDialogExplainsPreservedHistoryAndBlocksActiveUse	8.524	PASS
5	com.whip.app.GymPowerInputUiTest	progressChoosesPerformedExerciseAndRefreshesExactSourceAfterDataChange	11.887	PASS
5	com.whip.app.GymPowerInputUiTest	restoredUnverifiedMissingExerciseKeepsRetryVerificationInsteadOfAbandoningRecovery	4.612	PASS
5	com.whip.app.GymPowerInputUiTest	restTimerStacksActionsAtLargeTextAndNamesEveryAction	3.632	PASS
5	com.whip.app.GymPowerInputUiTest	passiveWorkoutSetCardSeparatesIdentityValuesStatusAndTargetAtLargeText	5.316	PASS
5	com.whip.app.GymPowerInputUiTest	workoutHistoryExplainsReplacementAndUnperformedSetOutcome	5.385	PASS
5	com.whip.app.GymPowerInputUiTest	requiredMainSetUsesExplicitNotPerformedWarningInsteadOfGenericRemoval	10.238	PASS
5	com.whip.app.GymPowerInputUiTest	historicalSetCardSharesActiveHierarchyAndInsetsAtLargeText	5.129	PASS
5	com.whip.app.GymPowerInputUiTest	captureRestDurationCatalog	7.728	PASS
5	com.whip.app.GymPowerInputUiTest	archivedExerciseKeepsWeeklyVolumeAndHistoricalEnteredUnits	14.206	PASS
5	com.whip.app.GymPowerInputUiTest	readyRestTimerMakesWorkoutScopedDurationDiscoverableAndUsesIt	19.974	PASS
5	com.whip.app.GymPowerInputUiTest	quickDistanceKeepsSavedUnitWhenPreferenceChanges	6.762	PASS
5	com.whip.app.GymPowerInputUiTest	captureWorkoutComponentCatalog	31.213	PASS
5	com.whip.app.GymPowerInputUiTest	activeWorkoutUsesOneFocusedComposerWithExerciseAndSetReordering	3.036	PASS
5	com.whip.app.GymPowerInputUiTest	machineDeleteDialogMakesAnUnverifiedOutcomeRetryableAtNarrowLargeText	10.751	PASS
5	com.whip.app.GymPowerInputUiTest	exerciseDeleteDialogBlocksActiveUseAndPreservesTrainingMaxAuditHistory	11.921	PASS
5	com.whip.app.GymPowerInputUiTest	machineCanBeSavedWithoutExercises	12.27	PASS
5	com.whip.app.GymRepositoryTest	emptyLibraryThenThreeByEightAtEightyKgPersists	1.241	PASS
5	com.whip.app.GymRepositoryTest	archivingExerciseRetainsWorkoutHistory	0.287	PASS
5	com.whip.app.GymRepositoryTest	regroupingOneMemberKeepsTheSurvivingOldGroupContiguous	1.04	PASS
5	com.whip.app.GymRepositoryTest	deletingAWorkoutExerciseDissolvesItsRemainingSingletonGroup	0.988	PASS
5	com.whip.app.GymRepositoryTest	discardedWorkoutCanBeRestoredWithItsHistory	0.718	PASS
5	com.whip.app.GymRepositoryTest	createAndAuthorRequestsReplayWithoutDuplicatingCatalogExercises	1.235	PASS
5	com.whip.app.GymRepositoryTest	substitutingAfterCompletedSetStillReplacesPlacementAndSnapshotsNewMachine	1.318	PASS
5	com.whip.app.GymRepositoryTest	poundsNormalizeAndSetDeleteCanBeUndone	1.166	PASS
5	com.whip.app.GymRepositoryTest	staleUngroupCannotDetachExerciseFromAReplacementGroup	1.216	PASS
5	com.whip.app.GymRepositoryTest	quickSaveAcceptsAnUnrelatedEarlierSetEditInTheSameWorkout	0.786	PASS
5	com.whip.app.GymRepositoryTest	restTimerAdjustmentsPreserveTheDisplayedSecondCount	0.127	PASS
5	com.whip.app.GymRepositoryTest	arrangementRetainsTombstoneSlotAndUndoRestoresWithoutDuplicatePositions	0.509	PASS
5	com.whip.app.GymRepositoryTest	staleArrangementCannotOverwriteAGroupCreatedAfterReview	0.403	PASS
5	com.whip.app.GymRepositoryTest	workoutRestOverrideControlsAutomaticRestWithoutChangingExerciseDefault	0.227	PASS
5	com.whip.app.GymRepositoryTest	substitutingBeforeAnyCompletedSetRetiresPlacementAndPreservesItsDraftOutcome	0.302	PASS
5	com.whip.app.GymRepositoryTest	layoutUndoPreservesNewSetValuesButRejectsLaterStructuralAuthorshipAtomically	0.807	PASS
5	com.whip.app.GymRepositoryTest	terminalSessionKeepsTimerCleanupPendingUntilSchedulerAcknowledgesIt	0.311	PASS
5	com.whip.app.GymRepositoryTest	freshLevelSetsUseProfileScopedHistoryThenPlacementAndConfiguredEndpoints	1.966	PASS
5	com.whip.app.GymRepositoryTest	removingAGroupMemberKeepsAValidPairThenDissolvesTheLastSingleton	1.058	PASS
5	com.whip.app.GymRepositoryTest	exactSubstitutionRequestIsIdempotentWithoutRewritingRetainedSourceHistory	0.792	PASS
5	com.whip.app.GymRepositoryTest	activeSessionAndTimerDeadlineAreStoredData	0.279	PASS
5	com.whip.app.GymRepositoryTest	defaultAndDuplicatedWorkoutsSnapshotTheClockDateAndZoneWithoutRewritingHistory	0.227	PASS
5	com.whip.app.GymRepositoryTest	copyingAnExerciseWithoutAnActiveWorkoutUsesTheClockDateAndZone	0.53	PASS
5	com.whip.app.GymRepositoryTest	explicitHistoricalStartDerivesItsPhysicalDateInTheChosenZone	0.127	PASS
5	com.whip.app.GymRepositoryTest	machineAssignmentRollsBackCreationAndCannotRetargetRemovedSetHistory	0.681	PASS
5	com.whip.app.GymRepositoryTest	perHandAndPerSideLoadsNormalizeOnceAndKeepPlacementMeaning	0.43	PASS
5	com.whip.app.GymRepositoryTest	groupRequestReplayIsIdempotentButChangedPayloadWithSameIdentityFailsClosed	0.613	PASS
5	com.whip.app.GymRepositoryTest	restTimerDeliveryCompletesOnlyTheExactScheduledRevisionAndDeadline	0.303	PASS
5	com.whip.app.GymRepositoryTest	historyCopyRejectsAnActiveTargetChangedAfterReviewWithoutWrites	1.041	PASS
5	com.whip.app.GymRepositoryTest	historicalSetEditingUsesPlacementTrackingAndEnteredUnitSnapshots	0.479	PASS
5	com.whip.app.GymRepositoryTest	historyCopyUsesExactSourceAndTargetAuthorshipAndReplaysOnce	0.58	PASS
5	com.whip.app.GymRepositoryTest	optionalSkipAndUndoRequireTheExactReviewedTombstone	0.655	PASS
5	com.whip.app.GymRepositoryTest	databaseRejectsASecondActiveWorkoutEvenWhenRepositoryChecksAreBypassed	0.127	PASS
5	com.whip.app.GymRepositoryTest	machineCanBeCreatedUnattachedThenLinkedToMultipleExercises	0.228	PASS
5	com.whip.app.GymRepositoryTest	poundEquipmentAndMachineStackValuesPersistWithoutDisplayRounding	0.178	PASS
5	com.whip.app.GymRepositoryTest	normalizationRepairsConnectedSplitAndSingletonWorkoutGroups	1.525	PASS
5	com.whip.app.GymRepositoryTest	regroupingDissolvesTheOldSingletonAndKeepsTheNewGroupContiguous	1.092	PASS
5	com.whip.app.GymRepositoryTest	finishRejectsAWorkoutGraphThatChangedAfterReview	1.169	PASS
5	com.whip.app.GymRepositoryTest	addedLoadCanRepresentNegativeAssistanceWithoutLosingRawEntry	0.278	PASS
5	com.whip.app.GymRepositoryTest	exerciseDefaultsRejectInvalidRestAndPlateValuesBeforePersistence	0.103	PASS
5	com.whip.app.GymRepositoryTest	workoutSnapshotPairsAnInitialSetWithItsCommittedSessionRevision	0.256	PASS
5	com.whip.app.GymRepositoryTest	discardRejectsAWorkoutChangedAfterConfirmationReview	1.471	PASS
5	com.whip.app.GymRepositoryTest	groupingNonAdjacentExercisesPersistsOneContiguousBlock	0.631	PASS
5	com.whip.app.GymRepositoryTest	duplicatedWorkoutStartsWithCleanTimerAndProgressionState	0.281	PASS
5	com.whip.app.GymRepositoryTest	quickSaveCommitsSetAppendTimerAndRevisionAsOneReviewedMutation	0.757	PASS
5	com.whip.app.GymRepositoryTest	uniqueMachinesKeepOrdinalAndMassLoadsSemanticallySeparate	1.039	PASS
5	com.whip.app.GymRepositoryTest	resumedWorkoutClearsOldEndAndCanFinishAgain	0.458	PASS
5	com.whip.app.GymRepositoryTest	concurrentQuickSavesAdmitOnlyOneCommitForTheReviewedBoundary	0.76	PASS
5	com.whip.app.GymRepositoryTest	repositoryCanonicalizesFieldsHiddenByExerciseAndMachineTypes	0.281	PASS
5	com.whip.app.GymRepositoryTest	duplicateWorkoutExcludesEmptyRetiredPlacementsAndReusesRetainedPerformedWork	1.563	PASS
5	com.whip.app.GymRepositoryTest	noOpStructureRepairDoesNotRewriteRowsOrAdvanceWorkoutRevision	0.733	PASS
5	com.whip.app.GymRepositoryTest	exactAddRequestIsIdempotentAndAStaleDifferentRequestWritesNothing	0.557	PASS
6	com.whip.app.GymWorkspaceConsistencyUiTest	libraryChildrenAndEmptyInsightsKeepContextAndReturnActionsAtLargeText	41.476	PASS
6	com.whip.app.GymWorkspaceConsistencyUiTest	libraryChildrenAndEmptyInsightsKeepContextAndReturnActions	38.363	PASS
6	com.whip.app.HabitDeletionCoordinatorTest	missingAndMismatchedTargetsFailClosed	0.455	PASS
6	com.whip.app.HabitDeletionCoordinatorTest	changedTimerHistoryRejectsTheStaleReviewWithoutDeletingAnything	0.379	PASS
6	com.whip.app.HabitDeletionCoordinatorTest	cancellationAfterCommitCarriesTheSummaryAndCannotInviteReplay	0.33	PASS
6	com.whip.app.HabitDeletionCoordinatorTest	postCommitReminderFailureReturnsACommittedWarningAndReconciliation	0.435	PASS
6	com.whip.app.HabitDeletionCoordinatorTest	previewAndSummaryCoverTheCompleteCascadedHabitGraph	0.793	PASS
6	com.whip.app.HabitRepositoryTest	customVolumeUnitUsesItsCanonicalConversionFactor	0.355	PASS
6	com.whip.app.HabitRepositoryTest	rebootRequiresReviewBeforeLoggingAndCanContinueFromConfirmedDuration	0.538	PASS
6	com.whip.app.HabitRepositoryTest	archiveRetainsHistoryAndUndoRemovesBothRepresentations	0.413	PASS
6	com.whip.app.HabitRepositoryTest	userDefinedEightCountHabitStoresSixIndependentIncrements	0.335	PASS
6	com.whip.app.HabitRepositoryTest	customMassUnitUsesKilogramsAsItsCanonicalBase	0.152	PASS
6	com.whip.app.HabitRepositoryTest	checklistPersistenceDiscardsIrrelevantNumericQuickAdds	0.127	PASS
6	com.whip.app.HabitRepositoryTest	fiveMinuteTimerWritesMinutesAndCanonicalSecondsExactlyOnce	0.177	PASS
6	com.whip.app.HabitRepositoryTest	archivedChecklistHistoryDoesNotCompleteTheRemainingActiveChecklist	0.203	PASS
6	com.whip.app.HabitRepositoryTest	reorderNormalizesOmittedArchivedHabitsWithoutDuplicatePositions	0.303	PASS
6	com.whip.app.HabitRepositoryTest	checkOffCanBeToggledWithoutLeavingAZeroLog	0.285	PASS
6	com.whip.app.HabitRepositoryTest	runningTimerBlocksArchivePauseAndIncompatibleEdit	0.23	PASS
6	com.whip.app.HabitRepositoryTest	androidTimerClockProvidesMonotonicBootOwnedReadings	0.001	PASS
6	com.whip.app.HabitRepositoryTest	aRealCheckInClearsSkipAndFailedCheckOffDoesNotInventValueOne	0.379	PASS
6	com.whip.app.HabitRepositoryTest	skipUndoRequiresAnExistingExactRecord	0.232	PASS
6	com.whip.app.HabitRepositoryTest	historyDeletionRejectsTheWrongHabitOwnerWithoutRemovingAnything	0.414	PASS
6	com.whip.app.HabitRepositoryTest	scheduledPausesCanBeCreatedEditedMadeOpenEndedAndDeleted	0.343	PASS
6	com.whip.app.HabitRepositoryTest	futureHistoryEditsRejectBeforeChangingQuantitativeOrNoteOnlyFacts	0.648	PASS
6	com.whip.app.HabitRepositoryTest	settingCustomUnitTotalUsesStoredConversionsAndNoOpsWhenUnchanged	0.51	PASS
6	com.whip.app.HabitRepositoryTest	scheduledPauseMutationsRejectInvalidOrMissingTargets	0.23	PASS
6	com.whip.app.HabitRepositoryTest	notificationIncrementSourceIsIdempotentAcrossRetry	0.303	PASS
6	com.whip.app.HabitRepositoryTest	checklistInsertReorderAndRemovalPreserveItemCompletionIdentity	0.41	PASS
6	com.whip.app.HabitRepositoryTest	customUnitVersionArchivesOldMeaningWithoutReinterpretingHistory	0.359	PASS
6	com.whip.app.HabitRepositoryTest	skipIsASeparateOccurrenceThatNeverCreatesAMeasurement	0.316	PASS
6	com.whip.app.HabitRepositoryTest	settingDisplayedDecimalTotalDoesNotCreateMicroscopicCorrectionLog	0.254	PASS
6	com.whip.app.HabitRepositoryTest	checklistOnlyAutoCompletesAfterTheFinalItem	0.618	PASS
6	com.whip.app.HabitRepositoryTest	historicalNullAndFailedFactsSurviveCompatibleCurrentModeChanges	0.638	PASS
6	com.whip.app.HabitRepositoryTest	invalidSourcesAndUnavailableHabitsRejectNewProgress	0.545	PASS
6	com.whip.app.HabitRepositoryTest	noteOnlyLogsTransitionToNumbersAndBackWithoutInventingMeasurements	0.721	PASS
6	com.whip.app.HabitRepositoryTest	repositoryPersistsOnlyTheControlsEnabledByTheHabitConfiguration	0.184	PASS
6	com.whip.app.HabitRepositoryTest	settingAPeriodValueUsesTheAuthoritativeStoredTotalInsteadOfAStaleProjection	0.668	PASS
6	com.whip.app.HabitRepositoryTest	competingStartRequestIsConsumedAndCannotStartLater	0.407	PASS
6	com.whip.app.HabitRepositoryTest	editingHabitLogKeepsBackingMeasurementOwnedByHabitWrapper	0.517	PASS
6	com.whip.app.HabitRepositoryTest	timerUsesSnapshottedCustomDurationUnitAndRejectsStaleStop	0.566	PASS
6	com.whip.app.HabitRepositoryTest	changingHabitDisplayUnitDoesNotRelabelOrResaveHistoricalEntry	0.519	PASS
6	com.whip.app.HabitRepositoryTest	optionalHabitNotesDoNotRelaxQuantitativeMeasurementValidation	0.583	PASS
6	com.whip.app.HabitRepositoryTest	settingHighMagnitudeTotalNeverTreatsARealChangeAsFloatingNoise	0.357	PASS
6	com.whip.app.HabitRepositoryTest	historyAndPauseUpdatesRejectTheWrongHabitOwnerWithoutMutation	0.278	PASS
6	com.whip.app.HabitRepositoryTest	checklistCanKeepItemsIndependentAndUseManualParentCompletion	0.152	PASS
6	com.whip.app.HabitRepositoryTest	logCanBeBackdatedAndEditedWithoutChangingItsIdentity	0.129	PASS
6	com.whip.app.HabitRepositoryTest	invalidEndConditionsAreRejectedAndIrrelevantFieldsAreCleared	0.102	PASS
6	com.whip.app.HabitSkipJourneyE2ETest	homeProgressKeepsSkippedHabitsNeutralAcrossRecreationAndUndo	13.581	PASS
6	com.whip.app.HabitSkipJourneyE2ETest	completedHabitMovesBelowRemainingHabitsAndStaysAvailableForUndo	16.811	PASS
6	com.whip.app.HabitSkipJourneyE2ETest	completingExpandedChecklistKeepsDoneCollapsedAndCollapsesTheMovedHabit	17.113	PASS
6	com.whip.app.HabitSkipJourneyE2ETest	skipIsOneVisibleNeutralStateWithHistoryInsightsAndUndo	24.563	PASS
6	com.whip.app.HomeHabitAudit2UiTest	homeSummaryDistinguishesTargetlessRecordsAtLargeText	6.915	PASS
6	com.whip.app.HomeHabitAudit2UiTest	futureHistoryDateRetainsDraftAndOffersReachableCorrection	15.128	PASS
6	com.whip.app.HomeHabitAudit2UiTest	habitUnitChangesSaveConvertedConfigurationAndRetainOriginalHistory	24.121	PASS
6	com.whip.app.HomeHabitAudit2UiTest	historicalNoteEditingPreservesFailedAndModeChangedFacts	13.654	PASS
6	com.whip.app.HomeHabitAudit2UiTest	currentPauseKeepsCompletedMissedAndDatedNeutralHistoryVisible	6.027	PASS
6	com.whip.app.HomeHabitAudit2UiTest	existingHabitOnlyOffersCompatibleMeasurementChanges	9.955	PASS
6	com.whip.app.HomeHabitAudit2UiTest	invalidTaskDurationIsRetainedInsteadOfSilentlyReinterpreted	23.59	PASS
6	com.whip.app.HomeHabitAudit2UiTest	customUnitHistoryKeepsTheAuthoredUnitWhileCurrentEntryUsesCurrentUnit	7.569	PASS
6	com.whip.app.HomeHabitAudit2UiTest	secondaryHabitDraftsSurviveDismissalAndRecreation	34.316	PASS
6	com.whip.app.HomeHabitRecoveryUiTest	offScheduleHabitsOpenSavedCollectionAtLargeText	12.948	PASS
6	com.whip.app.HomeHabitRecoveryUiTest	taskFiltersShowLiveMatchCountForSavedViewsAndResetDrafts	26.548	PASS
6	com.whip.app.HomeHabitRecoveryUiTest	habitInsightsShowRealActivityAndOpenThatHabitsHistory	26.049	PASS
6	com.whip.app.HomeHabitRecoveryUiTest	firstHabitStillOffersTemplates	11.216	PASS
6	com.whip.app.HomeHabitRecoveryUiTest	emptyAreaCanRecoverExistingHabitsWithoutCreatingDuplicates	9.252	PASS
6	com.whip.app.HomeHabitRecoveryUiTest	denseTaskCalendarKeepsDateAndCountsLegibleAtLargeText	19.789	PASS
6	com.whip.app.HomeHabitRecoveryUiTest	calendarExplainsClearDayAndBoundsLoadedPlanningWindow	37.456	PASS
6	com.whip.app.HomeHabitRecoveryUiTest	emptyHomeAreaRecoversExistingDataWithoutFirstUseGuidance	12.296	PASS
6	com.whip.app.HomeHabitRecoveryUiTest	filteredHomeKeepsRecoveryReachableAndRestoresSavedTasksAtLargeText	12.454	PASS
6	com.whip.app.HomeHabitRecoveryUiTest	manyTaskFiltersKeepTheResultsViewportReachableAtLargeText	20.866	PASS
6	com.whip.app.HomeHabitRecoveryUiTest	addingNoteAfterNumericLogDoesNotRepeatItsAmount	19.431	PASS
6	com.whip.app.ImeNavigationRailE2ETest	openingTheImeDoesNotMovePersistentNavigationOnAWideLayout	30.516	PASS
6	com.whip.app.InlineTaskCaptureE2ETest	inlineTaskDraftSurvivesRecreationAndSavesWithTheNativeKeyboardAtLargeText	36.462	PASS
6	com.whip.app.InlineTaskCaptureE2ETest	inlineTaskDraftSurvivesRecreationAndSavesWithTheNativeKeyboard	33.819	PASS
6	com.whip.app.LargeHistorySnapshotTest	replacingHistoryWhileReadingMultipleCursorWindowsKeepsSnapshotsCoherent	14.758	PASS
6	com.whip.app.LegacyHealthHistoryTest	retirementPreservesCompleteProjectedAndManualHistoryAndAllowsNewCheckIns	0.866	PASS
6	com.whip.app.LegacyHealthHistoryTest	installedAppHasNoHealthPermissionsActivitiesOrSdk	0.026	PASS
6	com.whip.app.LegacyHealthHistoryTest	interruptedRetirementRollsBackAllHabitsAndLogsThenRetriesExactlyOnce	0.736	PASS
6	com.whip.app.LegacyHealthHistoryTest	anEmptyRetiredSourceBecomesManualWithoutInventingHistory	0.504	PASS
6	com.whip.app.LegacyHealthHistoryTest	oldBackupsRestoreAndMergeHistoryWithoutRestoringTheSourceLink	1.317	PASS
7	com.whip.app.LegacyImportJourneyE2ETest	restoredHabitContinuesManuallyAndSettingsFocusOnLocalData	43.1	PASS
7	com.whip.app.MeasurementTaxonomyRepositoryTest	taxonomyRenamesAdvanceRevisionsAndRebuildTrackSearch	1.121	PASS
7	com.whip.app.MeasurementTaxonomyRepositoryTest	archiveRestoreAndMoveAffectTaxonomyWithoutChangingRecords	0.483	PASS
7	com.whip.app.MeasurementTaxonomyRepositoryTest	explicitCreateOrRestoreRestoresTheSameTagIdentity	0.253	PASS
7	com.whip.app.MeasurementTaxonomyRepositoryTest	measurementRecordsUseTheRepositoryClockZoneUnlessAnExplicitProvenanceZoneIsSupplied	0.202	PASS
7	com.whip.app.MeasurementTaxonomyRepositoryTest	creatingAnArchivedAreaNameRestoresTheSameIdentityAndPreservesItsColor	0.203	PASS
7	com.whip.app.MeasurementTaxonomyRepositoryTest	tagRenameConflictRequiresAnExplicitMergeAndPreservesBothTags	0.051	PASS
7	com.whip.app.MeasurementTaxonomyRepositoryTest	permanentAreaDeleteMovesEveryAssignedItemToAnotherArea	0.127	PASS
7	com.whip.app.MeasurementTaxonomyRepositoryTest	renameConflictNamesAnArchivedDestinationThatMustBeRestored	0.102	PASS
7	com.whip.app.MeasurementTaxonomyRepositoryTest	blankAssignmentsDefaultToMainAndCanMoveBetweenAreas	0.152	PASS
7	com.whip.app.MeasurementTaxonomyRepositoryTest	areaAndTagMergeUpdateEveryDomainWithTargetSpellingAndNoDuplicates	0.126	PASS
7	com.whip.app.MeasurementTaxonomyRepositoryTest	ensuringAnArchivedTagReusesItsIdentityWithoutSilentlyRestoringIt	0.052	PASS
7	com.whip.app.MeasurementTaxonomyRepositoryTest	tagNamesRejectTheCommaReservedByCurrentPersistence	0.076	PASS
7	com.whip.app.MeasurementTaxonomyRepositoryTest	tagMergeRejectsAnArchivedDestinationUntilItIsRestored	0.127	PASS
7	com.whip.app.MeasurementTaxonomyRepositoryTest	lastActiveAreaCannotBeArchivedOrDeleted	0.104	PASS
7	com.whip.app.NotificationActionIntegrityTest	habitClaimKeepsPartialSourceProgressCurrentButRejectsLiveClosureAndDefinitionChanges	0.53	PASS
7	com.whip.app.NotificationActionIntegrityTest	habitClaimRejectsReminderMutationAndConnectedPayloadsFailClosed	1.919	PASS
7	com.whip.app.NotificationActionIntegrityTest	permanentTaskDeletionDurablyClearsItsFocusTimer	0.835	PASS
7	com.whip.app.NotificationActionIntegrityTest	sourceMeasurementResyncOnlyTouchesLinkedReminderEnabledHabits	4.02	PASS
7	com.whip.app.NotificationActionIntegrityTest	validTaskAndHabitReceiverActionsStillCompleteIncrementAndUndo	2.683	PASS
7	com.whip.app.NotificationActionIntegrityTest	habitActionValidationRejectsStaleLifecycleScheduleModeStateAndPayload	2.527	PASS
7	com.whip.app.NotificationActionIntegrityTest	goalSnoozeRequiresTheCompleteCurrentClaimAndConnectedActionsFailClosed	1.365	PASS
7	com.whip.app.NotificationActionIntegrityTest	taskActionValidationRejectsMissingArchivedWrongClosedAndNewlyBlockedTargets	0.934	PASS
7	com.whip.app.NotificationActionIntegrityTest	applicationObserverReconcilesSourceHabitAfterPartialAndCompletingMeasurements	5.643	PASS
7	com.whip.app.NotificationActionIntegrityTest	carryUnfinishedReminderCompletionIgnoresStepsHiddenByPriorHistory	0.81	PASS
7	com.whip.app.NotificationActionIntegrityTest	completedSubtasksDoNotMakeAnOtherwiseCurrentTaskActionStale	0.819	PASS
7	com.whip.app.NotificationActionIntegrityTest	staleReceiverActionsCancelWithoutCreatingTaskOrHabitHistory	1.737	PASS
7	com.whip.app.NotificationActionIntegrityTest	habitSnoozeActionQueuesSnoozedWorkWithoutWritingHistory	0.479	PASS
7	com.whip.app.NotificationActionIntegrityTest	taskReceiverFingerprintRejectsScheduleMutationButAllowsPresentationEdit	1.162	PASS
7	com.whip.app.NotificationActionLedgerTest	separateReceiverLedgerInstancesClaimConcurrentlyOnlyOnce	0.026	PASS
7	com.whip.app.NotificationActionLedgerTest	abandonedInFlightReceiptBecomesRetryableAfterTimeout	0.001	PASS
7	com.whip.app.NotificationActionLedgerTest	failedMutationCanReleaseReceiptAndRetry	0.052	PASS
7	com.whip.app.NotificationActionLedgerTest	retryCanClaimTheSameNotificationActionOnlyOnce	0.076	PASS
7	com.whip.app.NotificationDeepLinkE2ETest	consumedSecondDeliveryDoesNotReplayAfterActivityRecreation	23.823	PASS
7	com.whip.app.NotificationDeepLinkE2ETest	identicalNewIntentRoutesAgainWithoutRecompositionReplay	17.839	PASS
7	com.whip.app.OrganizationJourneyE2ETest	tagChangesKeepEveryDomainAndSavedHistoryThroughRecreation	77.902	PASS
7	com.whip.app.OrganizationJourneyE2ETest	areaIdentityAndRenameDraftSurviveTheRealManagerJourney	30.958	PASS
7	com.whip.app.PersistentStorageE2ETest	coreRecordsRemainAfterDatabaseIsClosedAndReopened	1.123	PASS
7	com.whip.app.PlatformEntrySurfaceE2ETest	deferredHabitEntryOpensTheOriginalLogicalDateAndRetainsItAfterRecreation	14.532	PASS
7	com.whip.app.PlatformEntrySurfaceE2ETest	restEntryOpensItsFinishedOriginalSessionInsteadOfAnUnrelatedActiveWorkout	13.525	PASS
7	com.whip.app.PlatformEntrySurfaceE2ETest	styledSharedTextUsesTheStandardCharSequenceContract	13.246	PASS
7	com.whip.app.PlatformEntrySurfaceE2ETest	fourthShareCannotOverwriteTheUnadmittedThirdShare	25.298	PASS
7	com.whip.app.PlatformEntrySurfaceE2ETest	widgetReconfigurationKeepsItsExistingAreaUnlessTheUserChangesIt	4.56	PASS
7	com.whip.app.PlatformEntrySurfaceE2ETest	unsupportedSharedPayloadDoesNotOpenAnEditor	6.088	PASS
7	com.whip.app.PlatformEntrySurfaceE2ETest	incomingShareCannotSilentlyReplaceAnOpenTaskDraft	27.727	PASS
7	com.whip.app.PlatformEntrySurfaceE2ETest	repeatedSharedTextIntentReplacesTheDraftWithoutReplayingTheOldDelivery	21.483	PASS
7	com.whip.app.PlatformEntrySurfaceE2ETest	sharedPlainTextOpensAPrefilledTaskAndCancelDoesNotPersistIt	13.91	PASS
7	com.whip.app.PlatformEntrySurfaceE2ETest	oversizedSharedTextIsBoundedBeforeRecreationAndExplainsTheShortenedDraft	103.232	PASS
7	com.whip.app.PlatformEntrySurfaceE2ETest	saveAndNewClearsTheShortenedShareWarningFromTheNewDraft	17.85	PASS
7	com.whip.app.PlatformEntrySurfaceE2ETest	widgetTaskActionSelectsAndPersistsItsAreaAcrossRecreation	26.063	PASS
7	com.whip.app.PlatformEntrySurfaceE2ETest	widgetSwitchRespectsChosenOrLastUsedAreaOnTheNextSession	19.566	PASS
7	com.whip.app.PlatformEntrySurfaceE2ETest	queuedWidgetAddTaskPreservesRequestedAreaAfterCurrentDraftSave	22.609	PASS
7	com.whip.app.PlatformEntrySurfaceE2ETest	editedSharedDraftSurvivesRecreationWithoutLaunchReplay	18.158	PASS
7	com.whip.app.PlatformEntrySurfaceE2ETest	outOfAreaRunningHabitOpensItsExactInspectorWithoutChangingSavedArea	11.222	PASS
7	com.whip.app.PlatformEntrySurfaceE2ETest	shareQueueOverflowAcknowledgementSurvivesRecreation	30.602	PASS
7	com.whip.app.PlatformEntrySurfaceE2ETest	widgetDoesNotShowATemporaryBannerForTheOnlyVisibleArea	6.919	PASS
7	com.whip.app.PlatformEntrySurfaceE2ETest	widgetQuickActionResumesAfterFirstRunSetup	14.853	PASS
7	com.whip.app.PlatformEntrySurfaceE2ETest	blankSharedPayloadDoesNotOpenAnEditor	4.771	PASS
7	com.whip.app.PlatformEntrySurfaceE2ETest	widgetConfigurationPersistsUnassignedAsADistinctAreaScope	5.081	PASS
7	com.whip.app.PlatformEntrySurfaceE2ETest	widgetConfigurationPersistsTheChosenAreaAndReturnsSuccess	6.857	PASS
7	com.whip.app.PortableBackupManagerTest	providerAndStorageFailuresNeverAdvanceSuccessOrExposeAPartialBackup	0.181	PASS
7	com.whip.app.PortableBackupManagerTest	scheduledBackupDoesNotRotateGoodHistoryWhenDatabaseIsEmpty	0.026	PASS
7	com.whip.app.PortableBackupManagerTest	corruptProviderWriteIsDeletedAndNeverReportedAsSuccessful	0.051	PASS
7	com.whip.app.PortableBackupManagerTest	failedNewReceiptCannotPruneThePreviouslyVerifiedFile	0.077	PASS
7	com.whip.app.PortableBackupManagerTest	failedAutomaticToggleCommitKeepsThePreviousDurableSetting	0.108	PASS
7	com.whip.app.PortableBackupManagerTest	successfulWritePrunesOldBackupsButLeavesUnrelatedFiles	0.077	PASS
7	com.whip.app.PortableBackupManagerTest	grantLossDuringFolderSelectionUsesTheSameSafeRecoveryMessage	0.026	PASS
7	com.whip.app.PortableBackupManagerTest	failedFolderCommitKeepsThePreviousSelectionAndReleasesOnlyTheNewGrant	0.026	PASS
7	com.whip.app.PortableBackupManagerTest	abandonedStagingFilesAreCleanedBeforeTheNextBackup	0.026	PASS
7	com.whip.app.PortableBackupManagerTest	corruptNewestFileDoesNotDisplaceAnOlderVerifiedBackup	0.026	PASS
7	com.whip.app.PortableBackupManagerTest	forgettingFolderStillClearsLocalConfigurationAfterProviderRevokesAccess	0.051	PASS
7	com.whip.app.PortableBackupManagerTest	changingFolderStillSucceedsWhenTheOldGrantIsAlreadyGone	0.106	PASS
7	com.whip.app.PortableBackupManagerTest	failedReceiptCommitCannotReportAVerifiedBackupAsSaved	0.105	PASS
7	com.whip.app.PortableBackupManagerTest	verifiedBackupKeepsSuccessReceiptAndReportsRefusedPartialCleanup	0.102	PASS
7	com.whip.app.PortableBackupManagerTest	stagingFileIsVerifiedThenRenamedAndNeverReportedAsIncomplete	0.052	PASS
7	com.whip.app.PortableBackupManagerTest	duplicateProviderDisplayNameStillProtectsTheNewlyCommittedUri	0.077	PASS
7	com.whip.app.PortableBackupManagerTest	selectedFolderSettingsAndVerifiedBackupSurviveManagerRecreation	0.102	PASS
7	com.whip.app.PortableBackupManagerTest	automaticRetentionNeverPrunesAManuallySavedPlainBackup	0.051	PASS
7	com.whip.app.PortableBackupManagerTest	revokedProviderWarningNeverExposesPlatformProcessDetails	0.051	PASS
7	com.whip.app.PortableBackupManagerTest	failedRetentionWarningCommitStillKeepsTheNewVerifiedReceipt	0.051	PASS
7	com.whip.app.PortableBackupManagerTest	startupRecoveryReportsRevokedProviderAndReselectionClearsTheWarning	0.102	PASS
7	com.whip.app.PortableBackupManagerTest	startupRecoveryReportsAnOwnedPartialThatProviderRefusesToDelete	0.128	PASS
7	com.whip.app.PortableBackupManagerTest	automaticBackupUsesOneRestartPersistentPeriodicJobAndCancelsWhenDisabled	0.38	PASS
7	com.whip.app.PortableBackupManagerTest	crashCleanupDoesNotDeleteAnUnrelatedFileWithTheIncompletePrefix	0.026	PASS
7	com.whip.app.ProductivityCardDesignUiTest	pastScheduledBadgeDoesNotCollapseTheTaskTitleInANarrowPane	3.213	PASS
7	com.whip.app.ProductivityCardDesignUiTest	checklistHabitSummaryKeepsParentAndEachSubItemInteractive	11.266	PASS
7	com.whip.app.ProductivityCardDesignUiTest	scheduledDateAndRecurrenceUseFullWidthSummaryAndExpandWithoutDuplication	3.779	PASS
7	com.whip.app.ProductivityCardDesignUiTest	summaryRowsExpandIndependentlyAndWorkspaceTabChangesCollapseThem	5.244	PASS
7	com.whip.app.ProductivityCardDesignUiTest	timerReviewDialogSupportsCorrectionContinueStopAndDiscardAtNarrowWidth	9.509	PASS
7	com.whip.app.ProductivityCardDesignUiTest	habitTimerRemainsReadableOwnedAndReachableAtNarrowLargeText	4.453	PASS
7	com.whip.app.ProductivityCardDesignUiTest	goalSummaryKeepsElapsedTimerResetAndMilestoneControls	7.73	PASS
7	com.whip.app.ProductivityCardDesignUiTest	summaryCardsKeepLongTextReadableAtTwoHundredPercentFontScale	8.513	PASS
7	com.whip.app.ProductivityCardDesignUiTest	habitSummaryStateMatrixKeepsTimerSkipAndSyncedInformation	4.197	PASS
7	com.whip.app.ProductivityCardDesignUiTest	tasksHabitsAndGoalsShareIdentityActionAndEditColumns	6.526	PASS
7	com.whip.app.ProductivityCardDesignUiTest	habitActivityGridExposesOneSpokenDateAndStatePerDay	4.327	PASS
7	com.whip.app.ProductivityCardDesignUiTest	taskSummaryRowsReflowNotesAndSubtaskProgressWithoutLosingActions	4.102	PASS
7	com.whip.app.ProductivityCardDesignUiTest	summaryExpansionSurvivesSavedStateRestoration	4.327	PASS
7	com.whip.app.ProductivityCardDesignUiTest	pausedAndOffScheduleHabitSummariesRemoveAccidentalQuickActions	5.048	PASS
7	com.whip.app.ProductivityCardDesignUiTest	habitAndGoalSummaryRowsKeepDetailsAndInlineActions	7.271	PASS
8	com.whip.app.ProductivityCreationJourneyE2ETest	smartTaskCaptureExplainsHighlightsPersistsAndReversesThroughTheRealUi	79.82	PASS
8	com.whip.app.ProductivityCreationJourneyE2ETest	taskHabitAndGoalCanBeCreatedAndUsedThroughTheRealUi	42.357	FAIL
8	com.whip.app.ProductivityDefaultsUiTest	onboardingKeepsItsActionsReachableAtLargeText	11.078	PASS
8	com.whip.app.ProductivityDefaultsUiTest	goalEditorMarksRequiredTargetAndExplainsRejectedSave	24.32	PASS
8	com.whip.app.ProductivityDefaultsUiTest	todayAndInboxQuickCaptureUseMatchingDestinationCopyAndDefaults	23.443	PASS
8	com.whip.app.ProductivityDefaultsUiTest	emptyTaskWorkspacesKeepClearStateVisibleBelowQuickCapture	11.539	PASS
8	com.whip.app.ProductivityDefaultsUiTest	untouchedDoneHabitUsesDiscreteOccurrenceDefaultsWithoutRequestingNotifications	14.95	PASS
8	com.whip.app.ProductivityDefaultsUiTest	taskCreatedFromHomeDefaultsToTodayInsteadOfInbox	14.849	PASS
8	com.whip.app.ProductivityDefaultsUiTest	controlNFromSettingsLeavesSettingsInPlaceAndDoesNotOpenGlobalAdd	7.405	PASS
8	com.whip.app.ProductivityDefaultsUiTest	savingGoalWithoutAReminderDoesNotRequestNotificationPermission	16.311	PASS
8	com.whip.app.ProductivityDefaultsUiTest	onboardingStartsWithValueAndKeepsPreferencesOptional	8.861	PASS
8	com.whip.app.ProductivityDuplicateRepositoryTest	maximumNamesDuplicateIndependentStructuresWithoutCopyingHistory	2.17	PASS
8	com.whip.app.ProductivityExperienceJourneyTest	habitChecklistWorksInsideTodayAndRetainsParentCompletion	28.221	PASS
8	com.whip.app.ProductivityExperienceJourneyTest	goalMilestonesWorkInsideDetailsAndCompleteOnlyOnRequest	32.667	PASS
8	com.whip.app.ProductivityExperienceJourneyTest	repeatedHistoryCleanupKeepsQueriesAndRecoversFromStaleGoalDeletion	92.452	PASS
8	com.whip.app.ProductivityExperienceJourneyTest	trackStarterPreviewUsesRealFieldsWithoutSavingSampleValues	41.007	PASS
8	com.whip.app.ProductivityExperienceJourneyTest	historySearchFindsOlderOriginalFactsAndRestoresItsQuery	61.733	PASS
8	com.whip.app.ProductivityExperienceJourneyTest	trackHistoryChangesKeepLoadedOlderWindowAndSearchAcrossRecreation	61.455	PASS
8	com.whip.app.ProductivityItemBuilderJourneyE2ETest	expandedTimerHasOneStatusAndKeepsItsActionsAfterRecreation	13.107	PASS
8	com.whip.app.ProductivityTemplateSafetyTest	taskRecipeOnlyPrefillsAndNeverPersistsBeforeSave	14.324	PASS
8	com.whip.app.RecordItemBuilderJourneyE2ETest	recordsKeepTheirReadingOrderAndExactActions	36.082	PASS
8	com.whip.app.RecoveryBoundaryIntegrationTest	secondaryActivityShowsRecoveryGateInsteadOfReadingWhipSettings	3.429	PASS
8	com.whip.app.RecoveryBoundaryIntegrationTest	failedLiveRestoreRebuildsCurrentReminderStateAndReturnsReady	1.611	PASS
8	com.whip.app.RecoveryBoundaryIntegrationTest	replaceRestoreInvalidatesActivityViewModelUndoActionsFromTheOldGeneration	0.377	PASS
8	com.whip.app.RecoveryBoundaryIntegrationTest	failedRealReplacementRollsBackRecordsAndSettingsWithoutLeavingARecoveryMarker	0.504	PASS
8	com.whip.app.RecoveryBoundaryIntegrationTest	resetAllDrainsAnAdmittedGymMutationThenDeletesItAndInvalidatesOldOwnership	0.329	PASS
8	com.whip.app.RecoveryBoundaryIntegrationTest	failedResetRestoresSettingsAndRecordsBeforeReturningReady	0.606	PASS
8	com.whip.app.RecoveryBoundaryIntegrationTest	widgetConfigurationSaveCannotCrossAClosedRecoveryBoundary	0.254	PASS
8	com.whip.app.RecoveryBoundaryIntegrationTest	blockedRecoveryPreventsWorkerNotificationAndWidgetDataAccess	1.263	PASS
8	com.whip.app.ReminderAlarmIntegrationTest	scheduledTransportWakesValidatedWorkWithoutAnActivityLaunch	0.203	PASS
8	com.whip.app.ReminderAlarmIntegrationTest	exactAlarmRegistersAndPromotesTheSameValidatedWork	0.634	PASS
8	com.whip.app.ReminderTimeChangeReceiverIntegrityTest	manifestReceiverRoutesFixedAndFollowDeviceTimeZonesWithoutChangingUserData	0.253	PASS
8	com.whip.app.ReminderTimeChangeReceiverIntegrityTest	receiverRoutingFailsClosedWhileRestoreRecoveryIsBlocked	0.127	PASS
9	com.whip.app.ReminderWorkerDeliveryIntegrityTest	permanentDeletionDismissesVisibleTaskHabitAndGoalRemindersAtTheCommitBoundary	1.655	PASS
9	com.whip.app.ReminderWorkerDeliveryIntegrityTest	productionMutationsCommitBeforeTaskHabitAndGoalWorkersCanPost	3.941	PASS
9	com.whip.app.ReminderWorkerDeliveryIntegrityTest	habitWorkerAcceptsPartialHistoryButRejectsCompletionEditedDefinitionsAndConnectedWork	12.35	PASS
9	com.whip.app.ReminderWorkerDeliveryIntegrityTest	goalWorkerRejectsAnEditedDefinitionAndConnectedWork	0.656	PASS
9	com.whip.app.ReminderWorkerDeliveryIntegrityTest	rejectedTaskDeletionKeepsTheValidNotificationAndClearsItsCleanupJournal	0.615	PASS
9	com.whip.app.ReminderWorkerDeliveryIntegrityTest	malformedPersistedTaskOccurrenceFailsThatReminderClosed	0.633	PASS
9	com.whip.app.ReminderWorkerDeliveryIntegrityTest	interruptedCommittedDeletionIsCleanedFromItsDurableJournal	0.506	PASS
9	com.whip.app.ReminderWorkerDeliveryIntegrityTest	earlyHabitWorkerRequeuesTheExactDueReminderWithoutPosting	2.744	PASS
9	com.whip.app.ReminderWorkerDeliveryIntegrityTest	taskWorkerPostsOnlyTheExactCurrentClaim	0.642	PASS
9	com.whip.app.RepPrescriptionSettingsTest	schemesSurviveRepositoryRecreationAndStableIdEditsAndDeletes	0.077	PASS
9	com.whip.app.RestoreRecoveryManagerTest	externalActionGenerationAdvancesOnlyAfterRecoverySnapshotIsDurable	0.027	PASS
9	com.whip.app.RestoreRecoveryManagerTest	injectedRecoveryRestoreFailureKeepsMarkerAndNeverRebuildsBackgroundState	0.027	PASS
9	com.whip.app.RestoreRecoveryManagerTest	failedRollbackLeavesMarkerAndNextLaunchRecoversOldState	0.052	PASS
9	com.whip.app.RestoreRecoveryManagerTest	partialTargetApplyIsRolledBackBeforeItCanBecomeMixedLiveState	0.029	PASS
9	com.whip.app.RestoreRecoveryManagerTest	rollbackUsesThePrivateRecoverySnapshotRatherThanThePortableExport	0.053	PASS
9	com.whip.app.RestoreRecoveryManagerTest	failedResetRestoresThePrivateSnapshotBeforeRemovingItsMarker	0.052	PASS
9	com.whip.app.RestoreRecoveryManagerTest	successfulResetKeepsItsMarkerUntilRebuildAndExternalCleanupFinish	0.052	PASS
9	com.whip.app.RestoreRecoveryManagerTest	recoveryPreparationFailureRollsBackAndRebuildsBeforeRemovingMarker	0.029	PASS
9	com.whip.app.RestoreRecoveryManagerTest	backgroundRebuildFailureRollsDatabaseAndSettingsBack	0.053	PASS
9	com.whip.app.RestoreRecoveryManagerTest	corruptRecoverySnapshotKeepsMarkerAndNeverRebuildsBackgroundState	0.028	PASS
9	com.whip.app.ReviewAvailabilityUiTest	incompleteSourcesNeverClaimThereAreNoOutcomes	16.71	PASS
9	com.whip.app.ReviewAvailabilityUiTest	selectedOutcomesRecoverWithoutLosingTheirSectionOrShowingStaleRows	10.813	PASS
9	com.whip.app.ReviewAvailabilityUiTest	partialReviewPreservesAvailableOutcomesAndRetriesOnlyUnavailableSources	19.248	PASS
9	com.whip.app.ReviewAvailabilityUiTest	outcomeCardsKeepLongLabelsTotalsAndDailyScaleReadableAtLargeText	7.851	PASS
9	com.whip.app.ReviewAvailabilityUiTest	correlationsUseReadySourcesEvenWhenOtherEvidenceIsUnavailable	11.664	PASS
9	com.whip.app.ReviewJourneyE2ETest	trackOnlyHistoryOffersReviewWithoutInventingOutcomes	13.498	PASS
9	com.whip.app.ReviewJourneyE2ETest	archivedTaskAndHabitOutcomesRemainInReviewHistory	17.674	PASS
9	com.whip.app.ReviewJourneyE2ETest	emptySelectedWeekStillOffersTheOlderThirtyDayCorrelation	18.824	PASS
9	com.whip.app.ReviewJourneyE2ETest	changingReviewOptionsRevealsSavedOutcomesWithoutLosingTheView	32.727	PASS
9	com.whip.app.ReviewJourneyE2ETest	allTrackEvidenceKeepsItsScopeAcrossAreaReviewAndRecreation	47.232	PASS
9	com.whip.app.ReviewOutcomeJourneyE2ETest	archivedFinishedWorkoutKeepsItsOneDayReviewCountAndVisiblePoint	16.296	PASS
9	com.whip.app.ReviewOutcomeJourneyE2ETest	archivedTaskOutcomesOpenTheirOriginalTask	34.829	PASS
9	com.whip.app.ReviewOutcomeJourneyE2ETest	mixedTaskHistoryKeepsAreaScopeAndDistinctOccurrences	39.635	PASS
9	com.whip.app.ReviewOutcomeJourneyE2ETest	archivedGoalProgressOpensItsOriginalGoal	39.303	PASS
9	com.whip.app.ReviewOutcomeJourneyE2ETest	archivedHabitOutcomesOpenTheirOriginalHabit	39.65	PASS
9	com.whip.app.ReviewOutcomeJourneyE2ETest	finishedWorkoutOutcomesOpenTheirOriginalSession	30.324	PASS
9	com.whip.app.RoutineAuthoringJourneyE2ETest	transformedMiddlePhasePersistsReopensAndInstantiatesWithoutChangingOtherPhases	69.094	PASS
9	com.whip.app.RoutineAuthoringJourneyE2ETest	authoredPrescriptionSurvivesRecoveryExecutionAndLaterRoutineEdits	166.469	PASS
9	com.whip.app.RoutineAuthoringJourneyE2ETest	twoDayRoutinePreservesContextAndStartsTheChosenDay	108.029	PASS
9	com.whip.app.RoutineAuthoringJourneyE2ETest	olderThanFiftyWorkoutImportsIntoSelectedDayAndPersistsAcrossReopen	68.974	PASS
9	com.whip.app.RoutineBuilderUiTest	failedRoutineSaveKeepsTheCompleteDraftOpenForRetry	8.417	PASS
9	com.whip.app.RoutineBuilderUiTest	multiSetEditorKeepsHiddenDraftsAndOpensTheChosenPrescription	25.892	PASS
9	com.whip.app.RoutineBuilderUiTest	splitPresetsUseConsistentTitleCapitalization	5.027	PASS
9	com.whip.app.RoutineBuilderUiTest	programTrainingMaxBasisEditsMustBeAppliedBeforeSaveEvenWhenTheyRoundToSameValue	24.66	PASS
9	com.whip.app.RoutineBuilderUiTest	machineCanBeQuickCreatedForAPlacementWithoutLeavingBuilder	16.273	PASS
9	com.whip.app.RoutineBuilderUiTest	staticRoutineExposesTrainingMaxBeforeAnySetUsesIt	10.251	PASS
9	com.whip.app.RoutineBuilderUiTest	phasePrescriptionToolsPreserveCommonAndSiblingRowsThroughSaveAndRestore	19.139	PASS
9	com.whip.app.RoutineBuilderUiTest	twoHundredExerciseLibraryIsSearchableAndOnlySelectionsEnterOutline	27.102	PASS
9	com.whip.app.RoutineBuilderUiTest	delayedRoutineSaveBlocksBackRetainsFailureAcrossRestoreAndAllowsOneRetry	21.735	PASS
9	com.whip.app.RoutineBuilderUiTest	captureRepSchemeCatalog	15.796	PASS
9	com.whip.app.RoutineBuilderUiTest	timedAndDistancePrescriptionsKeepApplicableFieldsAndCollapsedTargets	25.014	PASS
9	com.whip.app.RoutineBuilderUiTest	quickMachineKeepsFailedDraftAndScrollableNumericFieldsAtLargeText	28.438	PASS
9	com.whip.app.RoutineBuilderUiTest	ordinaryRoutineCanEnterAnExplicitTrainingMaxForPercentageSets	14.274	PASS
9	com.whip.app.RoutineBuilderUiTest	exerciseListUsesTheRoutinePaneInsteadOfAOneRowNestedViewport	5.498	PASS
9	com.whip.app.RoutineBuilderUiTest	routineEditRoundTripsSetUnitsBodyweightAndDayProgression	4.908	PASS
9	com.whip.app.RoutineBuilderUiTest	repSchemeMutationsRetainDraftAndConfirmationAcrossDelayedFailureAndRestore	43.333	PASS
9	com.whip.app.RoutineBuilderUiTest	advancedMachineCreationReturnsFromSeededExerciseCreationWithBothDraftsPreserved	25.727	PASS
9	com.whip.app.RoutineBuilderUiTest	singleDayRoutineHidesActionsThatCannotApply	4.807	PASS
9	com.whip.app.RoutineBuilderUiTest	nestedExerciseFailureRetainsDraftAndOwnedResultAcrossRecreation	23.997	PASS
9	com.whip.app.RoutineBuilderUiTest	addingExerciseToExistingRoutineSavesWithoutLeavingTheEditedDay	13.937	PASS
9	com.whip.app.RoutineBuilderUiTest	sharedExercisePickerAlwaysOffersSearchAndSeededCreation	9.689	PASS
9	com.whip.app.RoutineBuilderUiTest	repSchemeLibraryStartsBlankAndPlusCreatesAReusableScheme	20.74	PASS
9	com.whip.app.RoutineBuilderUiTest	exerciseCanBeCreatedWithoutDroppingRoutineDraft	12.364	PASS
9	com.whip.app.RoutineBuilderUiTest	savedRepSchemeCanBeAppliedEditedAndDeleted	21.202	PASS
9	com.whip.app.RoutineBuilderUiTest	ordinaryRoutineCanAddIndependentPhasesWithoutFiveThreeOneSetup	21.31	PASS
9	com.whip.app.RoutineBuilderUiTest	structuredMainExerciseUsesProgramStructureAndHidesGenericRewriteControls	11.652	PASS
9	com.whip.app.RoutineBuilderUiTest	sharedExercisePickerOnlyUsesSubstituteLanguageWhenContextProvidesIt	4.947	PASS
9	com.whip.app.RoutineBuilderUiTest	phasedRoutineCanConfigurePrimaryTrainingMaxAndBoundary	28.676	PASS
9	com.whip.app.RoutineBuilderUiTest	emptyWorkoutPickerUsesTheSharedEmptyStateAndKeepsBackReachable	6.712	PASS
9	com.whip.app.RoutineBuilderUiTest	assistanceIntentNamesItsSourceAndPersistsOnTheRoutinePlacement	12.933	PASS
9	com.whip.app.RoutineRepositoryTest	exactMachineLoadRemainsExactInsteadOfSilentlySnapping	0.354	PASS
9	com.whip.app.RoutineRepositoryTest	customPhasedRoutineAdvancesOnlyItsCompletedPrimaryLiftAtConfiguredBoundary	1.183	PASS
9	com.whip.app.RoutineRepositoryTest	trainingMaxEligibilityCanBeRestoredWithoutResettingProgramPosition	0.126	PASS
9	com.whip.app.RoutineRepositoryTest	repBenchmarksPreserveEachLoadAfterSpecificTrackingTargetsWereRemoved	0.38	PASS
9	com.whip.app.RoutineRepositoryTest	recordRebuildHonorsWarmupRecordAndVolumePolicies	0.945	PASS
9	com.whip.app.RoutineRepositoryTest	assistanceCategoryAndWorkSectionRoundTripIntoWorkoutSnapshots	0.284	PASS
9	com.whip.app.RoutineRepositoryTest	removingOrSubstitutingOneOfSeveralMainExercisesInvalidatesOnlyThatSessionTrainingMaxAdvance	2.432	PASS
9	com.whip.app.RoutineRepositoryTest	performanceReviewEvidenceRequiresMatchingSourceProgramKindAtCommit	0.891	PASS
9	com.whip.app.RoutineRepositoryTest	plannedRoutineMachineCanChangeBeforeCompletionAndRetargetsThePrescription	0.967	PASS
9	com.whip.app.RoutineRepositoryTest	recordRebuildKeepsImprovementsAndWorkoutVolumeAcrossHistoryPages	2.222	PASS
9	com.whip.app.RoutineRepositoryTest	staticLoadCycleAdvancesOnlyAfterCompletedNonFailureWork	0.889	PASS
9	com.whip.app.RoutineRepositoryTest	duplicatePlacementsAndRepRangesSurviveTemplateAndWorkoutCreation	0.306	PASS
9	com.whip.app.RoutineRepositoryTest	performanceReviewNeverChangesTrainingMaxWithoutDecisionAndAuditsAcceptedChoice	1.061	PASS
9	com.whip.app.RoutineRepositoryTest	levelRoutineDefaultsAreActualOnlyWhileExplicitSettingsRemainPrescribed	0.306	PASS
9	com.whip.app.RoutineRepositoryTest	unilateralPercentagePrescriptionUsesTheSetSpecificLoadMultiplier	0.178	PASS
9	com.whip.app.RoutineRepositoryTest	trainingMaxTestSetRequiresExplicitTestPhaseOneHundredPercentAndThreeToFiveReps	0.153	PASS
9	com.whip.app.RoutineRepositoryTest	alternateBbbUsesOwnTrainingMaxSkipsEmptyPhasesAndStaysSynchronized	1.487	PASS
9	com.whip.app.RoutineRepositoryTest	graphPresetCanBeRenamedUpdatedAndDeleted	0.205	PASS
9	com.whip.app.RoutineRepositoryTest	repeatedFiveThreeOneMainExercisePlacementsCannotPersistDriftingTrainingMaxes	0.179	PASS
9	com.whip.app.RoutineRepositoryTest	recordRebuildDeletesObsoleteRecordsAfterTheOnlyCompletedSetIsRemoved	0.657	PASS
9	com.whip.app.RoutineRepositoryTest	emptyTrainingMaxBoundarySetNeverImplicitlyAdvancesAtFinalPhase	0.429	PASS
9	com.whip.app.RoutineRepositoryTest	routineWaveAndReusableAlternativesSnapshotIntoEachStartedWorkout	0.565	PASS
9	com.whip.app.RoutineRepositoryTest	activeRoutineWorkoutBlocksEveryProgramStateControl	0.36	PASS
9	com.whip.app.RoutineRepositoryTest	repeatedMainExerciseHasExactlyOneTrainingMaxTestAcrossThePhase	0.153	PASS
9	com.whip.app.RoutineRepositoryTest	unlinkingMachineExerciseMarksAffectedRoutineBindingForRepair	0.127	PASS
9	com.whip.app.RoutineRepositoryTest	recordRebuildExcludesAssistedWorkUnlessEnabledAndDropsDiscardedSessions	0.305	PASS
9	com.whip.app.RoutineRepositoryTest	editingProgramMetadataPreservesPositionAndMapsReorderedCurrentPhase	0.178	PASS
9	com.whip.app.RoutineRepositoryTest	connectedBeginnersDeloadKeepsEverySavedRepeatedExerciseExposure	2.026	PASS
9	com.whip.app.RoutineRepositoryTest	programmedRoutineAdvancesSafelyAcrossDaysPhasesAndTrainingMaxCycles	1.385	PASS
9	com.whip.app.RoutineRepositoryTest	activeRoutineWorkoutBlocksTemplateMutationUntilFinishOrDiscard	0.405	PASS
9	com.whip.app.RoutineRepositoryTest	filteredPhaseStartsWithCanonicalPlacementsAndOnlySurvivingGroups	2.767	PASS
9	com.whip.app.RoutineRepositoryTest	graphPresetNormalizesExerciseIdsAndRejectsDanglingOrUnsupportedData	0.101	PASS
9	com.whip.app.RoutineRepositoryTest	manualProgramTrainingMaxEditCreatesVisibleAuditEventWithoutRewritingWorkouts	0.102	PASS
9	com.whip.app.RoutineRepositoryTest	archivedMachineRemainsUsableByExistingRoutine	0.077	PASS
9	com.whip.app.RoutineRepositoryTest	configuredPhaseBoundaryAdvancesTrainingMaxAndSnapshotsPhaseRole	0.379	PASS
9	com.whip.app.RoutineRepositoryTest	legacyRoutineConversionWaitsForActiveWorkoutAndKeepsCompletedSnapshot	0.358	PASS
9	com.whip.app.RoutineRepositoryTest	invalidSetPolicyPlacementAndDeterministicSchemeMismatchAreRejected	0.127	PASS
9	com.whip.app.RoutineRepositoryTest	startingRoutineDoesNotMutateTemplate	0.403	PASS
9	com.whip.app.RoutineRepositoryTest	duplicatingActiveLegacyRoutineCreatesAnEditablePhasedCopy	0.335	PASS
9	com.whip.app.RoutineRepositoryTest	performanceReviewRejectsStaleForgedAndActionMismatchedDecisions	0.813	PASS
9	com.whip.app.RoutineRepositoryTest	highRepSetsProduceEstimatedRecordsAndStillRespectAuthoredCutoffs	0.591	PASS
9	com.whip.app.RoutineRepositoryTest	recordRebuildTracksAuditableImprovementsAndHistoricalEdits	0.78	PASS
9	com.whip.app.RoutineRepositoryTest	beginnersProtocolsSaveEditAndRunOncePerExerciseWithoutEmptyDays	4.458	PASS
9	com.whip.app.RoutineRepositoryTest	activeSetPoliciesResolveLeaderAnchorAndDeloadSnapshotsWithoutLyingAboutJokers	0.608	PASS
9	com.whip.app.RoutineRepositoryTest	applyingProtocolToOneConnectedPhaseDoesNotChangeAnotherPhasesRepeatedExposures	0.985	PASS
9	com.whip.app.RoutineRepositoryTest	incompleteRequiredMainWorkAdvancesScheduleButHoldsTrainingMaxAtBoundary	0.303	PASS
9	com.whip.app.RoutineRepositoryTest	partialFailureAndUnderPrescriptionMainWorkAllHoldTrainingMax	1.087	PASS
9	com.whip.app.RoutineRepositoryTest	routinePreservesMachineIdentityAndNumberedSetting	0.23	PASS
9	com.whip.app.RoutineRepositoryTest	changingTrainingMaxSourceToDerivedClearsTheStoredExplicitValue	0.178	PASS
9	com.whip.app.RoutineRepositoryTest	exerciseAddedDuringRoutineWorkoutStaysSessionScopedAndRemainsInHistoryAndRecords	0.569	PASS
9	com.whip.app.RoutineRepositoryTest	failedPersistedTrainingMaxTestRetainsPrescriptionIdentityAndSuggestsDecrease	0.253	PASS
9	com.whip.app.RoutineRepositoryTest	saveWorkoutAsRoutineExcludesEmptyRetiredPlacementsAndKeepsPerformedRetiredWork	0.783	PASS
9	com.whip.app.RoutineRepositoryTest	bodyweightDependentAndAssistedPercentagePrescriptionsAreRejected	0.179	PASS
9	com.whip.app.SafPortableBackupDocumentStoreTest	failedChildQueryIsNotMistakenForAnEmptyBackupFolder	0.105	PASS
9	com.whip.app.SafPortableBackupDocumentStoreTest	successfulEmptyChildQueryStillReportsAnEmptyFolder	0.026	PASS
10	com.whip.app.SettingItemBuilderJourneyE2ETest	choicesSaveImmediatelyWhileTypedDraftsWaitForConfirmedSave	55.843	PASS
10	com.whip.app.SettingsBehaviorUiTest	validGymDefaultDraftSurvivesRecreationWithoutPersistingUntilDone	25.414	PASS
10	com.whip.app.SettingsBehaviorUiTest	organizationSettingsAddsRenamesAndRemovesNamedCustomEmojis	45.816	PASS
10	com.whip.app.SettingsBehaviorUiTest	openingAreaBehaviorAndChosenAreaCanBeConfiguredFromAppearance	17.204	PASS
10	com.whip.app.SettingsBehaviorUiTest	conditionalParentControlsCannotRemoveAnOpenTypedEditor	22.184	PASS
10	com.whip.app.SettingsBehaviorUiTest	gymRestPresetsSaveWithoutStartingWorkoutAndCategoriesResetScroll	29.732	PASS
10	com.whip.app.SettingsBehaviorUiTest	enlargedCategoryParentKeepsItsPositionAfterChildRecreationAndBack	17.352	PASS
10	com.whip.app.SettingsBehaviorUiTest	rapidDoubleTapOnResetSubmitsOnlyOneDestructiveOperationAndReturnsHome	17.487	PASS
10	com.whip.app.SettingsBehaviorUiTest	hidingGoalsKeepsItDiscoverableInTheEmptyHomeGuide	15.419	PASS
10	com.whip.app.SettingsBehaviorUiTest	celebrationToggleIsTheOnlyCelebrationSetting	9.308	PASS
10	com.whip.app.SettingsBehaviorUiTest	hardwareBackRequiresExplicitDiscardAndCannotNavigateBehindATypedEditor	22.189	PASS
10	com.whip.app.SettingsBehaviorUiTest	finalVisibleHomeSectionExplainsWhyItCannotBeDisabled	11.029	PASS
10	com.whip.app.SettingsBehaviorUiTest	plainJsonBackupUsesAndroidsDocumentProviderAndReturnsSafelyOnCancel	13.986	PASS
10	com.whip.app.SettingsBehaviorUiTest	portableBackupExplainsItsExactSharedFolderDeletionBoundary	10.015	PASS
10	com.whip.app.SettingsBehaviorUiTest	malformedClockCannotChangeTheCutoffButCompleteClockCommits	16.64	PASS
10	com.whip.app.SettingsBehaviorUiTest	notificationDeliveryRefreshesAfterAndroidSettingsReturn	38.952	PASS
10	com.whip.app.SettingsBehaviorUiTest	notificationTestExplainsAvailabilityOrAnnouncesResult	18.678	PASS
10	com.whip.app.SettingsBehaviorUiTest	everySettingsCategoryIsReachableAndOwnsItsExpectedControls	23.916	PASS
10	com.whip.app.SettingsBehaviorUiTest	settingsHaveNoDensityChoicesAndTasksUseSummaryDisclosure	14.648	PASS
10	com.whip.app.StartupRecoveryScreenTest	freshStartRequiresTwoExplicitDestructiveActions	4.068	PASS
10	com.whip.app.StartupRecoveryScreenTest	runtimeInitializationFailureDoesNotClaimARecoveryCopyStillExists	2.528	PASS
10	com.whip.app.StartupRecoveryScreenTest	checkingRecoveryDoesNotOfferActionsThatCouldMutateData	2.8	PASS
10	com.whip.app.StartupRecoveryScreenTest	resettingIsNonInteractive	2.853	PASS
10	com.whip.app.StartupRecoveryScreenTest	blockedRecoveryExplainsDataSafetyAndOffersRetry	3.044	PASS
10	com.whip.app.StartupRecoveryScreenTest	blockedRecoveryPassesComposeAccessibilityChecks	4.221	PASS
10	com.whip.app.StartupRecoveryScreenTest	confirmedResetFailureOnlyOffersRetry	2.83	PASS
10	com.whip.app.StartupRecoveryScreenTest	epochCheckFailureCanOnlyRecheckOrCloseWithoutErasing	3.874	PASS
10	com.whip.app.TaskBulkSelectionUiTest	bulkArchiveImpactRemainsScrollableAtTwoHundredPercentText	20.505	PASS
10	com.whip.app.TaskBulkSelectionUiTest	successfulReopenClosesCompletedInspectorWhenStableKeyBecomesOpen	10.923	PASS
10	com.whip.app.TaskBulkSelectionUiTest	quickCaptureReconnectsAfterRecreationAndClearsTheTrimmedCommittedDraftOnce	12.002	PASS
10	com.whip.app.TaskBulkSelectionUiTest	fixedDateBulkMoveFailureKeepsSelectionAndShowsRetryContext	14.498	PASS
10	com.whip.app.TaskBulkSelectionUiTest	activeSelectionKeepsPrimaryActionsVisibleAndSecondaryActionsInOverflow	31.075	PASS
10	com.whip.app.TaskBulkSelectionUiTest	archivedRecurringTaskEditsTheSeriesDefinitionInsteadOfAnOpenOccurrence	17.008	PASS
10	com.whip.app.TaskBulkSelectionUiTest	bulkDeleteReissuesItsExactPreviewAfterStateRestoration	15.984	PASS
10	com.whip.app.TaskBulkSelectionUiTest	bulkAreaChangeCannotApplyUntilAnAreaIsExplicitlyChosen	13.739	PASS
10	com.whip.app.TaskBulkSelectionUiTest	restoredExistingTaskEditorPreservesItsExactIdentityAndRevisionBoundary	21.015	PASS
10	com.whip.app.TaskBulkSelectionUiTest	bulkDateFailureRetainsTheFrozenSelectionAndOnlyMatchingSuccessCloses	21.168	PASS
10	com.whip.app.TaskBulkSelectionUiTest	bulkEditDraftAndSelectionSurviveSavedStateRestoration	19.361	PASS
10	com.whip.app.TaskBulkSelectionUiTest	completedRecurringHistoryOffersSeriesEditInsteadOfDuplicateFutureBoundary	18.461	PASS
10	com.whip.app.TaskBulkSelectionUiTest	historySelectionOffersRelevantActionsForCompletedAndArchivedTasks	19.979	PASS
10	com.whip.app.TaskBulkSelectionUiTest	bulkArchiveFailureRetainsFrozenSelectionAndMatchingSuccessAloneCloses	18.767	PASS
10	com.whip.app.TaskBulkSelectionUiTest	bulkCompletionReviewsUnfinishedSubtasksBeforeCommitAndCancelKeepsSelection	17.62	PASS
10	com.whip.app.TaskCaptureGeometryUiTest	addTaskBoundsStayAlignedAcrossRoutesAtNative200	28.382	PASS
10	com.whip.app.TaskCaptureGeometryUiTest	addTaskBoundsStayAlignedWithRestoredViews	35.282	PASS
10	com.whip.app.TaskCaptureGeometryUiTest	addTaskBoundsStayAlignedWithRestoredViewsAtNative200	32.193	PASS
10	com.whip.app.TaskCaptureGeometryUiTest	addTaskBoundsStayAlignedAcrossRoutes	29.372	PASS
10	com.whip.app.TaskDayPlannerUiTest	manyCandidatesAndExhaustedCapacityRemainReachableWithKeyboard	28.528	PASS
10	com.whip.app.TaskDayPlannerUiTest	allAreaCapacityAndFailedApplyKeepTheRequestOwnedPreview	22.05	PASS
10	com.whip.app.TaskDayPlannerUiTest	homeAndTodayOpenTheSameRestorablePlanDraft	26.614	PASS
10	com.whip.app.TaskDayPlannerUiTest	shortLargeTextSelectionKeepsResultsAndCompletionReachable	19.058	PASS
10	com.whip.app.TaskDeletionUiTest	permanentDeleteConfirmMutesItsLabelWhenBusy	5.909	PASS
10	com.whip.app.TaskDeletionUiTest	completedRecurringTaskOffersOccurrenceLevelRecovery	4.542	PASS
10	com.whip.app.TaskDeletionUiTest	genericPermanentDeleteDialogDoesNothingWhenCancelled	3.917	PASS
10	com.whip.app.TaskDeletionUiTest	editRemainsVisibleInEveryTaskDetailsSectionIncludingArchivedTasks	5.558	PASS
10	com.whip.app.TaskDeletionUiTest	seriesHistoryShowsMovedAndSkippedOccurrencesAndAllowsUndoSkip	4.953	PASS
10	com.whip.app.TaskDeletionUiTest	permanentDeleteRequiresExplicitSecondConfirmation	8.142	PASS
10	com.whip.app.TaskDeletionUiTest	inboxTaskScheduleSectionCanAssignItsFirstDateWithoutCrashing	4.538	PASS
10	com.whip.app.TaskDeletionUiTest	taskCardSeparatesDetailsFromDirectEditing	4.438	PASS
10	com.whip.app.TaskEditorJourneyE2ETest	existingTaskCanBeReadEditedRecreatedSavedAndReopenedAtLargeText	61.021	PASS
10	com.whip.app.TaskEditorJourneyE2ETest	existingTaskCanBeReadEditedRecreatedSavedAndReopened	55.513	PASS
10	com.whip.app.TaskInlineExecutionUiTest	inlineFocusPreservesCustomValidationAndRequiresActiveTimerReplacement	12.119	PASS
10	com.whip.app.TaskInlineExecutionUiTest	collapsedTaskExecutesSubtasksFocusCompletionAndReopenWithoutOpeningDetails	10.329	PASS
10	com.whip.app.TaskReorderJourneyE2ETest	dragPreviewsPersistsCancelsAndSurvivesRecreation	22.311	PASS
11	com.whip.app.TaskRepositoryTest	planMyDayUndoCannotEraseACompletionThatHappenedAfterPlanning	0.471	PASS
11	com.whip.app.TaskRepositoryTest	editingCompletedRecurringHistoryUpdatesSeriesWithoutCreatingDuplicateBoundary	0.38	PASS
11	com.whip.app.TaskRepositoryTest	editThisAndFutureCanMoveFutureWorkToInboxWithoutMutatingTheOldSeries	0.48	PASS
11	com.whip.app.TaskRepositoryTest	dayPlanRollsBackEarlierWritesWhenALaterSelectedRevisionChanged	0.508	PASS
11	com.whip.app.TaskRepositoryTest	explicitSkipRecordsTheRealClosureTime	0.278	PASS
11	com.whip.app.TaskRepositoryTest	promoteStepCreatesInboxTaskAndArchivesDefinition	0.358	PASS
11	com.whip.app.TaskRepositoryTest	moveUndoRejectsANewerScheduleInsteadOfOverwritingIt	0.33	PASS
11	com.whip.app.TaskRepositoryTest	editingFirstScheduledOccurrenceKeepsIdentityAndCustomIconWithoutEmptySplit	0.489	PASS
11	com.whip.app.TaskRepositoryTest	dayPlanRechecksAddedWorkloadAndRejectsMovedCandidatesAtomically	0.311	PASS
11	com.whip.app.TaskRepositoryTest	sameMillisecondStepDefinitionChangeInvalidatesAStaleCompletion	0.202	PASS
11	com.whip.app.TaskRepositoryTest	reminderQueryExcludesOrdinaryAndArchivedTasks	0.103	PASS
11	com.whip.app.TaskRepositoryTest	bulkMetadataRollsBackEveryTaskWhenAnyTargetIsMissing	0.102	PASS
11	com.whip.app.TaskRepositoryTest	repeatedNotificationCompletionDoesNotRewriteCompletionTime	0.076	PASS
11	com.whip.app.TaskRepositoryTest	editThisAndFutureRejectsOccurrenceCompletedWhileEditorWasOpen	0.253	PASS
11	com.whip.app.TaskRepositoryTest	editThisAndFutureCanEndRecurrenceWithoutRewritingRecordedHistory	0.278	PASS
11	com.whip.app.TaskRepositoryTest	bulkMoveUndoRestoresAnAlreadyMovedRecurringOccurrence	0.206	PASS
11	com.whip.app.TaskRepositoryTest	bulkReopenValidatesEverySnapshotBeforeChangingAnyTask	0.254	PASS
11	com.whip.app.TaskRepositoryTest	manualOrderIsStableAndRejectsMissingTargetsAtomically	0.126	PASS
11	com.whip.app.TaskRepositoryTest	currentWeeklyRuleRejectsAnInvalidVirtualTuesdayAcrossMutations	0.152	PASS
11	com.whip.app.TaskRepositoryTest	bulkMoveUndoRestoresInboxOnceAndRecurringSchedulesAtomically	0.178	PASS
11	com.whip.app.TaskRepositoryTest	sameMillisecondBulkMetadataCannotOverwriteNewerTaskContent	0.078	PASS
11	com.whip.app.TaskRepositoryTest	manualCompletionSnapshotsNamesAndUnfinishedProgress	0.127	PASS
11	com.whip.app.TaskRepositoryTest	archivedTaskCanBeRestoredWithItsSteps	0.101	PASS
11	com.whip.app.TaskRepositoryTest	firstScheduledEditStillPreservesEarlierOutOfCadenceEvidence	0.279	PASS
11	com.whip.app.TaskRepositoryTest	unchangedFiniteOccurrenceCountPreservesOriginalSeriesTotalAcrossSplit	0.228	PASS
11	com.whip.app.TaskRepositoryTest	futureSplitKeepsLaterStateOnlyOccurrenceReachableWhenCadenceChanges	0.253	PASS
11	com.whip.app.TaskRepositoryTest	planMyDayAndItsUndoRestoreEveryUndatedTaskToInbox	0.279	PASS
11	com.whip.app.TaskRepositoryTest	currentOnlyPolicyDoesNotManufactureOccurrenceHistory	0.127	PASS
11	com.whip.app.TaskRepositoryTest	bulkRescheduleIsAtomicAndKeepsRecurringScopeAtOccurrenceLevel	0.385	PASS
11	com.whip.app.TaskRepositoryTest	stepStateIsPerOccurrenceAndAllStepsCanAutoCompleteParent	0.337	PASS
11	com.whip.app.TaskRepositoryTest	staleRecurringRescheduleCannotOverwriteCompletedHistory	0.231	PASS
11	com.whip.app.TaskRepositoryTest	skippedAndMovedOccurrencesCanReturnToTheSeriesSchedule	0.333	PASS
11	com.whip.app.TaskRepositoryTest	repeatedHistoricalReopenCannotOverwriteAnAlreadyOpenOccurrence	0.232	PASS
11	com.whip.app.TaskRepositoryTest	bulkMetadataRejectsAnEnabledButUnselectedArea	0.179	PASS
11	com.whip.app.TaskRepositoryTest	notificationStyleCompletionSnapshotsOnlyCarryUnfinishedStepsVisibleThisOccurrence	0.253	PASS
11	com.whip.app.TaskRepositoryTest	permanentDeleteCascadesSubtasksOccurrenceStateAndHistory	0.385	PASS
11	com.whip.app.TaskRepositoryTest	bulkMetadataReplacesOnlySelectedFieldsAndKeepsPlacementSemantics	0.258	PASS
11	com.whip.app.TaskRepositoryTest	powerTaskFieldsPersistAndUpdateTogether	0.127	PASS
11	com.whip.app.TaskRepositoryTest	futureSplitMigratesRescheduledBoundaryAndItsSubtaskStateExactlyOnce	0.252	PASS
11	com.whip.app.TaskRepositoryTest	staleOneShotProjectionCannotReplaceANewerRecurringDefinition	0.127	PASS
11	com.whip.app.TaskRepositoryTest	editThisAndFutureSplitsSeriesWithoutRewritingRecordedHistory	0.202	PASS
11	com.whip.app.TaskRepositoryTest	invalidTaskDraftsAreRejectedWithoutPartialRows	0.076	PASS
11	com.whip.app.TaskRepositoryTest	carryUnfinishedUsesCumulativePerStepHistoryAcrossThreeOccurrences	0.102	PASS
11	com.whip.app.TaskRepositoryTest	futureSplitPreservesCarryUnfinishedBaselineForRetainedSubtasks	0.177	PASS
11	com.whip.app.TaskRepositoryTest	sameMillisecondBulkArchiveCannotHideAChangedTask	0.051	PASS
11	com.whip.app.TaskRepositoryTest	completedRecurringOccurrenceCanBeReopenedWithoutLosingItsStepState	0.102	PASS
11	com.whip.app.TaskRepositoryTest	staleSkipCannotReplaceCompletedOccurrenceHistory	0.179	PASS
11	com.whip.app.TaskRepositoryTest	moveUndoRejectsACompletionThatHappenedAfterTheMove	0.208	PASS
11	com.whip.app.TaskRepositoryTest	sameMillisecondStaleOneShotMoveCannotOverwriteTheAuthoritativeDate	0.153	PASS
11	com.whip.app.TaskRepositoryTest	staleSubtaskToggleCannotRewriteAClosedOccurrence	0.204	PASS
11	com.whip.app.TimerAlarmIntegrationTest	blockedFocusChannelKeepsTheConfirmedTimerAndRefreshesAfterAndroidAllowsIt	20.559	PASS
11	com.whip.app.TimerAlarmIntegrationTest	focusTimerWakesAndPostsWithoutOpeningAnActivity	6.803	PASS
11	com.whip.app.TimerAlarmIntegrationTest	confirmedFocusStartPublishesNativeCountdownAndStopActionClearsIt	1.59	PASS
11	com.whip.app.TimerAlarmIntegrationTest	focusCountdownTicksInAndroidDrawerAndVisibleStopClearsIt	13.758	PASS
11	com.whip.app.TimerAlarmIntegrationTest	exactAccessGrantRebuildsBothPersistedTimerAlarms	2.377	PASS
11	com.whip.app.TimerAlarmIntegrationTest	staleFocusWakeupCannotReplaceANewerTimer	0.965	PASS
11	com.whip.app.TimerAlarmIntegrationTest	focusReplacementRequiresConsentAndOldStopCannotStopReplacement	1.326	PASS
11	com.whip.app.TimerAlarmIntegrationTest	staleRestWakeupCannotReplaceANewerTimer	0.737	PASS
11	com.whip.app.TimerAlarmIntegrationTest	lateOldFocusScheduleCannotReplaceTheCurrentTimerWork	0.72	PASS
11	com.whip.app.TimerAlarmIntegrationTest	longExpiredFocusTimerIsClearedWithoutResurrectingAnAlert	0.814	PASS
11	com.whip.app.TimerAlarmIntegrationTest	focusStartRejectsInvalidDurationMissingAndArchivedTask	0.59	PASS
11	com.whip.app.TimerAlarmIntegrationTest	focusCompletionEventRequiresMatchingDurableClearEvenWhenAndroidBlocksTheFocusChannel	10.408	PASS
11	com.whip.app.TimerAlarmIntegrationTest	cancellationQueuedForClearedTimerCannotCancelNewerPairOrWork	1.608	PASS
11	com.whip.app.TimerAlarmIntegrationTest	lateOldRestScheduleCannotReplaceTheCurrentTimerWork	1.606	PASS
11	com.whip.app.TimerAlarmIntegrationTest	focusNotificationRefreshRestoresPresentationWithoutReplacingWork	2.209	PASS
11	com.whip.app.TimerAlarmIntegrationTest	restTimerWakesAndPostsWithoutOpeningAnActivity	6.18	PASS
11	com.whip.app.TrackAuthoringJourneyE2ETest	mixedTrackCanBeAuthoredRecoveredAndUsedAtLargeText	429.791	PASS
11	com.whip.app.TrackAuthoringJourneyE2ETest	mixedTrackCanBeAuthoredRecoveredAndUsed	264.833	PASS
11	com.whip.app.TrackCalendarContextTest	trackRollsToANewLogicalDateWithoutARepositoryEmission	0.335	PASS
11	com.whip.app.TrackCollectionFailureJourneyE2ETest	storageFailuresRestoreOrderAndKeepBulkSelectionForRetry	17.909	PASS
11	com.whip.app.TrackCollectionJourneyE2ETest	archivedAndActiveSelectionsStaySeparate	31.725	PASS
11	com.whip.app.TrackCollectionJourneyE2ETest	areaChangesKeepOnlyVisibleSelection	31.255	PASS
11	com.whip.app.TrackCollectionJourneyE2ETest	areaChangesKeepOnlyVisibleSelectionAtLargeText	41.954	PASS
11	com.whip.app.TrackCollectionJourneyE2ETest	archivedAndActiveSelectionsStaySeparateAtLargeText	19.268	PASS
11	com.whip.app.TrackCsvImportIntegrityTest	sevenSuccessiveMaximumCsvImportsKeepCompleteHistoryAndReceipts	31.915	PASS
11	com.whip.app.TrackCsvImportIntegrityTest	previewSnapshotCannotBlessAFormMutationThatOccursBeforePreparation	0.076	PASS
11	com.whip.app.TrackCsvImportIntegrityTest	deterministicEntryCollisionWithoutReceiptFailsClosedAndPreservesTheCollidingFact	0.052	PASS
11	com.whip.app.TrackCsvImportIntegrityTest	malformedOrForgedSecondRowRollsBackTheWholeBatch	0.051	PASS
11	com.whip.app.TrackCsvImportIntegrityTest	reusedBatchWithChangedPayloadOrRowsRejectsButFreshBatchMayDuplicateContent	0.076	PASS
11	com.whip.app.TrackCsvImportIntegrityTest	missingTargetAndReusedNumericIdWithDifferentStableIdentityAreDistinguished	0.076	PASS
11	com.whip.app.TrackCsvImportIntegrityTest	accumulatedHistoryKeepsDetailExportIndexAndDeletionPreviewUsable	0.754	PASS
11	com.whip.app.TrackCsvImportIntegrityTest	requestAndCommittedReceiptIdentityTamperingFailClosedAcrossTheFullEnvelope	0.151	PASS
11	com.whip.app.TrackCsvImportIntegrityTest	failureAtFirstRowCheckpointRollsBackEntireWriteChunkAndReceipt	0.076	PASS
11	com.whip.app.TrackCsvImportIntegrityTest	cumulativeHistoryBeyondModernBindLimitRetainsEveryDirectValue	10.442	PASS
11	com.whip.app.TrackCsvImportIntegrityTest	emptyAndOverLimitDirectRepositoryCallsFailBeforeWriting	0.126	PASS
11	com.whip.app.TrackCsvImportIntegrityTest	concurrentExactRetrySerializesToOneCommitWithoutDuplicateRows	0.077	PASS
11	com.whip.app.TrackCsvImportIntegrityTest	archiveFieldChoiceAndUnitRacesRejectWithoutPartialImports	0.126	PASS
11	com.whip.app.TrackCsvImportIntegrityTest	firstCommitAndExactRetryReturnOneDurableReceiptAndOneBatchOfRows	0.076	PASS
11	com.whip.app.TrackCsvImportIntegrityTest	retryAfterEditDeleteAndAllDeleteNeverRewritesOrResurrectsCommittedHistory	0.102	PASS
11	com.whip.app.TrackCsvImportIntegrityTest	identicalRowsInOneBatchKeepDistinctDeterministicIdentities	0.052	PASS
11	com.whip.app.TrackCsvImportIntegrityTest	exactMaximumCellCustomUnitBatchRemainsBoundedSearchableAndIdempotent	23.693	PASS
11	com.whip.app.TrackCsvImportIntegrityTest	committedBatchIndexesAllRowsAndPersistsExactReceiptEntryAndValueCounts	0.101	PASS
11	com.whip.app.TrackCsvJourneyE2ETest	csvValuesCanBeReviewedRemappedRecoveredAndImported	32.897	PASS
11	com.whip.app.TrackCsvJourneyE2ETest	invalidFileCanBeReplacedWithoutImportingPartialRowsAtLargeText	38.936	PASS
11	com.whip.app.TrackCsvJourneyE2ETest	csvValuesCanBeReviewedRemappedRecoveredAndImportedAtLargeText	30.762	PASS
11	com.whip.app.TrackCsvJourneyE2ETest	invalidFileCanBeReplacedWithoutImportingPartialRows	40.338	PASS
11	com.whip.app.TrackDefinitionIntegrityTest	numberDimensionChangeWithHistoryRollsBackDefinitionAndSearch	0.403	PASS
11	com.whip.app.TrackDefinitionIntegrityTest	archivedUnitCanBeRetainedButCannotBeNewlySelected	0.177	PASS
11	com.whip.app.TrackDefinitionIntegrityTest	staleDefinitionCannotDeleteAFieldAddedByAnotherSave	0.177	PASS
11	com.whip.app.TrackDefinitionIntegrityTest	sameDimensionDefaultUnitCanChangeWithoutRewritingHistory	0.258	PASS
11	com.whip.app.TrackDefinitionIntegrityTest	nondestructiveSaveDoesNotConflictWithConcurrentEntryImport	0.305	PASS
11	com.whip.app.TrackDefinitionIntegrityTest	archivedAreaCanBeRetainedButCannotReceiveANewTrack	0.155	PASS
11	com.whip.app.TrackDefinitionIntegrityTest	sameCountValueEditInvalidatesFieldRemovalReviewAndRollsBackMetadata	0.177	PASS
11	com.whip.app.TrackDefinitionIntegrityTest	reviewedChoiceDeletionRejectsValueAddedAfterReviewAndPreservesEverything	0.177	PASS
11	com.whip.app.TrackDefinitionIntegrityTest	derivedAreaRenameDoesNotFalseConflictButAreaMoveDoes	0.101	PASS
11	com.whip.app.TrackDefinitionMutationUiTest	openingNumberFieldRetainsItsAuthoredUnitAndPrecision	1.71	PASS
11	com.whip.app.TrackDefinitionMutationUiTest	savingTrackConsumesBackAndExposesOneAccessibleBlockingSurface	3.419	PASS
11	com.whip.app.TrackDefinitionMutationUiTest	unavailableEntryRouteExplainsNoMutationAndAlwaysProvidesAnExit	1.156	PASS
11	com.whip.app.TrackDefinitionMutationUiTest	asynchronousDefinitionConflictScrollsToAndAnnouncesItsRecoveryAction	3.271	PASS
11	com.whip.app.TrackDefinitionMutationUiTest	exactRemovalReviewKeepsLongImpactAndActionsReachableAtTwoHundredPercentText	5.335	PASS
11	com.whip.app.TrackDefinitionMutationUiTest	freshAddedNumberFieldUsesCurrentUnitAndPrecisionPreferences	9.162	PASS
11	com.whip.app.TrackDefinitionMutationUiTest	captureTrackUnavailableCatalog	2.869	PASS
11	com.whip.app.TrackDefinitionMutationUiTest	missingEditTargetIsNotReinterpretedAsCreateButRecoveryFailureRemainsRetryable	1.916	PASS
12	com.whip.app.TrackDefinitionReviewJourneyE2ETest	parentValidationRevealsEveryFailedSaveAndAllowsCorrection	78.569	PASS
12	com.whip.app.TrackDefinitionReviewJourneyE2ETest	destructiveReviewPreservesReplacementAndRejectsChangedHistoryAtLargeText	77.62	PASS
12	com.whip.app.TrackDefinitionReviewJourneyE2ETest	normalizedAuthorshipCompletesExistingTrackSave	94.861	PASS
12	com.whip.app.TrackDefinitionReviewJourneyE2ETest	parentValidationRevealsEveryFailedSaveAndAllowsCorrectionAtLargeText	68.628	PASS
12	com.whip.app.TrackDefinitionReviewJourneyE2ETest	destructiveReviewPreservesReplacementAndRejectsChangedHistory	67.225	PASS
12	com.whip.app.TrackDefinitionReviewJourneyE2ETest	normalizedAuthorshipCompletesExistingTrackSaveAtLargeText	98.625	PASS
12	com.whip.app.TrackDeletionUiTest	deletionReviewSurvivesRecreationAndClosesOnlyAfterExactCommit	18.345	PASS
12	com.whip.app.TrackDraftRecoveryUiTest	recoveryNoticesRemainReadableAtLargeText	11.42	PASS
12	com.whip.app.TrackDraftRecoveryUiTest	recoveryNoticesDistinguishLiveAndUnavailableDrafts	11.12	PASS
12	com.whip.app.TrackDraftSavedStateJourneyTest	savedEntriesDoNotAccumulateDraftPayloadsInActivityState	110.62	PASS
12	com.whip.app.TrackDraftSavedStateJourneyTest	rowDeletionReviewKeepsSavedStateWithinPlatformTransport	11.059	PASS
12	com.whip.app.TrackDraftSavedStateJourneyTest	largeAcceptedEntryKeepsSavedStateWithinPlatformTransport	33.509	PASS
12	com.whip.app.TrackEntryIntegrityTest	malformedTypePayloadAndChangedSelectedUnitAreRejectedWithoutRows	0.437	PASS
12	com.whip.app.TrackEntryIntegrityTest	staleDeleteRejectsAndMissingDeleteIsOutcomeUnknown	0.612	PASS
12	com.whip.app.TrackEntryIntegrityTest	updateAndDeleteRejectMissingReidentifiedParentsAndChangedFormsWithoutMutation	0.38	PASS
12	com.whip.app.TrackEntryIntegrityTest	restoreRetryRejectsSameEntryIdentityUnderReincarnatedTrack	0.202	PASS
12	com.whip.app.TrackEntryIntegrityTest	staleEntryUpdateRejectsWithoutErasingConcurrentOptionalValue	0.202	PASS
12	com.whip.app.TrackEntryIntegrityTest	restoreRejectsMissingReidentifiedParentAndDifferentEntryHistory	0.278	PASS
12	com.whip.app.TrackEntryIntegrityTest	committedCreateRetrySurvivesNewRequiredFieldAndArchive	0.177	PASS
12	com.whip.app.TrackEntryIntegrityTest	createRejectsBlankIdentityMissingOrChangedParentChangedFormAndArchivedTrack	0.18	PASS
12	com.whip.app.TrackEntryIntegrityTest	stableCreateIsIdempotentButDifferentContentOrTrackCollidesAndFreshIdentityDuplicates	0.127	PASS
12	com.whip.app.TrackEntryIntegrityTest	everyEntryValueTypeRoundTripsThroughPreparationMutationAndUndo	0.227	PASS
12	com.whip.app.TrackEntryIntegrityTest	undoAllowsUnitRenameAndArchiveButRejectsConversionChange	0.151	PASS
12	com.whip.app.TrackEntryIntegrityTest	restoreRejectsMalformedSnapshotAndLiveValueIdentityCollisionAtomically	0.176	PASS
12	com.whip.app.TrackEntryIntegrityTest	restoreValidatesChoiceAndScaleBeforeWriting	0.127	PASS
12	com.whip.app.TrackEntryIntegrityTest	achievedUpdateRetryWinsBeforeLaterFormChangeAndArchiveButNewMutationDoesNot	0.176	PASS
12	com.whip.app.TrackEntryMutationUiTest	deletingEntryRequiresExactReviewAndFailureKeepsTheConfirmationOpen	3.91	PASS
12	com.whip.app.TrackEntryMutationUiTest	captureTrackEntryDeleteCatalog	5.325	PASS
12	com.whip.app.TrackEntryMutationUiTest	savingEntryShieldsInputAndFailureKeepsTheUsersDraft	2.821	PASS
12	com.whip.app.TrackEntryMutationUiTest	captureTrackEntryEditCatalog	3.424	PASS
12	com.whip.app.TrackEntryMutationUiTest	captureTrackEntryCreateCatalog	3.57	PASS
12	com.whip.app.TrackFieldEditingJourneyE2ETest	incompatibleScaleHistoryCanBeCorrected	46.281	PASS
12	com.whip.app.TrackFieldEditingJourneyE2ETest	incompatibleScaleHistoryCanBeCorrectedAtLargeText	45.547	PASS
12	com.whip.app.TrackFieldEditingJourneyE2ETest	scaleAndUnitChangesPreserveExistingValues	34.674	PASS
12	com.whip.app.TrackFieldEditingJourneyE2ETest	scaleAndUnitChangesPreserveExistingValuesAtLargeText	37.297	PASS
12	com.whip.app.TrackFieldEditingJourneyE2ETest	choiceLabelsAreValidatedBeforeLeavingTheFieldAtLargeText	22.511	PASS
12	com.whip.app.TrackFieldEditingJourneyE2ETest	choiceLabelsAreValidatedBeforeLeavingTheField	22.021	PASS
12	com.whip.app.TrackHistoryControlsJourneyE2ETest	removingSelectedSortFieldKeepsHistoryUsable	14.51	PASS
12	com.whip.app.TrackHistoryControlsJourneyE2ETest	dateBetweenConditionIncludesBothBoundariesAndSurvivesRecreation	36.993	PASS
12	com.whip.app.TrackHistoryControlsJourneyE2ETest	pagedHistoryCanCombineAndRecoverFiltersAtLargeText	62.153	PASS
12	com.whip.app.TrackHistoryControlsJourneyE2ETest	removingSelectedSortFieldKeepsHistoryUsableAtLargeText	14.719	PASS
12	com.whip.app.TrackHistoryControlsJourneyE2ETest	pagedHistoryCanCombineAndRecoverFilters	58.138	PASS
12	com.whip.app.TrackHistoryJourneyE2ETest	archivedHistoryCanBeSearchedRecreatedAndRestoredAtLargeText	34.204	PASS
12	com.whip.app.TrackHistoryJourneyE2ETest	emptyArchivedTrackExplainsRestoreThenOffersFirstEntry	9.704	PASS
12	com.whip.app.TrackHistoryJourneyE2ETest	archivedHistoryCanBeSearchedRecreatedAndRestored	32.8	PASS
12	com.whip.app.TrackHistoryJourneyE2ETest	entryCorrectionRetainsEntriesAndActivityInspectorsAndDuplicateDraft	39.664	PASS
12	com.whip.app.TrackImportedTextJourneyE2ETest	importedShortTextSurvivesEditingRecreationAndSave	15.584	PASS
12	com.whip.app.TrackImportedTextJourneyE2ETest	importedLongTextSurvivesEditingRecreationAndSave	18.773	PASS
13	com.whip.app.TrackInsightRecoveryJourneyE2ETest	archivedEntrylessTrackOffersReadOnlyRecovery	33.437	PASS
13	com.whip.app.TrackInsightRecoveryJourneyE2ETest	unmatchedInsightFiltersCanRecoverExactHistory	41.142	PASS
13	com.whip.app.TrackInsightRecoveryJourneyE2ETest	areaWithoutActiveTracksRetainsArchivedAndOtherAreaEvidence	43.869	PASS
13	com.whip.app.TrackInsightRecoveryJourneyE2ETest	entrylessTrackCanReturnToRecording	40.693	PASS
13	com.whip.app.TrackInsightWindowJourneyE2ETest	recentWindowsExcludeFutureEntriesWithoutChangingHistory	23.001	PASS
13	com.whip.app.TrackInsightsJourneyE2ETest	temperatureAndFineScaleInsightsPreserveReadingsWithoutTotals	48.162	PASS
13	com.whip.app.TrackInsightsJourneyE2ETest	repeatedDateEvidenceOpensAndCorrectsItsExactEntryWithoutLosingInsights	34.947	PASS
13	com.whip.app.TrackInsightsJourneyE2ETest	mixedDistanceUnitsUseTheFieldUnitAndPrecisionAcrossInsights	38.739	PASS
13	com.whip.app.TrackProjectionConsistencyTest	definitionEmissionsKeepTrackFieldsAndChoicesInTheSameRevision	1.499	PASS
13	com.whip.app.TrackProjectionConsistencyTest	entryEmissionsAlwaysIncludeTheirCommittedRequiredValuesAndChoices	0.915	PASS
13	com.whip.app.TrackRepositoryTest	csvSizeGuardCountsAsciiTwoByteThreeByteAndSurrogateUtf8Exactly	0.102	PASS
13	com.whip.app.TrackRepositoryTest	crudSearchCsvAndDestructiveChoiceConfirmationPreserveIdentity	0.403	PASS
13	com.whip.app.TrackRepositoryTest	replacingAChoiceRetargetsEntriesWithoutChangingTheirIdentity	0.328	PASS
13	com.whip.app.TrackRepositoryTest	csvExportEscapesAndFormatsEveryValueTypeAtItsExactUtf8Boundary	0.378	PASS
13	com.whip.app.TrackRepositoryTest	identityOnlyEditSkipsSchemaInvalidation	0.355	PASS
13	com.whip.app.TrackRepositoryTest	reorderNormalizesOmittedArchivedTracksWithoutDuplicatePositions	0.202	PASS
13	com.whip.app.TrackRepositoryTest	projectionsNeverExposeATrackBeforeItsRequiredFields	0.177	PASS
13	com.whip.app.TrackRepositoryTest	largeTrackHistoryIsReadThroughStableBoundedRepositoryPages	17.494	PASS
13	com.whip.app.TrackRepositoryTest	duplicatePreservesCompleteTypedDefinitionWithFreshIdentitiesAndNoHistory	0.534	PASS
13	com.whip.app.TrackRepositoryTest	compositeEntryIdentityAndInlineLabelRoundTripWithoutSilentClearing	0.307	PASS
13	com.whip.app.TrackRepositoryTest	fractionalScaleRoundTripsThroughStorageCsvAnalyticsAndSchemaEdits	0.504	PASS
13	com.whip.app.TrackWorkspaceUiTest	trackSelectionUsesOneCheckboxSemanticOwner	4.111	PASS
13	com.whip.app.TrackWorkspaceUiTest	tracksAndEntriesHaveOneExplicitSearchOwnerAndArchivedResultsReturnToArchive	25.042	PASS
13	com.whip.app.TrackWorkspaceUiTest	activityFiltersAndCrossTrackInsightsUseVisibleTrackData	53.194	PASS
13	com.whip.app.TrackWorkspaceUiTest	adaptiveMasterPaneReorderKeepsItsDedicatedControls	3.133	PASS
13	com.whip.app.TrackWorkspaceUiTest	numericIdentitiesAndEveryLatestTrackRemainReachableInInsights	24.675	PASS
13	com.whip.app.TrackWorkspaceUiTest	tracksWorkspaceRemainsNavigableInRtlAtTwoHundredPercentText	6.043	PASS
13	com.whip.app.TrackWorkspaceUiTest	archivedTrackSummaryOmitsUnavailableAddAction	2.057	PASS
13	com.whip.app.TrackWorkspaceUiTest	trackSummaryRowsKeepLatestAddAndEditActions	3.874	PASS
13	com.whip.app.VisualAcceptanceMatrixTest	longChoiceAndNestedDialogStatesKeepTheirFinalItemsAndActionsReachable	10.826	PASS
13	com.whip.app.VisualAcceptanceMatrixTest	primaryAdaptiveThemeFontAndRtlMatrixHasAnOpaqueConformingSurface	12.111	PASS
13	com.whip.app.VisualCatalogPagesTest	captureSupportingWorkspaceOverview	18.504	PASS
13	com.whip.app.VisualCatalogPagesTest	captureSettingsPageCatalog	40.887	PASS
13	com.whip.app.VisualCatalogPagesTest	captureTaskPageCatalog	114.14	PASS
13	com.whip.app.VisualCatalogPagesTest	captureTrackPageCatalog	20.274	FAIL
13	com.whip.app.VisualCatalogPagesTest	captureGoalPageCatalog	54.839	PASS
13	com.whip.app.VisualCatalogPagesTest	captureSharedPageCatalog	37.487	PASS
13	com.whip.app.VisualCatalogPagesTest	captureHabitPageCatalog	50.393	PASS
13	com.whip.app.VisualCatalogPagesTest	captureGymCategoryAllocationCatalog	19.481	PASS
13	com.whip.app.VisualCatalogPagesTest	captureGymPageCatalog	84.391	PASS
13	com.whip.app.VisualCatalogPagesTest	captureProductivityWorkspaceOverview	17.68	PASS
13	com.whip.app.VisualCatalogSharedShellTest	captureSharedShellCatalog	28.854	PASS
13	com.whip.app.WhipAccessibilityChecksTest	primaryAreasPassComposeAccessibilityTestFramework	62.693	PASS
13	com.whip.app.WhipAccessibilityChecksTest	productivityEditorsAndDetailsPassAccessibilityChecks	60.577	PASS
14	com.whip.app.WhipAppTest	appLaunchesAndRendersComposeContent	5.852	PASS
14	com.whip.app.WhipComposeSemanticsTest	machineLibraryExplainsEquipmentAndOptionalExerciseLinks	7.572	PASS
14	com.whip.app.WhipComposeSemanticsTest	elapsedGoalResetWorksFromHomeExpandedDetails	4.395	PASS
14	com.whip.app.WhipComposeSemanticsTest	globalAddAndHabitEditorAreReachableThroughComposeSemantics	7.879	FAIL
14	com.whip.app.WhipComposeSemanticsTest	taskHabitAndGoalEditorsStartInBasicModeAndRevealAdvancedFields	25.414	PASS
14	com.whip.app.WhipComposeSemanticsTest	gymConfigurationControlsUseProgressiveDisclosure	14.904	PASS
14	com.whip.app.WhipComposeSemanticsTest	taskToolbarKeepsTemporaryControlsAttachedAndFocused	11.25	PASS
14	com.whip.app.WhipComposeSemanticsTest	foldSupportPaneKeepsGymContextSeparateFromPrimaryNavigation	2.998	PASS
14	com.whip.app.WhipComposeSemanticsTest	pinningContractIsVisibleAndExplainedOnWhipHome	4.78	PASS
14	com.whip.app.WhipComposeSemanticsTest	homeCardOpenAndPrimaryCallbacksWorkOnFirstInteractionAfterLaunch	24.76	PASS
14	com.whip.app.WhipComposeSemanticsTest	medicationTemplateStartsAsAThreeItemChecklist	5.19	PASS
14	com.whip.app.WhipComposeSemanticsTest	directTaskHabitAndGoalActionsUseVisibleStateInsteadOfSnackbars	11.267	PASS
14	com.whip.app.WhipComposeSemanticsTest	gymDestinationSurvivesExpandingAndRestoringTheFoldPane	2.853	PASS
14	com.whip.app.WhipNavigationTest	switchingPrimaryAreasPreservesEachAreasLastHeading	4.83	PASS
14	com.whip.app.WhipNavigationTest	primaryAreasAndAccessibleTopActionsAreReachable	2.114	FAIL
14	com.whip.app.WhipNavigationTest	everyFirstClassDestinationIsReachableThroughVisibleNavigation	4.88	FAIL
14	com.whip.app.WhipNavigationTest	homeEntityInspectorsPreserveTheHomeDestination	4.467	PASS
14	com.whip.app.WhipWidgetAreaScopeTest	currentChecklistParentCanBeCompletedDirectlyFromItsWidgetAction	0.58	PASS
14	com.whip.app.WhipWidgetAreaScopeTest	taskCollectionReturnsEveryAgendaTaskAndExpandsSubtaskRows	0.43	PASS
14	com.whip.app.WhipWidgetAreaScopeTest	staleHabitWidgetActionsDoNotMutateHabitsOutsideCurrentConfiguration	0.856	PASS
14	com.whip.app.WhipWidgetAreaScopeTest	widgetLayoutUsesOnlyRemoteViewsSafeClasses	0.102	PASS
14	com.whip.app.WhipWidgetAreaScopeTest	habitWidgetChecklistActionChecksTheChildAndAutoCompletesTheHabit	0.102	PASS
14	com.whip.app.WhipWidgetAreaScopeTest	collectionRefreshPrunesExpansionIdsThatNoLongerIdentifyEligibleRows	0.077	PASS
14	com.whip.app.WhipWidgetAreaScopeTest	taskWidgetSubtaskActionChecksTheExactChild	0.077	PASS
14	com.whip.app.WhipWidgetAreaScopeTest	taskAgendaCompletionActionCompletesTheExactOccurrence	0.052	PASS
14	com.whip.app.WhipWidgetAreaScopeTest	collectionFactoriesRetainLastSuccessfulRowsAfterALaterFailure	0.078	PASS
14	com.whip.app.WhipWidgetAreaScopeTest	habitWidgetPersistsSelectionAndExpansionIndependentlyPerWidget	0.0	PASS
14	com.whip.app.WhipWidgetAreaScopeTest	eachWidgetKeepsAnIndependentAreaScopeAndDeletionCleansItUp	0.001	PASS
14	com.whip.app.WhipWidgetAreaScopeTest	habitCollectionReturnsEverySelectedHabitAndExpandsChecklistRows	0.152	PASS
14	com.whip.app.WhipWidgetAreaScopeTest	completedHabitParentKeepsItsIdentityWhileCompletedChecklistChildIsStruck	0.101	PASS
14	com.whip.app.WhipWidgetAreaScopeTest	replaceGenerationCannotAliasWidgetReferencesOrDisplaySnapshotsWithReusedIds	0.0	PASS
14	com.whip.app.WhipWidgetAreaScopeTest	widgetDeletionRemovesItsLastSuccessfulDisplaySnapshot	0.001	PASS
14	com.whip.app.WhipWidgetAreaScopeTest	collectionFactoriesRenderSuccessfulEmptyWithoutInventingAnErrorRow	0.101	PASS
14	com.whip.app.WhipWidgetAreaScopeTest	taskWidgetParentCompletionExpandsInsteadOfBypassingUnfinishedSubtasks	0.101	PASS
14	com.whip.app.WhipWidgetAreaScopeTest	widgetRefreshFailureExplainsWhetherSavedRowsAreBeingShown	0.001	PASS
14	com.whip.app.WhipWidgetAreaScopeTest	collectionFactoriesExposeFirstFailureWithoutPretendingCachedContentExists	0.0	PASS
14	com.whip.app.WidgetCacheConfigurationTest	failedWidgetWriteAndSavedReminderWarningRemainDistinctAndNeverRepeatTheWrite	0.077	PASS
14	com.whip.app.WidgetCacheConfigurationTest	savingWidgetConfigurationInvalidatesDisplayDataFromThePreviousScope	0.0	PASS
14	com.whip.app.WidgetCacheConfigurationTest	staleWidgetActionsAndReplacedDataNeverReuseAnOldActionResult	0.027	PASS
14	com.whip.app.WidgetExtremeTextTest	minimumTaskWidgetRetainsOnePrimaryRowAndTrailingActionAtExtremeTextScale	0.101	PASS
14	com.whip.app.WidgetExtremeTextTest	minimumHabitWidgetRetainsPrimaryLabelAndTrailingActionAtExtremeTextScale	0.077	PASS
14	com.whip.app.WidgetExtremeTextTest	widgetResourcesProvideDistinctHighContrastDayAndNightPalettes	0.001	PASS
14	com.whip.app.WidgetExtremeTextTest	expandableHabitMovesDisclosureBelowInsteadOfCrushingTextAtExtremeScale	0.102	PASS
14	com.whip.app.WidgetExtremeTextTest	decimalWidgetExposesExactIncrementAndUpperBoundAtExtremeTextScale	0.052	PASS
14	com.whip.app.WorkoutGroupedSetNavigationE2ETest	nextSetInLongSupersetIsVisibleAfterJumpAndRecreation	11.382	PASS
14	com.whip.app.WorkoutRestJourneyE2ETest	restFollowsTheNextSetAndOverridesCanReturnToPrescriptions	32.489	PASS
14	com.whip.app.ZPlatformNotificationSurfaceE2ETest	settingsTestNotificationIsPostedAndVisibleInAndroidsNotificationShade	6.949	PASS
14	com.whip.app.ui.AreaMutationViewModelTest	rejectedAreaMutationReturnsToItsExactOwnerWithoutChangingTheArea	0.177	PASS
14	com.whip.app.ui.AreaMutationViewModelTest	deleteKeepingItemsUsesRepositoryTruthWithoutACollectedUiProjection	0.177	PASS
14	com.whip.app.ui.AreaMutationViewModelTest	successfulMergeReturnsOneReceiptAndMovesTheSavedAreaScope	0.152	PASS
15	com.whip.app.ui.ElapsedGoalTimeUiTest	editorPersistsAnyElapsedUnitCombinationAndShowsALivePreview	16.949	PASS
15	com.whip.app.ui.ElapsedGoalTimeUiTest	resetWithoutEditingPreservesTheExactInstantAndActionsRemainUsableAtLargeText	9.334	PASS
15	com.whip.app.ui.ElapsedGoalTimeUiTest	collapsedElapsedGoalCardKeepsEveryConfiguredUnitVisibleAtNormalText	4.716	PASS
15	com.whip.app.ui.ElapsedGoalTimeUiTest	collapsedElapsedGoalCardKeepsEveryConfiguredUnitVisibleAtLargeText	3.166	PASS
15	com.whip.app.ui.EntitySaveCoordinatorUiTest	verifiedSaveToAnArchivedAreaFallsBackToAllAreas	20.166	PASS
15	com.whip.app.ui.EntitySaveCoordinatorUiTest	configuredHabitAutomaticallyRevealsItsReminderAndScheduleSettings	8.442	PASS
15	com.whip.app.ui.EntitySaveCoordinatorUiTest	atMostHabitShowsAndSavesItsMaximumWhileIgnoringInactiveScheduleValues	7.627	PASS
15	com.whip.app.ui.EntitySaveCoordinatorUiTest	checklistModeRemovesNumericQuickButtonsAndSavesCanonicalValues	14.431	PASS
15	com.whip.app.ui.EntitySaveCoordinatorUiTest	matchingSuccessSettlesTheRestoredEditorExactlyOnce	3.69	PASS
15	com.whip.app.ui.EntitySaveCoordinatorUiTest	habitScheduleDisclosureSurvivesStateRestoration	8.008	PASS
15	com.whip.app.ui.EntitySaveCoordinatorUiTest	abandonedTerminalResultsAreReclaimedAcrossNamespacedSurfacesInBothDirections	3.416	PASS
15	com.whip.app.ui.EntitySaveCoordinatorUiTest	restoredRequestWithoutALiveViewModelCannotRemainStuckSaving	3.842	PASS
15	com.whip.app.ui.EntitySaveCoordinatorUiTest	habitSavingBlocksEditingAndDeepFailureReturnsToTheRetainedDraft	11.731	PASS
15	com.whip.app.ui.EntitySaveCoordinatorUiTest	failureStaysInsideTheEditorAsALiveRetryableMessage	2.936	PASS
15	com.whip.app.ui.EntitySaveCoordinatorUiTest	secondBeginCannotReplaceTheOwnedRequest	2.041	PASS
15	com.whip.app.ui.EntitySaveCoordinatorUiTest	terminalResultFromAnEditorThatLeftCompositionIsReclaimed	2.977	PASS
15	com.whip.app.ui.EntitySaveCoordinatorUiTest	rejectedSaveAndNewRetainsIntentThenAcceptedSuccessStartsAFreshDraft	21.664	PASS
15	com.whip.app.ui.EntitySaveCoordinatorUiTest	invalidHiddenEndConditionReopensScheduleOptionsOnSave	17.725	PASS
15	com.whip.app.ui.EntitySaveCoordinatorUiTest	taskFailureKeepsDraftAndScopeWhileSuccessReconcilesExactlyOnce	17.212	PASS
15	com.whip.app.ui.EntitySaveCoordinatorUiTest	goalSavingBlocksEditingAndDeepFailureReturnsToTheRetainedDraft	13.056	PASS
15	com.whip.app.ui.EntitySaveCoordinatorUiTest	userDataGenerationChangeDropsStaleIdentityStateAndRestoresOnlyTheNewGeneration	4.722	PASS
15	com.whip.app.ui.EntitySaveCoordinatorUiTest	nonOwningNamespaceCannotStealTerminalDeliveryFromComposedOwner	3.645	PASS
15	com.whip.app.ui.EntitySaveCoordinatorUiTest	unknownTrackCreateOutcomeWarnsAgainstRetryUntilTheListIsVerified	4.523	PASS
15	com.whip.app.ui.EntitySaveCoordinatorUiTest	basicHabitCreationSummarizesRemindersAndDisclosesAdvancedScheduleOptions	7.127	PASS
15	com.whip.app.ui.EntitySaveViewModelIntegrationTest	restoredExistingTaskEditWithoutExactSnapshotFailsClosedWithoutCreatingDuplicate	0.946	PASS
15	com.whip.app.ui.EntitySaveViewModelIntegrationTest	habitRepositoryFailureProducesOwnedRetryableFailureAndNoEntity	0.544	PASS
15	com.whip.app.ui.EntitySaveViewModelIntegrationTest	missingHabitHistoryTargetReturnsAnOwnedFailureWithoutGlobalErrorNoise	0.252	PASS
15	com.whip.app.ui.EntitySaveViewModelIntegrationTest	staleTaskScheduleReturnsOwnedFailureAndPreservesCurrentDefinition	0.479	PASS
15	com.whip.app.ui.EntitySaveViewModelIntegrationTest	authoritativeTaskCommitSurvivesTagFollowUpFailureWithoutDuplicateRetryState	0.434	PASS
15	com.whip.app.ui.EntitySaveViewModelIntegrationTest	successfulGoalSaveUsesVisibleStateInsteadOfAnActionSnackbar	0.776	PASS
15	com.whip.app.ui.EntitySaveViewModelIntegrationTest	habitHistoryRequestAdmitsExactlyOneMutationAndReturnsItsTypedReceipt	0.66	PASS
15	com.whip.app.ui.EntitySaveViewModelIntegrationTest	historicalSkipUndoAdmitsOneTapAndReportsARepeatedMissingTargetAsOwnedFailure	0.564	PASS
15	com.whip.app.ui.EntitySaveViewModelIntegrationTest	goalRepositoryFailureProducesOwnedRetryableFailureAndNoEntity	0.304	PASS
15	com.whip.app.ui.EntitySaveViewModelIntegrationTest	taskScheduleRequestAdmitsExactlyOneMutationAndReturnsItsExactReceipt	0.444	PASS
15	com.whip.app.ui.EntitySaveViewModelIntegrationTest	restoredExistingTaskEditWithExactBoundaryUpdatesOnceWithoutCreatingDuplicate	0.557	PASS
15	com.whip.app.ui.EntitySaveViewModelIntegrationTest	permanentDeleteRejectsAnUnreviewedRevisionAndKeepsTheTask	0.543	PASS
15	com.whip.app.ui.EntitySaveViewModelIntegrationTest	restoredEditorBoundaryRejectsExternalMutationWithoutOverwriteOrDuplicate	0.718	PASS
15	com.whip.app.ui.EntitySaveViewModelIntegrationTest	repositoryFailureProducesOwnedRetryableFailureAndNoEntity	0.389	PASS
15	com.whip.app.ui.FirstRunSetupPersistenceUiTest	restoredDraftWithLostRequestExplainsInterruptionAndCanFinish	9.614	PASS
15	com.whip.app.ui.FirstRunSetupPersistenceUiTest	recommendedSetupCanRetryAdmissionAndStorageFailuresWithoutRequestingPermission	8.453	PASS
15	com.whip.app.ui.FirstRunSetupPersistenceUiTest	completedSetupLeavesAnotherSettingsEditorsResultOwnedByThatEditor	3.164	PASS
15	com.whip.app.ui.FirstRunSetupPersistenceUiTest	failedCommitRetainsCustomizedDraftThroughRecreationAndOnlyConfirmedRetryRequestsPermission	18.724	PASS
15	com.whip.app.ui.FirstRunSetupPersistenceUiTest	customizationAndSaveFailureStayReachableAtLargeTextInRtl	16.424	PASS
15	com.whip.app.ui.FreshProductivityUiTest	cancellingHabitDefinitionEditReturnsToHistory	11.439	PASS
15	com.whip.app.ui.FreshProductivityUiTest	goalLogAndResetRemainFullyReadableAtLargeText	8.476	PASS
15	com.whip.app.ui.FreshProductivityUiTest	directCompletionConfirmsBelowTargetAndSavesFrozenOutcome	11.929	PASS
15	com.whip.app.ui.FreshProductivityUiTest	elapsedResetIsSecondaryAndCancelReturnsToTheInspector	8.209	PASS
15	com.whip.app.ui.FreshProductivityUiTest	invalidHabitAmountExplainsTheProblemAndDoesNotSave	9.515	PASS
15	com.whip.app.ui.FreshProductivityUiTest	reachedGoalKeepsLoggingAndDirectCompletionWithoutOpeningDetails	6.149	PASS
15	com.whip.app.ui.FreshProductivityUiTest	archivedHabitExplainsNewEntryPrerequisiteBeforeOpeningAForm	4.908	PASS
15	com.whip.app.ui.FreshProductivityUiTest	managementHabitShowsScheduleAndPauseWithoutExpandedAreaRows	4.877	PASS
15	com.whip.app.ui.FreshProductivityUiTest	savingGoalDefinitionReturnsToHistoryAndDoesNotFollowLaterExternalEdits	21.538	PASS
15	com.whip.app.ui.FreshProductivityUiTest	invalidHistoricalHabitAmountExplainsWhyItCannotBeRecorded	4.942	PASS
15	com.whip.app.ui.FreshProductivityUiTest	cancellingGoalDefinitionEditReturnsToHistory	9.51	PASS
15	com.whip.app.ui.FreshProductivityUiTest	collapsedGoalActionsRespectEveryTypeAndLifecycle	20.367	PASS
15	com.whip.app.ui.FreshSharedCardUiTest	renamingAnEntityPreservesItsScrolledInspectorSection	3.971	PASS
15	com.whip.app.ui.FreshSharedCardUiTest	enlargedCardIdentityRemainsCompleteBesideItsActions	2.604	PASS
15	com.whip.app.ui.GoalSecondaryMutationUiTest	terminalMilestoneSummaryUsesTheFrozenClosureRatherThanTheEditedDefinition	2.449	PASS
15	com.whip.app.ui.GoalSecondaryMutationUiTest	rangeAndConsistencyOutcomesKeepTheirMeasurementMeaning	13.3	PASS
15	com.whip.app.ui.GoalSecondaryMutationUiTest	editingOnlyAProgressNotePreservesItsTinyEnteredValueThroughRestoration	9.033	PASS
15	com.whip.app.ui.GoalSecondaryMutationUiTest	startDateControlsBackdatedProgressAndSurvivesRestoration	22.792	PASS
15	com.whip.app.ui.GoalSecondaryMutationUiTest	progressDatePolicyRejectsFutureAndConfirmsOutsideGoalWindow	7.347	PASS
15	com.whip.app.ui.GoalSecondaryMutationUiTest	archivedInspectorPreservesLifecycleHistoryAndHidesMisleadingPin	5.946	PASS
15	com.whip.app.ui.GoalSecondaryMutationUiTest	progressFailureKeepsDraftAndSavingBlocksBackAndDuplicateSubmit	12.862	PASS
15	com.whip.app.ui.GoalSecondaryMutationUiTest	unitChangesPreserveTargetsAndPartialDrafts	27.872	FAIL
15	com.whip.app.ui.GoalSecondaryMutationUiTest	permanentDeleteShowsCompleteImpactAndRequiresRereviewAfterStaleFailure	5.587	PASS
15	com.whip.app.ui.GoalSecondaryMutationUiTest	leavingAnActionSurfaceClearsItsFailedRequestBeforeOpeningAnotherDialog	2.268	PASS
15	com.whip.app.ui.GoalSecondaryMutationUiTest	captureGoalComponentCatalog	19.092	PASS
15	com.whip.app.ui.GoalSecondaryMutationUiTest	deadlineRemovalAndCalculationSettingsSurviveRestoration	33.612	PASS
15	com.whip.app.ui.GoalSecondaryMutationUiTest	milestoneWeightKeepsPartialDecimalAndValidatesBlankDraft	19.271	PASS
15	com.whip.app.ui.GoalSecondaryMutationUiTest	milestoneIsEditableOnlyForAnUnarchivedActiveGoal	4.126	PASS
15	com.whip.app.ui.GymDeletionViewModelIntegrationTest	restoredRequestWithAbsentMachineSettlesAsAchievedExactlyOnce	1.253	PASS
15	com.whip.app.ui.GymDeletionViewModelIntegrationTest	activityRotationKeepsTheSameRunningOwnerAndDoesNotRedeliverAfterConsumption	0.202	PASS
15	com.whip.app.ui.GymDeletionViewModelIntegrationTest	historyCopyAuthorshipSurvivesWorkspaceDisposalAndProcessRestorationExactly	0.548	PASS
15	com.whip.app.ui.GymDeletionViewModelIntegrationTest	restoredRequestWithAbsentRoutineReconcilesWithoutRecreatingOrDeletingHistory	0.841	PASS
15	com.whip.app.ui.GymDeletionViewModelIntegrationTest	rapidDoubleConfirmAdmitsOnlyOneDeletionAndTerminalResultHasOneOwner	0.667	PASS
15	com.whip.app.ui.GymDeletionViewModelIntegrationTest	restoredRequestWithPresentExerciseIsAdoptedThenReportedInterruptedWithoutDeleting	0.663	PASS
15	com.whip.app.ui.GymDeletionViewModelIntegrationTest	userDataGenerationChangeClearsTheOldOwnerAndPreventsStaleSuccess	1.253	PASS
15	com.whip.app.ui.GymDeletionViewModelIntegrationTest	unverifiedPresentTargetSurvivesProcessReplacementAndFreshVerificationInterruptsSafely	0.464	PASS
15	com.whip.app.ui.GymDeletionViewModelIntegrationTest	restoredRequestWithAbsentExerciseReconcilesToAchievedExactlyOnce	0.636	PASS
15	com.whip.app.ui.GymDeletionViewModelIntegrationTest	machinePreviewRejectsAReusedIdentityWithoutOfferingDeletion	0.515	PASS
15	com.whip.app.ui.GymDeletionViewModelIntegrationTest	restoredRequestWithAbsentWorkoutReconcilesWithoutTouchingExerciseDefinitions	1.204	PASS
15	com.whip.app.ui.GymDeletionViewModelIntegrationTest	workoutDetailsUseOwnedReceiptsForAtomicStartAndDurableUpdate	0.457	PASS
15	com.whip.app.ui.GymDeletionViewModelIntegrationTest	unverifiedOutcomeCanBeReplacedTwiceAndOnlyLatestRequestCanSettle	0.409	PASS
15	com.whip.app.ui.GymDeletionViewModelIntegrationTest	unverifiedAbsentTargetSurvivesProcessReplacementAndFreshVerificationReconciles	0.713	PASS
15	com.whip.app.ui.GymDeletionViewModelIntegrationTest	reviewedMachineDeletionAdmitsOneOwnerAndPreservesTheExerciseDefinition	0.459	PASS
15	com.whip.app.ui.GymDeletionViewModelIntegrationTest	reviewedWorkoutDeletionPublishesAnExactlyOwnedSuccess	0.733	PASS
15	com.whip.app.ui.HabitDeletionUiTest	definitePreCommitFailureRetainsTheReviewForRetryOrRefresh	4.294	PASS
15	com.whip.app.ui.HabitDeletionUiTest	captureHabitDeletionCatalog	5.635	PASS
15	com.whip.app.ui.HabitDeletionUiTest	preparingReviewKeepsTheDialogOpenAndDisablesPermanentDelete	3.672	PASS
15	com.whip.app.ui.HabitDeletionUiTest	staleReviewDisablesDeleteAndOffersExactRefresh	4.793	PASS
15	com.whip.app.ui.HabitDeletionViewModelIntegrationTest	reviewedCandidateRestoresAndAStaleCommitMustRefreshBeforeCompletion	1.258	PASS
15	com.whip.app.ui.HabitDeletionViewModelIntegrationTest	missingOrReusedCandidateIdentityNeverBecomesConfirmable	0.429	PASS
16	com.whip.app.ui.HabitDirectExecutionUiTest	collectionAndTodayRunEveryTrackingModeWithoutOpeningDetails	19.132	PASS
16	com.whip.app.ui.HabitDirectExecutionUiTest	unavailableRowsHideEntryControlsButKeepTimerRecoveryAndSkipUndo	4.697	PASS
16	com.whip.app.ui.HabitDirectExecutionUiTest	collectionEntriesSaveThroughFocusedDialogsWithoutInspector	49.975	PASS
16	com.whip.app.ui.HabitDirectExecutionUiTest	extremeIncrementKeepsItsFullAmountVisibleAndItsPrimaryActionReadable	8.34	PASS
16	com.whip.app.ui.HabitDirectExecutionUiTest	collectionAndTodayKeepDirectInputsReachableAtLargeText	21.483	PASS
16	com.whip.app.ui.HabitUxPresentationUiTest	completedTaskShowsActualCompletionInWhipTimeZone	8.119	PASS
16	com.whip.app.ui.HabitUxPresentationUiTest	timerReviewKeepsEditableEstimateAndActionsReachableWithKeyboard	12.051	PASS
16	com.whip.app.ui.HabitUxPresentationUiTest	isolatedWeeklyObservationsRenderVisiblePointsAcrossGaps	6.992	PASS
16	com.whip.app.ui.HomeDestinationLinksTest	todaySummaryGeometrySurvivesFinalCompletionAndVisibleDestinationsStayScoped	5.84	PASS
16	com.whip.app.ui.HomeDestinationLinksTest	fiveDestinationsUseConsistentOrderedIntroductionCards	3.953	PASS
16	com.whip.app.ui.HomeDestinationLinksTest	todaySummaryKeepsNeutralOutcomesAndActionsReadableAtLargeTextAndRtl	7.137	PASS
16	com.whip.app.ui.HomeDestinationLinksTest	selectedSectionsLeadInTheirSavedOrderWhileEveryToolRemainsReachable	8.128	PASS
16	com.whip.app.ui.ProductAuditSharedUiTest	savingColorBlocksFurtherEditingAndKeepsDraftOnFailure	8.557	PASS
16	com.whip.app.ui.ProductAuditSharedUiTest	interruptedInlineAreaCreationRetainsDraftAndRejectsDisposedCallback	11.945	PASS
16	com.whip.app.ui.ProductAuditSharedUiTest	areaCreationLongFailureCanScrollWhileActionsStayReachable	14.022	PASS
16	com.whip.app.ui.ProductAuditSharedUiTest	clockModesKeepAuthoredTimeAndDuplicateGuidanceAfterRecreation	24.037	PASS
16	com.whip.app.ui.ProductAuditSharedUiTest	emptyCustomDimensionCanCreateAndSelectItsFirstUnit	19.769	PASS
16	com.whip.app.ui.SafetyChoiceUiTest	workoutGroupSaveFailureKeepsParentAndDraftOpenForRetry	11.588	PASS
16	com.whip.app.ui.SafetyChoiceUiTest	choiceRowsOwnTheOnlyRoleAndStateSemanticsNodes	3.244	PASS
16	com.whip.app.ui.SafetyChoiceUiTest	captureWorkoutEditorAndGroupCatalog	11.798	PASS
16	com.whip.app.ui.SafetyChoiceUiTest	backupRestoreChoicesStayFullWidthAndReachableAtCompactLargeText	12.309	PASS
16	com.whip.app.ui.SafetyChoiceUiTest	replaceEverythingRequiresFinalConfirmationAndBusyBlocksDuplicates	12.674	PASS
16	com.whip.app.ui.SafetyChoiceUiTest	cancellingFinalReplacementReturnsToPreview	6.306	PASS
16	com.whip.app.ui.SafetyChoiceUiTest	workoutSaveFailureKeepsParentAndDraftOpenForRetry	19.533	PASS
16	com.whip.app.ui.SafetyChoiceUiTest	workoutSaveSubmissionBlocksDuplicateActionsAndDismissal	6.0	PASS
16	com.whip.app.ui.SafetyChoiceUiTest	replacementTerminalFailureBeforeBusyFrameKeepsRetryAndCancelAcrossRecreation	11.894	PASS
16	com.whip.app.ui.SafetyChoiceUiTest	workoutCompletionActionsAreDisabledWhileAnotherWorkoutMutationOwnsPersistence	3.352	PASS
16	com.whip.app.ui.SafetyChoiceUiTest	workoutEditorPristineCancelClosesButDirtyCancelRequiresDiscard	16.094	PASS
16	com.whip.app.ui.SafetyChoiceUiTest	workoutGroupDirtyCancelRequiresDiscard	11.598	PASS
16	com.whip.app.ui.SettingItemBuilderUiTest	settingChoiceKeepsCompleteValuesAndAnIdentityOwnedCurrentMenu	7.69	PASS
16	com.whip.app.ui.SettingItemBuilderUiTest	settingInformationUsesFullWidthAndEachRoleDispatchesOnce	3.507	PASS
16	com.whip.app.ui.SettingsResponsiveUiTest	timeZoneModeChangeIsNotHiddenWhenTheEffectiveValueStaysTheSame	5.106	PASS
16	com.whip.app.ui.SettingsResponsiveUiTest	wideSettingsCannotSwitchCategoriesBehindATypedEditor	21.016	PASS
16	com.whip.app.ui.SettingsResponsiveUiTest	editorWaitsForItsRequestReceiptAndRetainsAFailedDraftForRetry	9.113	PASS
16	com.whip.app.ui.SettingsResponsiveUiTest	wideSectionSidebarScrollsAtLargeTextAndKeepsSelectionAndFocusSemantics	5.978	PASS
16	com.whip.app.ui.SettingsResponsiveUiTest	rapidRepeatedSaveOwnsExactlyOnePersistenceRequest	8.214	PASS
16	com.whip.app.ui.SettingsResponsiveUiTest	boundedLargeTextEditorAnnouncesErrorsAndGuardsHardwareDismissal	18.031	PASS
16	com.whip.app.ui.SettingsResponsiveUiTest	externalSameFieldChangeKeepsTheDraftButRequiresAnInformedResave	10.42	PASS
16	com.whip.app.ui.SettingsResponsiveUiTest	encryptedBackupInputsKeepSecretKeyboardAndExplainMismatchAtLargeText	22.76	PASS
16	com.whip.app.ui.SettingsResponsiveUiTest	customUnitDialogKeepsDraftAndShowsAnInlineDurabilityFailure	16.947	PASS
16	com.whip.app.ui.SettingsResponsiveUiTest	customEmojiDraftSurvivesDirtyDismissalFailureAndRecreation	21.6	PASS
16	com.whip.app.ui.SettingsResponsiveUiTest	deepDataOperationMakesItsSettledResultVisible	12.781	PASS
16	com.whip.app.ui.SettingsResponsiveUiTest	destructiveCopyAndActionsRemainReachableInAShortLargeTextWindow	8.359	PASS
16	com.whip.app.ui.SettingsResponsiveUiTest	numberSettingKeepsARecreatedDraftOutOfPersistenceUntilDone	9.234	PASS
16	com.whip.app.ui.SettingsResponsiveUiTest	settingsSearchRestoresQueryAndLandsOnExactControlsAndDisclosures	36.845	PASS
16	com.whip.app.ui.SettingsResponsiveUiTest	backupOverviewKeepsRecoveryVisibleAndAdministrationRestorable	22.789	PASS
16	com.whip.app.ui.SettingsResponsiveUiTest	coupledQuietHoursDisableIsNotHiddenByTheDefaultDisplayValue	6.181	PASS
16	com.whip.app.ui.SettingsResponsiveUiTest	customUnitFactorAndActionsRemainReachableAtTwoHundredPercentText	12.799	PASS
16	com.whip.app.ui.SettingsResponsiveUiTest	unchangedAndNormalizationEquivalentDoneCloseWithoutDispatchingAWrite	12.694	PASS
16	com.whip.app.ui.SettingsResponsiveUiTest	destructiveFailureIsAssertiveInsideTheRetainedDialogAndCanBeRetried	4.427	PASS
16	com.whip.app.ui.SettingsResponsiveUiTest	sharedNavigationRowsRemainReachableAndClickableInRtl	3.145	PASS
16	com.whip.app.ui.SettingsResponsiveUiTest	categoryScrollPositionsSurviveSwitchingAndRecreation	5.695	PASS
16	com.whip.app.ui.SettingsResponsiveUiTest	timeZoneSettingDoesNotPersistAValidPrefixOrDraftBeforeDone	6.696	PASS
16	com.whip.app.ui.SettingsResponsiveUiTest	lateProcessMemoryPublicationAfterFailureStillRequiresAndAllowsDurableRetry	9.053	PASS
16	com.whip.app.ui.SettingsResponsiveUiTest	customUnitValidationExplainsInvalidFieldsWithoutHidingTheAction	9.875	PASS
16	com.whip.app.ui.SettingsResponsiveUiTest	settingsActionPairsStackAtCompactLargeTextWithoutShrinkingTargets	2.544	PASS
16	com.whip.app.ui.SharedChoiceAccessibilityUiTest	choiceMenuExposesSelectionAndClosesWhenUnavailable	7.226	PASS
16	com.whip.app.ui.SharedChoiceAccessibilityUiTest	longValuesWrapAndNarrowViewChoicesExposeSelection	8.587	PASS
16	com.whip.app.ui.SharedConsistencyUiTest	areaMenuPlacesSelectionOnTheRowAndKeepsTheCheckDecorative	5.172	PASS
16	com.whip.app.ui.SharedConsistencyUiTest	groupHeadingIsAnnouncedAsAHeading	2.304	PASS
16	com.whip.app.ui.SharedConsistencyUiTest	templateChoiceReturnsToAnEditableScheduledTask	10.696	PASS
16	com.whip.app.ui.SharedConsistencyUiTest	settingsRowAndClickableSectionHeadingHaveOneCompleteSemanticsNode	2.761	PASS
16	com.whip.app.ui.SharedConsistencyUiTest	statusAndEmptyStateExposeSeverityAnnouncementAndHierarchy	2.93	PASS
16	com.whip.app.ui.SharedConsistencyUiTest	taskTemplatesKeepTheFinalRecipeReachableAtExtremeTextAndShortHeight	7.163	PASS
16	com.whip.app.ui.SharedResilienceAuditUiTest	shortInspectorKeepsContentSectionsAndActionsReachable	9.518	PASS
16	com.whip.app.ui.SharedResilienceAuditUiTest	longLoadFailureKeepsRetryReachableAtLargeText	7.511	PASS
16	com.whip.app.ui.SharedResilienceAuditUiTest	listOwnedLoadFailureKeepsRetryAndFollowingContentReachable	5.905	PASS
17	com.whip.app.ui.StatusToneThemeUiTest	everyTypedStatusToneRemainsVisuallyDistinctWithIdenticalCopyAcrossThemes	4.424	PASS
17	com.whip.app.ui.TagManagementUiTest	archiveConfirmationNamesEveryAffectedProductAreaAndPreservesHistory	3.37	PASS
17	com.whip.app.ui.TagManagementUiTest	commaSeparatedNameExplainsThePersistenceBoundaryBeforeSubmission	4.399	PASS
17	com.whip.app.ui.TagManagementUiTest	captureTagManagementCatalog	12.519	PASS
17	com.whip.app.ui.TagManagementUiTest	narrowLargeTextHeaderStacksWithoutHidingPrimaryActions	2.244	PASS
17	com.whip.app.ui.TagManagementUiTest	failedRenameKeepsTheDialogAndDraftOwnedByTheRequest	6.108	PASS
17	com.whip.app.ui.TagManagementUiTest	searchFindsArchivedTagWithoutOpeningArchivedSection	2.32	PASS
17	com.whip.app.ui.TagManagementUiTest	createWithArchivedNameOffersRestoreInsteadOfDuplicate	3.733	PASS
17	com.whip.app.ui.TagManagementUiTest	renameConflictExplainsMergeAndCannotBeSubmitted	3.756	PASS
17	com.whip.app.ui.TagMutationViewModelTest	rejectedRenameReturnsToItsExactOwnerWithoutChangingTags	0.431	PASS
17	com.whip.app.ui.TagMutationViewModelTest	onlyOneTagMutationCanBeAdmittedAtATime	0.127	PASS
17	com.whip.app.ui.TagMutationViewModelTest	settingsCountsTagUsageAcrossEverySupportedProductArea	0.328	PASS
17	com.whip.app.ui.TagMutationViewModelTest	mergePublishesTheExactSourceAndDestination	0.126	PASS
17	com.whip.app.ui.TrackCsvImportRecoveryViewModelTest	deviceRuntimeRejectsMalformedUtf8AndNulButAllowsMaximumRowsWithOneTrailingBlank	0.252	PASS
17	com.whip.app.ui.TrackCsvImportRecoveryViewModelTest	transientTargetLookupFailureKeepsSessionAndRetryWaitsForFreshSuccessfulLoad	0.28	PASS
17	com.whip.app.ui.TrackCsvImportRecoveryViewModelTest	restoredSessionWithSameBatchButDifferentFullEnvelopeFailsClosedBeforeReadingUri	0.177	PASS
17	com.whip.app.ui.TrackCsvImportRecoveryViewModelTest	restoredCommittedSessionVerifiesReceiptBeforeTouchingAnUnavailableUri	0.152	PASS
17	com.whip.app.ui.TrackCsvImportUiTest	completedRecoverySuppressesAnOrphanedCoordinatorError	1.463	PASS
17	com.whip.app.ui.TrackCsvImportUiTest	domainConflictSuppressesUnsafeExactRetryAdvice	1.593	PASS
17	com.whip.app.ui.TrackCsvImportUiTest	missingTrackStillShowsTruthfulCancellableImportState	1.745	PASS
17	com.whip.app.ui.TrackCsvImportUiTest	archivedTargetExplainsTheAvailableCancelRestoreAndReopenPath	1.617	PASS
17	com.whip.app.ui.TrackCsvImportUiTest	unresolvedTrackLookupShowsNeutralLoadingInsteadOfInventingMissingTarget	1.471	PASS
17	com.whip.app.ui.TrackCsvImportUiTest	failedTrackLookupKeepsReviewedImportAndOffersARealRetry	1.442	PASS
17	com.whip.app.ui.TrackCsvImportUiTest	completedReceiptRemainsAuthoritativeWhenTrackLookupSettlesMissing	1.442	PASS
17	com.whip.app.ui.TrackCsvImportUiTest	durableNoReceiptRecoveryNoticeSuppressesAnOrphanedCoordinatorError	1.415	PASS
17	com.whip.app.ui.TrackCsvImportUiTest	ordinaryReadyPersistenceFailureKeepsExactRetryAvailable	1.468	PASS
17	com.whip.app.ui.TrackCsvImportUiTest	previewDisclosesUnicodeExcerptsWithoutChangingImportValuesAndDistinguishesBlank	2.594	PASS
17	com.whip.app.ui.TrackCsvImportUiTest	completedReceiptRemainsAuthoritativeWhenCurrentTrackIsArchived	1.346	PASS
17	com.whip.app.ui.TrackCsvImportUiTest	largeTextKeepsFileDateMappingAndRecoveryActionReachable	4.887	PASS
17	com.whip.app.ui.TrackCsvImportUiTest	captureTrackCsvImportCatalog	3.777	PASS
17	com.whip.app.ui.TrackCsvImportUiTest	importingShieldsTheWholeDialogAndBlocksBackOrDuplicateSubmission	2.699	PASS
17	com.whip.app.ui.TrackCsvImportUiTest	constrainedMultiFieldErrorIsVisibleBeforeFrozenMappingControls	4.984	PASS
17	com.whip.app.ui.TrackEditorCheckpointTest	unchangedSavesReuseFilesAndFreshRestorePrunesOnlyOlderCheckpoints	0.779	PASS
17	com.whip.app.ui.TrackEditorCheckpointTest	missingOrIncompatibleCheckpointCannotSilentlyBecomeANewEntry	0.101	PASS
17	com.whip.app.ui.TrackEditorCheckpointTest	corruptCheckpointShowsRecoveryFailureAndCanBeRetriedWithoutSubstitution	0.105	PASS
17	com.whip.app.ui.TrackEditorCheckpointTest	checkpointKeepsLongTextInvalidNumberAndEffectiveDateExactly	0.052	PASS
17	com.whip.app.ui.TrackEditorCheckpointTest	writeFailurePreservesLiveDraftAndCannotRecoverAnOlderValueAsCurrent	0.203	PASS
17	com.whip.app.ui.TrackEditorCheckpointTest	newOwnerRecoversExactDefinitionBoundaryAndAuthoredChoices	0.052	PASS
17	com.whip.app.ui.TrackEditorCheckpointTest	completionClearsBothHoldersAndOnlyItsOwnFiles	0.127	PASS
17	com.whip.app.ui.TrackEntryDeleteRecoveryUiTest	recoveredDeletionConflictRemainsReachableAtLargeText	13.043	PASS
17	com.whip.app.ui.TrackEntryDeleteRecoveryUiTest	newOwnerCannotReplaceTheRestoredDeletionRevision	10.749	PASS
17	com.whip.app.ui.TrackHistorySearchUiTest	numericConditionReopeningPreservesSubMicroCanonicalBound	1.589	PASS
17	com.whip.app.ui.TrackHistorySearchUiTest	changedQueriesCannotShowStaleMatchesAndFailuresRemainRetryableAtLargeText	7.932	PASS
17	com.whip.app.ui.TrackHistorySearchUiTest	changedQueriesCannotShowStaleMatchesAndFailuresRemainRetryable	6.546	PASS
17	com.whip.app.ui.UnifiedSearchAdaptiveUiTest	escapeDismissesTheProductionSearchDialog	2.002	PASS
17	com.whip.app.ui.UnifiedSearchAdaptiveUiTest	limitedHistoryExplainsMissingRecordsWithoutDefinitiveNoMatch	2.796	PASS
17	com.whip.app.ui.UnifiedSearchAdaptiveUiTest	imeSearchActionRemainsAvailable	2.095	PASS
17	com.whip.app.ui.UnifiedSearchAdaptiveUiTest	enterActivatesTheFocusedSearchControlRatherThanAlwaysTheFirstResult	8.113	PASS
17	com.whip.app.ui.UnifiedSearchAdaptiveUiTest	incompleteSelectedSourcesShowPartialStatusWithoutDefinitiveEmptyAnnouncement	1.263	PASS
17	com.whip.app.ui.UnifiedSearchAdaptiveUiTest	hundredPlusResultsPaginateInReachableFiftyItemSteps	8.177	PASS
17	com.whip.app.ui.UnifiedSearchAdaptiveUiTest	compactProductionShellGivesSearchTheEntireContentPaneWidth	2.293	PASS
17	com.whip.app.ui.UnifiedSearchAdaptiveUiTest	wideWorkspaceSeparatesControlsAndResultsAndExposesPoliteCount	1.767	PASS
17	com.whip.app.ui.UnifiedSearchAdaptiveUiTest	trackOnlySearchUsesSharedUnitsWhenHabitLoadingFails	4.373	PASS
17	com.whip.app.ui.UnifiedSearchAdaptiveUiTest	compact320By480AtTwoXKeepsStickyQueryCloseAndScrollableResultsReachable	4.784	PASS
17	com.whip.app.ui.UnifiedSearchAdaptiveUiTest	workoutClockAndChangedContentKeepSearchResultsCurrent	5.854	PASS
17	com.whip.app.ui.UnifiedSearchAdaptiveUiTest	wideToShortWorkspaceRetainsTheFocusedQuery	2.647	PASS
17	com.whip.app.ui.UnifiedSearchAdaptiveUiTest	settledEmptyStateNamesBothAvailableRecoveryActions	1.238	PASS
17	com.whip.app.ui.VisualCatalogHabitComponentsTest	captureHabitComponentCatalog	7.274	PASS
18	com.whip.app.ui.VisualCatalogSharedComponentsTest	captureSharedComponentCatalog	59.443	PASS
18	com.whip.app.ui.VisualCatalogTaskComponentsTest	captureTaskWorkspaceControlCatalog	23.353	PASS
18	com.whip.app.ui.VisualCatalogTaskComponentsTest	captureTaskComponentCatalog	32.586	PASS
18	com.whip.app.ui.WhipRecordItemTest	actionsStayWithTheirRecordAndUseCurrentCallbacks	4.692	PASS
18	com.whip.app.ui.WhipRecordItemTest	narrowRecordsKeepInformationBelowTheWholeHeader	2.495	PASS
18	com.whip.app.ui.WhipRecordItemTest	completeCatalogContentAndDirectActionsSurviveReorderMode	4.539	PASS
18	com.whip.app.ui.WhipRecordItemTest	commandAvailabilityClosesAnUnavailableMenuAndRecoversWithoutDispatch	4.838	PASS
18	com.whip.app.ui.WhipSummaryBuilderTest	shortSeriesNamesZeroAndNonzeroEvidenceWithoutClickActions	2.391	PASS
18	com.whip.app.ui.WhipSummaryBuilderTest	metricsReflowWithoutLosingExactReadingsOrTheirLabels	2.373	PASS
18	com.whip.app.ui.WorkoutDeletionUiTest	activeWorkoutIsBlockedAndActionsRemainReachableAtLargeText	7.274	PASS
18	com.whip.app.ui.WorkoutDeletionUiTest	exactReviewDistinguishesRemovedRecalculatedAndPreservedHistory	6.672	PASS
18	com.whip.app.ui.WorkoutDeletionUiTest	staleReviewDisablesDeletionAndOffersAnExplicitRereview	3.724	PASS
19	com.whip.app.DataEpochResetIntegrationTest	resetIsRepeatableCanonicalAndLeavesNonWhipPreferencesAlone	0.339	PASS
