--------- beginning of main
09-29 07:49:07.692  2247  2263 I TestRunner: finished: coldStartupWithProfile(com.whip.benchmark.StartupBenchmark)
09-29 07:49:07.708  2247  2263 I TestRunner: started: coldStartupWithoutCompilation(com.whip.benchmark.StartupBenchmark)
09-29 07:50:15.814  2247  2263 I TestRunner: finished: coldStartupWithoutCompilation(com.whip.benchmark.StartupBenchmark)
09-29 07:50:15.818  2247  2263 I TestRunner: started: warmStartupWithProfile(com.whip.benchmark.StartupBenchmark)
09-29 07:51:02.381  2247  2263 I TestRunner: finished: warmStartupWithProfile(com.whip.benchmark.StartupBenchmark)
09-29 07:51:02.393  2247  2263 I TestRunner: started: primaryNavigationFrameTiming(com.whip.benchmark.StartupBenchmark)
09-29 07:52:30.083  2247  2263 I TestRunner: finished: primaryNavigationFrameTiming(com.whip.benchmark.StartupBenchmark)
09-29 07:52:30.087  2247  2263 I TestRunner: started: expandedResizeFrameTiming(com.whip.benchmark.StartupBenchmark)
09-29 07:53:58.740  2247  2263 I TestRunner: finished: expandedResizeFrameTiming(com.whip.benchmark.StartupBenchmark)
09-29 07:53:58.745  2247  2263 I TestRunner: run finished: 9 tests, 3 failed, 0 ignored
09-29 09:52:12.700 10067 10083 I TestRunner: run started: 9 tests
09-29 09:52:12.700 10067 10083 I TestRunner: started: criticalUserJourneys(com.whip.benchmark.BaselineProfileGenerator)
09-29 09:58:34.699 10067 10083 I TestRunner: finished: criticalUserJourneys(com.whip.benchmark.BaselineProfileGenerator)
09-29 09:58:34.707 10067 10083 I TestRunner: started: goalAndGymGraphsWithOneHundredThousandPoints(com.whip.benchmark.DenseDataBenchmark)
09-29 09:59:55.202 10067 10083 E TestRunner: failed: goalAndGymGraphsWithOneHundredThousandPoints(com.whip.benchmark.DenseDataBenchmark)
09-29 09:59:55.204 10067 10083 E TestRunner: ----- begin exception -----
09-29 09:59:55.206 10067 10083 E TestRunner: java.lang.IllegalStateException: Benchmark UI did not show 100k point goal
09-29 09:59:55.206 10067 10083 E TestRunner: 	at i.d(r8-map-id-3d68a8784b52cd5ea200304b2019595819d7278a8e7caa55596621c9e4859c8e:7)
09-29 09:59:55.206 10067 10083 E TestRunner: 	at com.whip.benchmark.BenchmarkUiKt.requireObject(r8-map-id-3d68a8784b52cd5ea200304b2019595819d7278a8e7caa55596621c9e4859c8e:29)
09-29 09:59:55.206 10067 10083 E TestRunner: 	at com.whip.benchmark.DenseDataBenchmark.goalAndGymGraphsWithOneHundredThousandPoints$lambda$1(r8-map-id-3d68a8784b52cd5ea200304b2019595819d7278a8e7caa55596621c9e4859c8e:53)
09-29 09:59:55.206 10067 10083 E TestRunner: 	at com.whip.benchmark.DenseDataBenchmark.e(r8-map-id-3d68a8784b52cd5ea200304b2019595819d7278a8e7caa55596621c9e4859c8e:1)
09-29 09:59:55.206 10067 10083 E TestRunner: 	at n.invoke(r8-map-id-3d68a8784b52cd5ea200304b2019595819d7278a8e7caa55596621c9e4859c8e:165)
09-29 09:59:55.206 10067 10083 E TestRunner: 	at androidx.benchmark.macro.MacrobenchmarkPhaseKt.runPhase$lambda$18$lambda$12(r8-map-id-3d68a8784b52cd5ea200304b2019595819d7278a8e7caa55596621c9e4859c8e:63)
09-29 09:59:55.206 10067 10083 E TestRunner: 	at androidx.benchmark.macro.MacrobenchmarkPhaseKt.b(r8-map-id-3d68a8784b52cd5ea200304b2019595819d7278a8e7caa55596621c9e4859c8e:1)
09-29 09:59:55.206 10067 10083 E TestRunner: 	at u0.invoke(r8-map-id-3d68a8784b52cd5ea200304b2019595819d7278a8e7caa55596621c9e4859c8e:11)
09-29 09:59:55.206 10067 10083 E TestRunner: 	at androidx.benchmark.perfetto.PerfettoCaptureWrapper.record(r8-map-id-3d68a8784b52cd5ea200304b2019595819d7278a8e7caa55596621c9e4859c8e:67)
09-29 09:59:55.206 10067 10083 E TestRunner: 	at androidx.benchmark.perfetto.PerfettoCaptureWrapper.record$default(r8-map-id-3d68a8784b52cd5ea200304b2019595819d7278a8e7caa55596621c9e4859c8e:17)
09-29 09:59:55.206 10067 10083 E TestRunner: 	at androidx.benchmark.macro.MacrobenchmarkPhaseKt.runPhase(r8-map-id-3d68a8784b52cd5ea200304b2019595819d7278a8e7caa55596621c9e4859c8e:246)
09-29 09:59:55.206 10067 10083 E TestRunner: 	at androidx.benchmark.macro.MacrobenchmarkKt.macrobenchmark$lambda$6(r8-map-id-3d68a8784b52cd5ea200304b2019595819d7278a8e7caa55596621c9e4859c8e:89)
09-29 09:59:55.206 10067 10083 E TestRunner: 	at androidx.benchmark.macro.MacrobenchmarkKt.d(r8-map-id-3d68a8784b52cd5ea200304b2019595819d7278a8e7caa55596621c9e4859c8e:1)
09-29 09:59:55.206 10067 10083 E TestRunner: 	at r0.invoke(r8-map-id-3d68a8784b52cd5ea200304b2019595819d7278a8e7caa55596621c9e4859c8e:49)
09-29 09:59:55.206 10067 10083 E TestRunner: 	at androidx.benchmark.macro.TraceProcessorExtensionsKt.runServer(r8-map-id-3d68a8784b52cd5ea200304b2019595819d7278a8e7caa55596621c9e4859c8e:15)
09-29 09:59:55.206 10067 10083 E TestRunner: 	at androidx.benchmark.macro.TraceProcessorExtensionsKt.runServer$default(r8-map-id-3d68a8784b52cd5ea200304b2019595819d7278a8e7caa55596621c9e4859c8e:9)
09-29 09:59:55.206 10067 10083 E TestRunner: 	at androidx.benchmark.macro.MacrobenchmarkKt.macrobenchmark(r8-map-id-3d68a8784b52cd5ea200304b2019595819d7278a8e7caa55596621c9e4859c8e:22)
09-29 09:59:55.206 10067 10083 E TestRunner: 	at androidx.benchmark.macro.MacrobenchmarkKt.macrobenchmarkWithStartupMode(r8-map-id-3d68a8784b52cd5ea200304b2019595819d7278a8e7caa55596621c9e4859c8e:131)
09-29 09:59:55.206 10067 10083 E TestRunner: 	at androidx.benchmark.macro.junit4.MacrobenchmarkRule.measureRepeated(r8-map-id-3d68a8784b52cd5ea200304b2019595819d7278a8e7caa55596621c9e4859c8e:95)
09-29 09:59:55.206 10067 10083 E TestRunner: 	at androidx.benchmark.macro.junit4.MacrobenchmarkRule.measureRepeated$default(r8-map-id-3d68a8784b52cd5ea200304b2019595819d7278a8e7caa55596621c9e4859c8e:45)
09-29 09:59:55.206 10067 10083 E TestRunner: 	at com.whip.benchmark.DenseDataBenchmark.goalAndGymGraphsWithOneHundredThousandPoints(r8-map-id-3d68a8784b52cd5ea200304b2019595819d7278a8e7caa55596621c9e4859c8e:48)
09-29 09:59:55.206 10067 10083 E TestRunner: 	at java.lang.reflect.Method.invoke(Native Method)
09-29 09:59:55.206 10067 10083 E TestRunner: 	at org.junit.runners.model.FrameworkMethod$1.runReflectiveCall(r8-map-id-3d68a8784b52cd5ea200304b2019595819d7278a8e7caa55596621c9e4859c8e:11)
09-29 09:59:55.206 10067 10083 E TestRunner: 	at org.junit.internal.runners.model.ReflectiveCallable.run(r8-map-id-3d68a8784b52cd5ea200304b2019595819d7278a8e7caa55596621c9e4859c8e:1)
09-29 09:59:55.206 10067 10083 E TestRunner: 	at org.junit.runners.model.FrameworkMethod.invokeExplosively(r8-map-id-3d68a8784b52cd5ea200304b2019595819d7278a8e7caa55596621c9e4859c8e:6)
09-29 09:59:55.206 10067 10083 E TestRunner: 	at org.junit.internal.runners.statements.InvokeMethod.evaluate(r8-map-id-3d68a8784b52cd5ea200304b2019595819d7278a8e7caa55596621c9e4859c8e:8)
09-29 09:59:55.206 10067 10083 E TestRunner: 	at androidx.benchmark.macro.junit4.MacrobenchmarkRule$apply$1.evaluate(r8-map-id-3d68a8784b52cd5ea200304b2019595819d7278a8e7caa55596621c9e4859c8e:25)
09-29 09:59:55.206 10067 10083 E TestRunner: 	at org.junit.runners.ParentRunner$3.evaluate(r8-map-id-3d68a8784b52cd5ea200304b2019595819d7278a8e7caa55596621c9e4859c8e:3)
09-29 09:59:55.206 10067 10083 E TestRunner: 	at org.junit.runners.BlockJUnit4ClassRunner$1.evaluate(r8-map-id-3d68a8784b52cd5ea200304b2019595819d7278a8e7caa55596621c9e4859c8e:9)
09-29 09:59:55.206 10067 10083 E TestRunner: 	at org.junit.runners.ParentRunner.runLeaf(r8-map-id-3d68a8784b52cd5ea200304b2019595819d7278a8e7caa55596621c9e4859c8e:9)
09-29 09:59:55.206 10067 10083 E TestRunner: 	at org.junit.runners.BlockJUnit4ClassRunner.runChild(r8-map-id-3d68a8784b52cd5ea200304b2019595819d7278a8e7caa55596621c9e4859c8e:20)
09-29 09:59:55.206 10067 10083 E TestRunner: 	at org.junit.runners.BlockJUnit4ClassRunner.runChild(r8-map-id-3d68a8784b52cd5ea200304b2019595819d7278a8e7caa55596621c9e4859c8e:24)
09-29 09:59:55.206 10067 10083 E TestRunner: 	at org.junit.runners.ParentRunner$4.run(r8-map-id-3d68a8784b52cd5ea200304b2019595819d7278a8e7caa55596621c9e4859c8e:7)
09-29 09:59:55.206 10067 10083 E TestRunner: 	at org.junit.runners.ParentRunner$1.schedule(r8-map-id-3d68a8784b52cd5ea200304b2019595819d7278a8e7caa55596621c9e4859c8e:1)
09-29 09:59:55.206 10067 10083 E TestRunner: 	at org.junit.runners.ParentRunner.runChildren(r8-map-id-3d68a8784b52cd5ea200304b2019595819d7278a8e7caa55596621c9e4859c8e:26)
09-29 09:59:55.206 10067 10083 E TestRunner: 	at org.junit.runners.ParentRunner.access$100(r8-map-id-3d68a8784b52cd5ea200304b2019595819d7278a8e7caa55596621c9e4859c8e:1)
09-29 09:59:55.206 10067 10083 E TestRunner: 	at org.junit.runners.ParentRunner$2.evaluate(r8-map-id-3d68a8784b52cd5ea200304b2019595819d7278a8e7caa55596621c9e4859c8e:5)
09-29 09:59:55.206 10067 10083 E TestRunner: 	at org.junit.runners.ParentRunner$3.evaluate(r8-map-id-3d68a8784b52cd5ea200304b2019595819d7278a8e7caa55596621c9e4859c8e:3)
09-29 09:59:55.206 10067 10083 E TestRunner: 	at org.junit.runners.ParentRunner.run(r8-map-id-3d68a8784b52cd5ea200304b2019595819d7278a8e7caa55596621c9e4859c8e:17)
09-29 09:59:55.206 10067 10083 E TestRunner: 	at androidx.test.ext.junit.runners.AndroidJUnit4.run(r8-map-id-3d68a8784b52cd5ea200304b2019595819d7278a8e7caa55596621c9e4859c8e:3)
09-29 09:59:55.206 10067 10083 E TestRunner: 	at org.junit.runners.Suite.runChild(r8-map-id-3d68a8784b52cd5ea200304b2019595819d7278a8e7caa55596621c9e4859c8e:7)
09-29 09:59:55.206 10067 10083 E TestRunner: 	at org.junit.runners.Suite.runChild(r8-map-id-3d68a8784b52cd5ea200304b2019595819d7278a8e7caa55596621c9e4859c8e:3)
09-29 09:59:55.206 10067 10083 E TestRunner: 	at org.junit.runners.ParentRunner$4.run(r8-map-id-3d68a8784b52cd5ea200304b2019595819d7278a8e7caa55596621c9e4859c8e:7)
09-29 09:59:55.206 10067 10083 E TestRunner: 	at org.junit.runners.ParentRunner$1.schedule(r8-map-id-3d68a8784b52cd5ea200304b2019595819d7278a8e7caa55596621c9e4859c8e:1)
09-29 09:59:55.206 10067 10083 E TestRunner: 	at org.junit.runners.ParentRunner.runChildren(r8-map-id-3d68a8784b52cd5ea200304b2019595819d7278a8e7caa55596621c9e4859c8e:26)
09-29 09:59:55.206 10067 10083 E TestRunner: 	at org.junit.runners.ParentRunner.access$100(r8-map-id-3d68a8784b52cd5ea200304b2019595819d7278a8e7caa55596621c9e4859c8e:1)
09-29 09:59:55.206 10067 10083 E TestRunner: 	at org.junit.runners.ParentRunner$2.evaluate(r8-map-id-3d68a8784b52cd5ea200304b2019595819d7278a8e7caa55596621c9e4859c8e:5)
09-29 09:59:55.206 10067 10083 E TestRunner: 	at org.junit.runners.ParentRunner$3.evaluate(r8-map-id-3d68a8784b52cd5ea200304b2019595819d7278a8e7caa55596621c9e4859c8e:3)
09-29 09:59:55.206 10067 10083 E TestRunner: 	at org.junit.runners.ParentRunner.run(r8-map-id-3d68a8784b52cd5ea200304b2019595819d7278a8e7caa55596621c9e4859c8e:17)
09-29 09:59:55.206 10067 10083 E TestRunner: 	at org.junit.runner.JUnitCore.run(r8-map-id-3d68a8784b52cd5ea200304b2019595819d7278a8e7caa55596621c9e4859c8e:26)
09-29 09:59:55.206 10067 10083 E TestRunner: 	at org.junit.runner.JUnitCore.run(r8-map-id-3d68a8784b52cd5ea200304b2019595819d7278a8e7caa55596621c9e4859c8e:44)
09-29 09:59:55.206 10067 10083 E TestRunner: 	at androidx.test.internal.runner.TestExecutor.execute(r8-map-id-3d68a8784b52cd5ea200304b2019595819d7278a8e7caa55596621c9e4859c8e:9)
09-29 09:59:55.206 10067 10083 E TestRunner: 	at androidx.test.internal.runner.TestExecutor.execute(r8-map-id-3d68a8784b52cd5ea200304b2019595819d7278a8e7caa55596621c9e4859c8e:68)
09-29 09:59:55.206 10067 10083 E TestRunner: 	at androidx.test.runner.AndroidJUnitRunner.onStart(r8-map-id-3d68a8784b52cd5ea200304b2019595819d7278a8e7caa55596621c9e4859c8e:137)
09-29 09:59:55.206 10067 10083 E TestRunner: 	at android.app.Instrumentation$InstrumentationThread.run(Instrumentation.java:2402)
09-29 09:59:55.208 10067 10083 E TestRunner: ----- end exception -----
09-29 09:59:55.209 10067 10083 I TestRunner: finished: goalAndGymGraphsWithOneHundredThousandPoints(com.whip.benchmark.DenseDataBenchmark)
09-29 09:59:55.215 10067 10083 I TestRunner: started: activeWorkoutInlineInputLatency(com.whip.benchmark.DenseDataBenchmark)
09-29 10:01:04.242 10067 10083 E TestRunner: failed: activeWorkoutInlineInputLatency(com.whip.benchmark.DenseDataBenchmark)
09-29 10:01:04.246 10067 10083 E TestRunner: ----- begin exception -----
09-29 10:01:04.250 10067 10083 E TestRunner: java.lang.IllegalStateException: Benchmark input did not complete its only pending Set
09-29 10:01:04.250 10067 10083 E TestRunner: 	at b1.d(r8-map-id-3d68a8784b52cd5ea200304b2019595819d7278a8e7caa55596621c9e4859c8e:3)
09-29 10:01:04.250 10067 10083 E TestRunner: 	at com.whip.benchmark.DenseDataBenchmark.activeWorkoutInlineInputLatency$lambda$1(r8-map-id-3d68a8784b52cd5ea200304b2019595819d7278a8e7caa55596621c9e4859c8e:262)
09-29 10:01:04.250 10067 10083 E TestRunner: 	at com.whip.benchmark.DenseDataBenchmark.d(r8-map-id-3d68a8784b52cd5ea200304b2019595819d7278a8e7caa55596621c9e4859c8e:1)
09-29 10:01:04.250 10067 10083 E TestRunner: 	at n.invoke(r8-map-id-3d68a8784b52cd5ea200304b2019595819d7278a8e7caa55596621c9e4859c8e:179)
09-29 10:01:04.250 10067 10083 E TestRunner: 	at androidx.benchmark.macro.MacrobenchmarkPhaseKt.runPhase$lambda$18$lambda$12(r8-map-id-3d68a8784b52cd5ea200304b2019595819d7278a8e7caa55596621c9e4859c8e:63)
09-29 10:01:04.250 10067 10083 E TestRunner: 	at androidx.benchmark.macro.MacrobenchmarkPhaseKt.b(r8-map-id-3d68a8784b52cd5ea200304b2019595819d7278a8e7caa55596621c9e4859c8e:1)
09-29 10:01:04.250 10067 10083 E TestRunner: 	at u0.invoke(r8-map-id-3d68a8784b52cd5ea200304b2019595819d7278a8e7caa55596621c9e4859c8e:11)
09-29 10:01:04.250 10067 10083 E TestRunner: 	at androidx.benchmark.perfetto.PerfettoCaptureWrapper.record(r8-map-id-3d68a8784b52cd5ea200304b2019595819d7278a8e7caa55596621c9e4859c8e:67)
09-29 10:01:04.250 10067 10083 E TestRunner: 	at androidx.benchmark.perfetto.PerfettoCaptureWrapper.record$default(r8-map-id-3d68a8784b52cd5ea200304b2019595819d7278a8e7caa55596621c9e4859c8e:17)
09-29 10:01:04.250 10067 10083 E TestRunner: 	at androidx.benchmark.macro.MacrobenchmarkPhaseKt.runPhase(r8-map-id-3d68a8784b52cd5ea200304b2019595819d7278a8e7caa55596621c9e4859c8e:246)
09-29 10:01:04.250 10067 10083 E TestRunner: 	at androidx.benchmark.macro.MacrobenchmarkKt.macrobenchmark$lambda$6(r8-map-id-3d68a8784b52cd5ea200304b2019595819d7278a8e7caa55596621c9e4859c8e:89)
09-29 10:01:04.250 10067 10083 E TestRunner: 	at androidx.benchmark.macro.MacrobenchmarkKt.d(r8-map-id-3d68a8784b52cd5ea200304b2019595819d7278a8e7caa55596621c9e4859c8e:1)
09-29 10:01:04.250 10067 10083 E TestRunner: 	at r0.invoke(r8-map-id-3d68a8784b52cd5ea200304b2019595819d7278a8e7caa55596621c9e4859c8e:49)
09-29 10:01:04.250 10067 10083 E TestRunner: 	at androidx.benchmark.macro.TraceProcessorExtensionsKt.runServer(r8-map-id-3d68a8784b52cd5ea200304b2019595819d7278a8e7caa55596621c9e4859c8e:15)
09-29 10:01:04.250 10067 10083 E TestRunner: 	at androidx.benchmark.macro.TraceProcessorExtensionsKt.runServer$default(r8-map-id-3d68a8784b52cd5ea200304b2019595819d7278a8e7caa55596621c9e4859c8e:9)
09-29 10:01:04.250 10067 10083 E TestRunner: 	at androidx.benchmark.macro.MacrobenchmarkKt.macrobenchmark(r8-map-id-3d68a8784b52cd5ea200304b2019595819d7278a8e7caa55596621c9e4859c8e:22)
09-29 10:01:04.250 10067 10083 E TestRunner: 	at androidx.benchmark.macro.MacrobenchmarkKt.macrobenchmarkWithStartupMode(r8-map-id-3d68a8784b52cd5ea200304b2019595819d7278a8e7caa55596621c9e4859c8e:131)
09-29 10:01:04.250 10067 10083 E TestRunner: 	at androidx.benchmark.macro.junit4.MacrobenchmarkRule.measureRepeated(r8-map-id-3d68a8784b52cd5ea200304b2019595819d7278a8e7caa55596621c9e4859c8e:95)
09-29 10:01:04.250 10067 10083 E TestRunner: 	at androidx.benchmark.macro.junit4.MacrobenchmarkRule.measureRepeated$default(r8-map-id-3d68a8784b52cd5ea200304b2019595819d7278a8e7caa55596621c9e4859c8e:45)
09-29 10:01:04.250 10067 10083 E TestRunner: 	at com.whip.benchmark.DenseDataBenchmark.activeWorkoutInlineInputLatency(r8-map-id-3d68a8784b52cd5ea200304b2019595819d7278a8e7caa55596621c9e4859c8e:42)
09-29 10:01:04.250 10067 10083 E TestRunner: 	at java.lang.reflect.Method.invoke(Native Method)
09-29 10:01:04.250 10067 10083 E TestRunner: 	at org.junit.runners.model.FrameworkMethod$1.runReflectiveCall(r8-map-id-3d68a8784b52cd5ea200304b2019595819d7278a8e7caa55596621c9e4859c8e:11)
09-29 10:01:04.250 10067 10083 E TestRunner: 	at org.junit.internal.runners.model.ReflectiveCallable.run(r8-map-id-3d68a8784b52cd5ea200304b2019595819d7278a8e7caa55596621c9e4859c8e:1)
09-29 10:01:04.250 10067 10083 E TestRunner: 	at org.junit.runners.model.FrameworkMethod.invokeExplosively(r8-map-id-3d68a8784b52cd5ea200304b2019595819d7278a8e7caa55596621c9e4859c8e:6)
09-29 10:01:04.250 10067 10083 E TestRunner: 	at org.junit.internal.runners.statements.InvokeMethod.evaluate(r8-map-id-3d68a8784b52cd5ea200304b2019595819d7278a8e7caa55596621c9e4859c8e:8)
09-29 10:01:04.250 10067 10083 E TestRunner: 	at androidx.benchmark.macro.junit4.MacrobenchmarkRule$apply$1.evaluate(r8-map-id-3d68a8784b52cd5ea200304b2019595819d7278a8e7caa55596621c9e4859c8e:25)
09-29 10:01:04.250 10067 10083 E TestRunner: 	at org.junit.runners.ParentRunner$3.evaluate(r8-map-id-3d68a8784b52cd5ea200304b2019595819d7278a8e7caa55596621c9e4859c8e:3)
09-29 10:01:04.250 10067 10083 E TestRunner: 	at org.junit.runners.BlockJUnit4ClassRunner$1.evaluate(r8-map-id-3d68a8784b52cd5ea200304b2019595819d7278a8e7caa55596621c9e4859c8e:9)
09-29 10:01:04.250 10067 10083 E TestRunner: 	at org.junit.runners.ParentRunner.runLeaf(r8-map-id-3d68a8784b52cd5ea200304b2019595819d7278a8e7caa55596621c9e4859c8e:9)
09-29 10:01:04.251 10067 10083 E TestRunner: 	at org.junit.runners.BlockJUnit4ClassRunner.runChild(r8-map-id-3d68a8784b52cd5ea200304b2019595819d7278a8e7caa55596621c9e4859c8e:20)
09-29 10:01:04.251 10067 10083 E TestRunner: 	at org.junit.runners.BlockJUnit4ClassRunner.runChild(r8-map-id-3d68a8784b52cd5ea200304b2019595819d7278a8e7caa55596621c9e4859c8e:24)
09-29 10:01:04.251 10067 10083 E TestRunner: 	at org.junit.runners.ParentRunner$4.run(r8-map-id-3d68a8784b52cd5ea200304b2019595819d7278a8e7caa55596621c9e4859c8e:7)
09-29 10:01:04.251 10067 10083 E TestRunner: 	at org.junit.runners.ParentRunner$1.schedule(r8-map-id-3d68a8784b52cd5ea200304b2019595819d7278a8e7caa55596621c9e4859c8e:1)
09-29 10:01:04.251 10067 10083 E TestRunner: 	at org.junit.runners.ParentRunner.runChildren(r8-map-id-3d68a8784b52cd5ea200304b2019595819d7278a8e7caa55596621c9e4859c8e:26)
09-29 10:01:04.251 10067 10083 E TestRunner: 	at org.junit.runners.ParentRunner.access$100(r8-map-id-3d68a8784b52cd5ea200304b2019595819d7278a8e7caa55596621c9e4859c8e:1)
09-29 10:01:04.251 10067 10083 E TestRunner: 	at org.junit.runners.ParentRunner$2.evaluate(r8-map-id-3d68a8784b52cd5ea200304b2019595819d7278a8e7caa55596621c9e4859c8e:5)
09-29 10:01:04.251 10067 10083 E TestRunner: 	at org.junit.runners.ParentRunner$3.evaluate(r8-map-id-3d68a8784b52cd5ea200304b2019595819d7278a8e7caa55596621c9e4859c8e:3)
09-29 10:01:04.251 10067 10083 E TestRunner: 	at org.junit.runners.ParentRunner.run(r8-map-id-3d68a8784b52cd5ea200304b2019595819d7278a8e7caa55596621c9e4859c8e:17)
09-29 10:01:04.251 10067 10083 E TestRunner: 	at androidx.test.ext.junit.runners.AndroidJUnit4.run(r8-map-id-3d68a8784b52cd5ea200304b2019595819d7278a8e7caa55596621c9e4859c8e:3)
09-29 10:01:04.251 10067 10083 E TestRunner: 	at org.junit.runners.Suite.runChild(r8-map-id-3d68a8784b52cd5ea200304b2019595819d7278a8e7caa55596621c9e4859c8e:7)
09-29 10:01:04.251 10067 10083 E TestRunner: 	at org.junit.runners.Suite.runChild(r8-map-id-3d68a8784b52cd5ea200304b2019595819d7278a8e7caa55596621c9e4859c8e:3)
09-29 10:01:04.251 10067 10083 E TestRunner: 	at org.junit.runners.ParentRunner$4.run(r8-map-id-3d68a8784b52cd5ea200304b2019595819d7278a8e7caa55596621c9e4859c8e:7)
09-29 10:01:04.251 10067 10083 E TestRunner: 	at org.junit.runners.ParentRunner$1.schedule(r8-map-id-3d68a8784b52cd5ea200304b2019595819d7278a8e7caa55596621c9e4859c8e:1)
09-29 10:01:04.251 10067 10083 E TestRunner: 	at org.junit.runners.ParentRunner.runChildren(r8-map-id-3d68a8784b52cd5ea200304b2019595819d7278a8e7caa55596621c9e4859c8e:26)
09-29 10:01:04.251 10067 10083 E TestRunner: 	at org.junit.runners.ParentRunner.access$100(r8-map-id-3d68a8784b52cd5ea200304b2019595819d7278a8e7caa55596621c9e4859c8e:1)
09-29 10:01:04.251 10067 10083 E TestRunner: 	at org.junit.runners.ParentRunner$2.evaluate(r8-map-id-3d68a8784b52cd5ea200304b2019595819d7278a8e7caa55596621c9e4859c8e:5)
09-29 10:01:04.251 10067 10083 E TestRunner: 	at org.junit.runners.ParentRunner$3.evaluate(r8-map-id-3d68a8784b52cd5ea200304b2019595819d7278a8e7caa55596621c9e4859c8e:3)
09-29 10:01:04.251 10067 10083 E TestRunner: 	at org.junit.runners.ParentRunner.run(r8-map-id-3d68a8784b52cd5ea200304b2019595819d7278a8e7caa55596621c9e4859c8e:17)
09-29 10:01:04.251 10067 10083 E TestRunner: 	at org.junit.runner.JUnitCore.run(r8-map-id-3d68a8784b52cd5ea200304b2019595819d7278a8e7caa55596621c9e4859c8e:26)
09-29 10:01:04.251 10067 10083 E TestRunner: 	at org.junit.runner.JUnitCore.run(r8-map-id-3d68a8784b52cd5ea200304b2019595819d7278a8e7caa55596621c9e4859c8e:44)
09-29 10:01:04.251 10067 10083 E TestRunner: 	at androidx.test.internal.runner.TestExecutor.execute(r8-map-id-3d68a8784b52cd5ea200304b2019595819d7278a8e7caa55596621c9e4859c8e:9)
09-29 10:01:04.251 10067 10083 E TestRunner: 	at androidx.test.internal.runner.TestExecutor.execute(r8-map-id-3d68a8784b52cd5ea200304b2019595819d7278a8e7caa55596621c9e4859c8e:68)
09-29 10:01:04.251 10067 10083 E TestRunner: 	at androidx.test.runner.AndroidJUnitRunner.onStart(r8-map-id-3d68a8784b52cd5ea200304b2019595819d7278a8e7caa55596621c9e4859c8e:137)
09-29 10:01:04.251 10067 10083 E TestRunner: 	at android.app.Instrumentation$InstrumentationThread.run(Instrumentation.java:2402)
09-29 10:01:04.251 10067 10083 E TestRunner: ----- end exception -----
09-29 10:01:04.252 10067 10083 I TestRunner: finished: activeWorkoutInlineInputLatency(com.whip.benchmark.DenseDataBenchmark)
09-29 10:01:04.262 10067 10083 I TestRunner: started: homeWithTenThousandTasksAndHabitLogs(com.whip.benchmark.DenseDataBenchmark)
09-29 10:04:06.221 10067 10083 E TestRunner: failed: homeWithTenThousandTasksAndHabitLogs(com.whip.benchmark.DenseDataBenchmark)
09-29 10:04:06.222 10067 10083 E TestRunner: ----- begin exception -----
09-29 10:04:06.222 10067 10083 E TestRunner: java.lang.IllegalStateException: Benchmark fixture failed to seed: home (no seed result)
09-29 10:04:06.222 10067 10083 E TestRunner: 	at com.whip.benchmark.DenseDataBenchmark.seed(r8-map-id-3d68a8784b52cd5ea200304b2019595819d7278a8e7caa55596621c9e4859c8e:128)
09-29 10:04:06.222 10067 10083 E TestRunner: 	at com.whip.benchmark.DenseDataBenchmark.homeWithTenThousandTasksAndHabitLogs(r8-map-id-3d68a8784b52cd5ea200304b2019595819d7278a8e7caa55596621c9e4859c8e:3)
09-29 10:04:06.222 10067 10083 E TestRunner: 	at java.lang.reflect.Method.invoke(Native Method)
09-29 10:04:06.222 10067 10083 E TestRunner: 	at org.junit.runners.model.FrameworkMethod$1.runReflectiveCall(r8-map-id-3d68a8784b52cd5ea200304b2019595819d7278a8e7caa55596621c9e4859c8e:11)
09-29 10:04:06.222 10067 10083 E TestRunner: 	at org.junit.internal.runners.model.ReflectiveCallable.run(r8-map-id-3d68a8784b52cd5ea200304b2019595819d7278a8e7caa55596621c9e4859c8e:1)
09-29 10:04:06.222 10067 10083 E TestRunner: 	at org.junit.runners.model.FrameworkMethod.invokeExplosively(r8-map-id-3d68a8784b52cd5ea200304b2019595819d7278a8e7caa55596621c9e4859c8e:6)
09-29 10:04:06.222 10067 10083 E TestRunner: 	at org.junit.internal.runners.statements.InvokeMethod.evaluate(r8-map-id-3d68a8784b52cd5ea200304b2019595819d7278a8e7caa55596621c9e4859c8e:8)
09-29 10:04:06.222 10067 10083 E TestRunner: 	at androidx.benchmark.macro.junit4.MacrobenchmarkRule$apply$1.evaluate(r8-map-id-3d68a8784b52cd5ea200304b2019595819d7278a8e7caa55596621c9e4859c8e:25)
09-29 10:04:06.222 10067 10083 E TestRunner: 	at org.junit.runners.ParentRunner$3.evaluate(r8-map-id-3d68a8784b52cd5ea200304b2019595819d7278a8e7caa55596621c9e4859c8e:3)
09-29 10:04:06.222 10067 10083 E TestRunner: 	at org.junit.runners.BlockJUnit4ClassRunner$1.evaluate(r8-map-id-3d68a8784b52cd5ea200304b2019595819d7278a8e7caa55596621c9e4859c8e:9)
09-29 10:04:06.222 10067 10083 E TestRunner: 	at org.junit.runners.ParentRunner.runLeaf(r8-map-id-3d68a8784b52cd5ea200304b2019595819d7278a8e7caa55596621c9e4859c8e:9)
09-29 10:04:06.222 10067 10083 E TestRunner: 	at org.junit.runners.BlockJUnit4ClassRunner.runChild(r8-map-id-3d68a8784b52cd5ea200304b2019595819d7278a8e7caa55596621c9e4859c8e:20)
09-29 10:04:06.222 10067 10083 E TestRunner: 	at org.junit.runners.BlockJUnit4ClassRunner.runChild(r8-map-id-3d68a8784b52cd5ea200304b2019595819d7278a8e7caa55596621c9e4859c8e:24)
09-29 10:04:06.222 10067 10083 E TestRunner: 	at org.junit.runners.ParentRunner$4.run(r8-map-id-3d68a8784b52cd5ea200304b2019595819d7278a8e7caa55596621c9e4859c8e:7)
09-29 10:04:06.222 10067 10083 E TestRunner: 	at org.junit.runners.ParentRunner$1.schedule(r8-map-id-3d68a8784b52cd5ea200304b2019595819d7278a8e7caa55596621c9e4859c8e:1)
09-29 10:04:06.222 10067 10083 E TestRunner: 	at org.junit.runners.ParentRunner.runChildren(r8-map-id-3d68a8784b52cd5ea200304b2019595819d7278a8e7caa55596621c9e4859c8e:26)
09-29 10:04:06.222 10067 10083 E TestRunner: 	at org.junit.runners.ParentRunner.access$100(r8-map-id-3d68a8784b52cd5ea200304b2019595819d7278a8e7caa55596621c9e4859c8e:1)
09-29 10:04:06.222 10067 10083 E TestRunner: 	at org.junit.runners.ParentRunner$2.evaluate(r8-map-id-3d68a8784b52cd5ea200304b2019595819d7278a8e7caa55596621c9e4859c8e:5)
09-29 10:04:06.222 10067 10083 E TestRunner: 	at org.junit.runners.ParentRunner$3.evaluate(r8-map-id-3d68a8784b52cd5ea200304b2019595819d7278a8e7caa55596621c9e4859c8e:3)
09-29 10:04:06.222 10067 10083 E TestRunner: 	at org.junit.runners.ParentRunner.run(r8-map-id-3d68a8784b52cd5ea200304b2019595819d7278a8e7caa55596621c9e4859c8e:17)
09-29 10:04:06.222 10067 10083 E TestRunner: 	at androidx.test.ext.junit.runners.AndroidJUnit4.run(r8-map-id-3d68a8784b52cd5ea200304b2019595819d7278a8e7caa55596621c9e4859c8e:3)
09-29 10:04:06.222 10067 10083 E TestRunner: 	at org.junit.runners.Suite.runChild(r8-map-id-3d68a8784b52cd5ea200304b2019595819d7278a8e7caa55596621c9e4859c8e:7)
09-29 10:04:06.222 10067 10083 E TestRunner: 	at org.junit.runners.Suite.runChild(r8-map-id-3d68a8784b52cd5ea200304b2019595819d7278a8e7caa55596621c9e4859c8e:3)
09-29 10:04:06.222 10067 10083 E TestRunner: 	at org.junit.runners.ParentRunner$4.run(r8-map-id-3d68a8784b52cd5ea200304b2019595819d7278a8e7caa55596621c9e4859c8e:7)
09-29 10:04:06.222 10067 10083 E TestRunner: 	at org.junit.runners.ParentRunner$1.schedule(r8-map-id-3d68a8784b52cd5ea200304b2019595819d7278a8e7caa55596621c9e4859c8e:1)
09-29 10:04:06.222 10067 10083 E TestRunner: 	at org.junit.runners.ParentRunner.runChildren(r8-map-id-3d68a8784b52cd5ea200304b2019595819d7278a8e7caa55596621c9e4859c8e:26)
09-29 10:04:06.222 10067 10083 E TestRunner: 	at org.junit.runners.ParentRunner.access$100(r8-map-id-3d68a8784b52cd5ea200304b2019595819d7278a8e7caa55596621c9e4859c8e:1)
09-29 10:04:06.222 10067 10083 E TestRunner: 	at org.junit.runners.ParentRunner$2.evaluate(r8-map-id-3d68a8784b52cd5ea200304b2019595819d7278a8e7caa55596621c9e4859c8e:5)
09-29 10:04:06.222 10067 10083 E TestRunner: 	at org.junit.runners.ParentRunner$3.evaluate(r8-map-id-3d68a8784b52cd5ea200304b2019595819d7278a8e7caa55596621c9e4859c8e:3)
09-29 10:04:06.222 10067 10083 E TestRunner: 	at org.junit.runners.ParentRunner.run(r8-map-id-3d68a8784b52cd5ea200304b2019595819d7278a8e7caa55596621c9e4859c8e:17)
09-29 10:04:06.222 10067 10083 E TestRunner: 	at org.junit.runner.JUnitCore.run(r8-map-id-3d68a8784b52cd5ea200304b2019595819d7278a8e7caa55596621c9e4859c8e:26)
09-29 10:04:06.222 10067 10083 E TestRunner: 	at org.junit.runner.JUnitCore.run(r8-map-id-3d68a8784b52cd5ea200304b2019595819d7278a8e7caa55596621c9e4859c8e:44)
09-29 10:04:06.222 10067 10083 E TestRunner: 	at androidx.test.internal.runner.TestExecutor.execute(r8-map-id-3d68a8784b52cd5ea200304b2019595819d7278a8e7caa55596621c9e4859c8e:9)
09-29 10:04:06.222 10067 10083 E TestRunner: 	at androidx.test.internal.runner.TestExecutor.execute(r8-map-id-3d68a8784b52cd5ea200304b2019595819d7278a8e7caa55596621c9e4859c8e:68)
09-29 10:04:06.222 10067 10083 E TestRunner: 	at androidx.test.runner.AndroidJUnitRunner.onStart(r8-map-id-3d68a8784b52cd5ea200304b2019595819d7278a8e7caa55596621c9e4859c8e:137)
09-29 10:04:06.222 10067 10083 E TestRunner: 	at android.app.Instrumentation$InstrumentationThread.run(Instrumentation.java:2402)
09-29 10:04:06.222 10067 10083 E TestRunner: ----- end exception -----
09-29 10:04:06.223 10067 10083 I TestRunner: finished: homeWithTenThousandTasksAndHabitLogs(com.whip.benchmark.DenseDataBenchmark)
09-29 10:04:06.232 10067 10083 I TestRunner: started: coldStartupWithProfile(com.whip.benchmark.StartupBenchmark)
09-29 10:04:55.472 10067 10083 I TestRunner: finished: coldStartupWithProfile(com.whip.benchmark.StartupBenchmark)
09-29 10:04:55.479 10067 10083 I TestRunner: started: coldStartupWithoutCompilation(com.whip.benchmark.StartupBenchmark)
09-29 10:05:51.368 10067 10083 E TestRunner: failed: coldStartupWithoutCompilation(com.whip.benchmark.StartupBenchmark)
09-29 10:05:51.368 10067 10083 E TestRunner: ----- begin exception -----
09-29 10:05:51.369 10067 10083 E TestRunner: java.lang.IllegalStateException: Observed no expect/actual slices in trace, please report bug and attach perfetto trace.
09-29 10:05:51.369 10067 10083 E TestRunner: 	at b1.d(r8-map-id-3d68a8784b52cd5ea200304b2019595819d7278a8e7caa55596621c9e4859c8e:3)
09-29 10:05:51.369 10067 10083 E TestRunner: 	at androidx.benchmark.macro.perfetto.FrameTimingQuery.getFrameData$benchmark_macro_release(r8-map-id-3d68a8784b52cd5ea200304b2019595819d7278a8e7caa55596621c9e4859c8e:533)
09-29 10:05:51.369 10067 10083 E TestRunner: 	at androidx.benchmark.macro.FrameTimingMetric.getMeasurements$benchmark_macro_release(r8-map-id-3d68a8784b52cd5ea200304b2019595819d7278a8e7caa55596621c9e4859c8e:17)
09-29 10:05:51.369 10067 10083 E TestRunner: 	at androidx.benchmark.macro.MacrobenchmarkPhaseKt.runPhase$lambda$18$lambda$17(r8-map-id-3d68a8784b52cd5ea200304b2019595819d7278a8e7caa55596621c9e4859c8e:51)
09-29 10:05:51.369 10067 10083 E TestRunner: 	at androidx.benchmark.macro.MacrobenchmarkPhaseKt.a(r8-map-id-3d68a8784b52cd5ea200304b2019595819d7278a8e7caa55596621c9e4859c8e:1)
09-29 10:05:51.369 10067 10083 E TestRunner: 	at v0.invoke(r8-map-id-3d68a8784b52cd5ea200304b2019595819d7278a8e7caa55596621c9e4859c8e:18)
09-29 10:05:51.369 10067 10083 E TestRunner: 	at androidx.benchmark.traceprocessor.TraceProcessor.loadTrace(r8-map-id-3d68a8784b52cd5ea200304b2019595819d7278a8e7caa55596621c9e4859c8e:19)
09-29 10:05:51.369 10067 10083 E TestRunner: 	at androidx.benchmark.macro.MacrobenchmarkPhaseKt.runPhase(r8-map-id-3d68a8784b52cd5ea200304b2019595819d7278a8e7caa55596621c9e4859c8e:314)
09-29 10:05:51.369 10067 10083 E TestRunner: 	at androidx.benchmark.macro.MacrobenchmarkKt.macrobenchmark$lambda$6(r8-map-id-3d68a8784b52cd5ea200304b2019595819d7278a8e7caa55596621c9e4859c8e:89)
09-29 10:05:51.369 10067 10083 E TestRunner: 	at androidx.benchmark.macro.MacrobenchmarkKt.d(r8-map-id-3d68a8784b52cd5ea200304b2019595819d7278a8e7caa55596621c9e4859c8e:1)
09-29 10:05:51.369 10067 10083 E TestRunner: 	at r0.invoke(r8-map-id-3d68a8784b52cd5ea200304b2019595819d7278a8e7caa55596621c9e4859c8e:49)
09-29 10:05:51.369 10067 10083 E TestRunner: 	at androidx.benchmark.macro.TraceProcessorExtensionsKt.runServer(r8-map-id-3d68a8784b52cd5ea200304b2019595819d7278a8e7caa55596621c9e4859c8e:15)
09-29 10:05:51.369 10067 10083 E TestRunner: 	at androidx.benchmark.macro.TraceProcessorExtensionsKt.runServer$default(r8-map-id-3d68a8784b52cd5ea200304b2019595819d7278a8e7caa55596621c9e4859c8e:9)
09-29 10:05:51.369 10067 10083 E TestRunner: 	at androidx.benchmark.macro.MacrobenchmarkKt.macrobenchmark(r8-map-id-3d68a8784b52cd5ea200304b2019595819d7278a8e7caa55596621c9e4859c8e:22)
09-29 10:05:51.369 10067 10083 E TestRunner: 	at androidx.benchmark.macro.MacrobenchmarkKt.macrobenchmarkWithStartupMode(r8-map-id-3d68a8784b52cd5ea200304b2019595819d7278a8e7caa55596621c9e4859c8e:131)
09-29 10:05:51.369 10067 10083 E TestRunner: 	at androidx.benchmark.macro.junit4.MacrobenchmarkRule.measureRepeated(r8-map-id-3d68a8784b52cd5ea200304b2019595819d7278a8e7caa55596621c9e4859c8e:95)
09-29 10:05:51.369 10067 10083 E TestRunner: 	at com.whip.benchmark.StartupBenchmark.coldStartupWithoutCompilation(r8-map-id-3d68a8784b52cd5ea200304b2019595819d7278a8e7caa55596621c9e4859c8e:50)
09-29 10:05:51.369 10067 10083 E TestRunner: 	at java.lang.reflect.Method.invoke(Native Method)
09-29 10:05:51.369 10067 10083 E TestRunner: 	at org.junit.runners.model.FrameworkMethod$1.runReflectiveCall(r8-map-id-3d68a8784b52cd5ea200304b2019595819d7278a8e7caa55596621c9e4859c8e:11)
09-29 10:05:51.369 10067 10083 E TestRunner: 	at org.junit.internal.runners.model.ReflectiveCallable.run(r8-map-id-3d68a8784b52cd5ea200304b2019595819d7278a8e7caa55596621c9e4859c8e:1)
09-29 10:05:51.369 10067 10083 E TestRunner: 	at org.junit.runners.model.FrameworkMethod.invokeExplosively(r8-map-id-3d68a8784b52cd5ea200304b2019595819d7278a8e7caa55596621c9e4859c8e:6)
09-29 10:05:51.369 10067 10083 E TestRunner: 	at org.junit.internal.runners.statements.InvokeMethod.evaluate(r8-map-id-3d68a8784b52cd5ea200304b2019595819d7278a8e7caa55596621c9e4859c8e:8)
09-29 10:05:51.369 10067 10083 E TestRunner: 	at androidx.benchmark.macro.junit4.MacrobenchmarkRule$apply$1.evaluate(r8-map-id-3d68a8784b52cd5ea200304b2019595819d7278a8e7caa55596621c9e4859c8e:25)
09-29 10:05:51.369 10067 10083 E TestRunner: 	at org.junit.runners.ParentRunner$3.evaluate(r8-map-id-3d68a8784b52cd5ea200304b2019595819d7278a8e7caa55596621c9e4859c8e:3)
09-29 10:05:51.369 10067 10083 E TestRunner: 	at org.junit.runners.BlockJUnit4ClassRunner$1.evaluate(r8-map-id-3d68a8784b52cd5ea200304b2019595819d7278a8e7caa55596621c9e4859c8e:9)
09-29 10:05:51.369 10067 10083 E TestRunner: 	at org.junit.runners.ParentRunner.runLeaf(r8-map-id-3d68a8784b52cd5ea200304b2019595819d7278a8e7caa55596621c9e4859c8e:9)
09-29 10:05:51.369 10067 10083 E TestRunner: 	at org.junit.runners.BlockJUnit4ClassRunner.runChild(r8-map-id-3d68a8784b52cd5ea200304b2019595819d7278a8e7caa55596621c9e4859c8e:20)
09-29 10:05:51.369 10067 10083 E TestRunner: 	at org.junit.runners.BlockJUnit4ClassRunner.runChild(r8-map-id-3d68a8784b52cd5ea200304b2019595819d7278a8e7caa55596621c9e4859c8e:24)
09-29 10:05:51.369 10067 10083 E TestRunner: 	at org.junit.runners.ParentRunner$4.run(r8-map-id-3d68a8784b52cd5ea200304b2019595819d7278a8e7caa55596621c9e4859c8e:7)
09-29 10:05:51.369 10067 10083 E TestRunner: 	at org.junit.runners.ParentRunner$1.schedule(r8-map-id-3d68a8784b52cd5ea200304b2019595819d7278a8e7caa55596621c9e4859c8e:1)
09-29 10:05:51.369 10067 10083 E TestRunner: 	at org.junit.runners.ParentRunner.runChildren(r8-map-id-3d68a8784b52cd5ea200304b2019595819d7278a8e7caa55596621c9e4859c8e:26)
09-29 10:05:51.369 10067 10083 E TestRunner: 	at org.junit.runners.ParentRunner.access$100(r8-map-id-3d68a8784b52cd5ea200304b2019595819d7278a8e7caa55596621c9e4859c8e:1)
09-29 10:05:51.369 10067 10083 E TestRunner: 	at org.junit.runners.ParentRunner$2.evaluate(r8-map-id-3d68a8784b52cd5ea200304b2019595819d7278a8e7caa55596621c9e4859c8e:5)
09-29 10:05:51.369 10067 10083 E TestRunner: 	at org.junit.runners.ParentRunner$3.evaluate(r8-map-id-3d68a8784b52cd5ea200304b2019595819d7278a8e7caa55596621c9e4859c8e:3)
09-29 10:05:51.369 10067 10083 E TestRunner: 	at org.junit.runners.ParentRunner.run(r8-map-id-3d68a8784b52cd5ea200304b2019595819d7278a8e7caa55596621c9e4859c8e:17)
09-29 10:05:51.369 10067 10083 E TestRunner: 	at androidx.test.ext.junit.runners.AndroidJUnit4.run(r8-map-id-3d68a8784b52cd5ea200304b2019595819d7278a8e7caa55596621c9e4859c8e:3)
09-29 10:05:51.369 10067 10083 E TestRunner: 	at org.junit.runners.Suite.runChild(r8-map-id-3d68a8784b52cd5ea200304b2019595819d7278a8e7caa55596621c9e4859c8e:7)
09-29 10:05:51.369 10067 10083 E TestRunner: 	at org.junit.runners.Suite.runChild(r8-map-id-3d68a8784b52cd5ea200304b2019595819d7278a8e7caa55596621c9e4859c8e:3)
09-29 10:05:51.369 10067 10083 E TestRunner: 	at org.junit.runners.ParentRunner$4.run(r8-map-id-3d68a8784b52cd5ea200304b2019595819d7278a8e7caa55596621c9e4859c8e:7)
09-29 10:05:51.369 10067 10083 E TestRunner: 	at org.junit.runners.ParentRunner$1.schedule(r8-map-id-3d68a8784b52cd5ea200304b2019595819d7278a8e7caa55596621c9e4859c8e:1)
09-29 10:05:51.369 10067 10083 E TestRunner: 	at org.junit.runners.ParentRunner.runChildren(r8-map-id-3d68a8784b52cd5ea200304b2019595819d7278a8e7caa55596621c9e4859c8e:26)
09-29 10:05:51.369 10067 10083 E TestRunner: 	at org.junit.runners.ParentRunner.access$100(r8-map-id-3d68a8784b52cd5ea200304b2019595819d7278a8e7caa55596621c9e4859c8e:1)
09-29 10:05:51.369 10067 10083 E TestRunner: 	at org.junit.runners.ParentRunner$2.evaluate(r8-map-id-3d68a8784b52cd5ea200304b2019595819d7278a8e7caa55596621c9e4859c8e:5)
09-29 10:05:51.369 10067 10083 E TestRunner: 	at org.junit.runners.ParentRunner$3.evaluate(r8-map-id-3d68a8784b52cd5ea200304b2019595819d7278a8e7caa55596621c9e4859c8e:3)
09-29 10:05:51.369 10067 10083 E TestRunner: 	at org.junit.runners.ParentRunner.run(r8-map-id-3d68a8784b52cd5ea200304b2019595819d7278a8e7caa55596621c9e4859c8e:17)
09-29 10:05:51.369 10067 10083 E TestRunner: 	at org.junit.runner.JUnitCore.run(r8-map-id-3d68a8784b52cd5ea200304b2019595819d7278a8e7caa55596621c9e4859c8e:26)
09-29 10:05:51.369 10067 10083 E TestRunner: 	at org.junit.runner.JUnitCore.run(r8-map-id-3d68a8784b52cd5ea200304b2019595819d7278a8e7caa55596621c9e4859c8e:44)
09-29 10:05:51.369 10067 10083 E TestRunner: 	at androidx.test.internal.runner.TestExecutor.execute(r8-map-id-3d68a8784b52cd5ea200304b2019595819d7278a8e7caa55596621c9e4859c8e:9)
09-29 10:05:51.369 10067 10083 E TestRunner: 	at androidx.test.internal.runner.TestExecutor.execute(r8-map-id-3d68a8784b52cd5ea200304b2019595819d7278a8e7caa55596621c9e4859c8e:68)
09-29 10:05:51.369 10067 10083 E TestRunner: 	at androidx.test.runner.AndroidJUnitRunner.onStart(r8-map-id-3d68a8784b52cd5ea200304b2019595819d7278a8e7caa55596621c9e4859c8e:137)
09-29 10:05:51.369 10067 10083 E TestRunner: 	at android.app.Instrumentation$InstrumentationThread.run(Instrumentation.java:2402)
09-29 10:05:51.369 10067 10083 E TestRunner: ----- end exception -----
09-29 10:05:51.370 10067 10083 I TestRunner: finished: coldStartupWithoutCompilation(com.whip.benchmark.StartupBenchmark)
09-29 10:05:51.374 10067 10083 I TestRunner: started: warmStartupWithProfile(com.whip.benchmark.StartupBenchmark)
09-29 10:06:29.837 10067 10083 I TestRunner: finished: warmStartupWithProfile(com.whip.benchmark.StartupBenchmark)
09-29 10:06:29.844 10067 10083 I TestRunner: started: primaryNavigationFrameTiming(com.whip.benchmark.StartupBenchmark)
09-29 10:07:50.229 10067 10083 I TestRunner: finished: primaryNavigationFrameTiming(com.whip.benchmark.StartupBenchmark)
09-29 10:07:50.247 10067 10083 I TestRunner: started: expandedResizeFrameTiming(com.whip.benchmark.StartupBenchmark)
09-29 10:09:14.493 10067 10083 I TestRunner: finished: expandedResizeFrameTiming(com.whip.benchmark.StartupBenchmark)
09-29 10:09:14.495 10067 10083 I TestRunner: run finished: 9 tests, 4 failed, 0 ignored
09-29 10:22:43.430 20750 20767 I TestRunner: run started: 3 tests
09-29 10:22:43.430 20750 20767 I TestRunner: started: goalAndGymGraphsWithOneHundredThousandPoints(com.whip.benchmark.DenseDataBenchmark)
09-29 10:24:29.191 20750 20767 E TestRunner: failed: goalAndGymGraphsWithOneHundredThousandPoints(com.whip.benchmark.DenseDataBenchmark)
09-29 10:24:29.193 20750 20767 E TestRunner: ----- begin exception -----
09-29 10:24:29.200 20750 20767 E TestRunner: java.lang.IllegalStateException: Benchmark UI did not show 100k point goal
09-29 10:24:29.200 20750 20767 E TestRunner: 	at i.d(r8-map-id-3d68a8784b52cd5ea200304b2019595819d7278a8e7caa55596621c9e4859c8e:7)
09-29 10:24:29.200 20750 20767 E TestRunner: 	at com.whip.benchmark.BenchmarkUiKt.requireObject(r8-map-id-3d68a8784b52cd5ea200304b2019595819d7278a8e7caa55596621c9e4859c8e:29)
09-29 10:24:29.200 20750 20767 E TestRunner: 	at com.whip.benchmark.DenseDataBenchmark.goalAndGymGraphsWithOneHundredThousandPoints$lambda$1(r8-map-id-3d68a8784b52cd5ea200304b2019595819d7278a8e7caa55596621c9e4859c8e:53)
09-29 10:24:29.200 20750 20767 E TestRunner: 	at com.whip.benchmark.DenseDataBenchmark.e(r8-map-id-3d68a8784b52cd5ea200304b2019595819d7278a8e7caa55596621c9e4859c8e:1)
09-29 10:24:29.200 20750 20767 E TestRunner: 	at n.invoke(r8-map-id-3d68a8784b52cd5ea200304b2019595819d7278a8e7caa55596621c9e4859c8e:165)
09-29 10:24:29.200 20750 20767 E TestRunner: 	at androidx.benchmark.macro.MacrobenchmarkPhaseKt.runPhase$lambda$18$lambda$12(r8-map-id-3d68a8784b52cd5ea200304b2019595819d7278a8e7caa55596621c9e4859c8e:63)
09-29 10:24:29.200 20750 20767 E TestRunner: 	at androidx.benchmark.macro.MacrobenchmarkPhaseKt.b(r8-map-id-3d68a8784b52cd5ea200304b2019595819d7278a8e7caa55596621c9e4859c8e:1)
09-29 10:24:29.200 20750 20767 E TestRunner: 	at u0.invoke(r8-map-id-3d68a8784b52cd5ea200304b2019595819d7278a8e7caa55596621c9e4859c8e:11)
09-29 10:24:29.200 20750 20767 E TestRunner: 	at androidx.benchmark.perfetto.PerfettoCaptureWrapper.record(r8-map-id-3d68a8784b52cd5ea200304b2019595819d7278a8e7caa55596621c9e4859c8e:67)
09-29 10:24:29.200 20750 20767 E TestRunner: 	at androidx.benchmark.perfetto.PerfettoCaptureWrapper.record$default(r8-map-id-3d68a8784b52cd5ea200304b2019595819d7278a8e7caa55596621c9e4859c8e:17)
09-29 10:24:29.200 20750 20767 E TestRunner: 	at androidx.benchmark.macro.MacrobenchmarkPhaseKt.runPhase(r8-map-id-3d68a8784b52cd5ea200304b2019595819d7278a8e7caa55596621c9e4859c8e:246)
09-29 10:24:29.200 20750 20767 E TestRunner: 	at androidx.benchmark.macro.MacrobenchmarkKt.macrobenchmark$lambda$6(r8-map-id-3d68a8784b52cd5ea200304b2019595819d7278a8e7caa55596621c9e4859c8e:89)
09-29 10:24:29.200 20750 20767 E TestRunner: 	at androidx.benchmark.macro.MacrobenchmarkKt.d(r8-map-id-3d68a8784b52cd5ea200304b2019595819d7278a8e7caa55596621c9e4859c8e:1)
09-29 10:24:29.200 20750 20767 E TestRunner: 	at r0.invoke(r8-map-id-3d68a8784b52cd5ea200304b2019595819d7278a8e7caa55596621c9e4859c8e:49)
09-29 10:24:29.200 20750 20767 E TestRunner: 	at androidx.benchmark.macro.TraceProcessorExtensionsKt.runServer(r8-map-id-3d68a8784b52cd5ea200304b2019595819d7278a8e7caa55596621c9e4859c8e:15)
09-29 10:24:29.200 20750 20767 E TestRunner: 	at androidx.benchmark.macro.TraceProcessorExtensionsKt.runServer$default(r8-map-id-3d68a8784b52cd5ea200304b2019595819d7278a8e7caa55596621c9e4859c8e:9)
09-29 10:24:29.200 20750 20767 E TestRunner: 	at androidx.benchmark.macro.MacrobenchmarkKt.macrobenchmark(r8-map-id-3d68a8784b52cd5ea200304b2019595819d7278a8e7caa55596621c9e4859c8e:22)
09-29 10:24:29.200 20750 20767 E TestRunner: 	at androidx.benchmark.macro.MacrobenchmarkKt.macrobenchmarkWithStartupMode(r8-map-id-3d68a8784b52cd5ea200304b2019595819d7278a8e7caa55596621c9e4859c8e:131)
09-29 10:24:29.200 20750 20767 E TestRunner: 	at androidx.benchmark.macro.junit4.MacrobenchmarkRule.measureRepeated(r8-map-id-3d68a8784b52cd5ea200304b2019595819d7278a8e7caa55596621c9e4859c8e:95)
09-29 10:24:29.200 20750 20767 E TestRunner: 	at androidx.benchmark.macro.junit4.MacrobenchmarkRule.measureRepeated$default(r8-map-id-3d68a8784b52cd5ea200304b2019595819d7278a8e7caa55596621c9e4859c8e:45)
09-29 10:24:29.200 20750 20767 E TestRunner: 	at com.whip.benchmark.DenseDataBenchmark.goalAndGymGraphsWithOneHundredThousandPoints(r8-map-id-3d68a8784b52cd5ea200304b2019595819d7278a8e7caa55596621c9e4859c8e:48)
09-29 10:24:29.200 20750 20767 E TestRunner: 	at java.lang.reflect.Method.invoke(Native Method)
09-29 10:24:29.200 20750 20767 E TestRunner: 	at org.junit.runners.model.FrameworkMethod$1.runReflectiveCall(r8-map-id-3d68a8784b52cd5ea200304b2019595819d7278a8e7caa55596621c9e4859c8e:11)
09-29 10:24:29.200 20750 20767 E TestRunner: 	at org.junit.internal.runners.model.ReflectiveCallable.run(r8-map-id-3d68a8784b52cd5ea200304b2019595819d7278a8e7caa55596621c9e4859c8e:1)
09-29 10:24:29.200 20750 20767 E TestRunner: 	at org.junit.runners.model.FrameworkMethod.invokeExplosively(r8-map-id-3d68a8784b52cd5ea200304b2019595819d7278a8e7caa55596621c9e4859c8e:6)
09-29 10:24:29.200 20750 20767 E TestRunner: 	at org.junit.internal.runners.statements.InvokeMethod.evaluate(r8-map-id-3d68a8784b52cd5ea200304b2019595819d7278a8e7caa55596621c9e4859c8e:8)
09-29 10:24:29.200 20750 20767 E TestRunner: 	at androidx.benchmark.macro.junit4.MacrobenchmarkRule$apply$1.evaluate(r8-map-id-3d68a8784b52cd5ea200304b2019595819d7278a8e7caa55596621c9e4859c8e:25)
09-29 10:24:29.200 20750 20767 E TestRunner: 	at org.junit.runners.ParentRunner$3.evaluate(r8-map-id-3d68a8784b52cd5ea200304b2019595819d7278a8e7caa55596621c9e4859c8e:3)
09-29 10:24:29.200 20750 20767 E TestRunner: 	at org.junit.runners.BlockJUnit4ClassRunner$1.evaluate(r8-map-id-3d68a8784b52cd5ea200304b2019595819d7278a8e7caa55596621c9e4859c8e:9)
09-29 10:24:29.206 20750 20767 E TestRunner: 	at org.junit.runners.ParentRunner.runLeaf(r8-map-id-3d68a8784b52cd5ea200304b2019595819d7278a8e7caa55596621c9e4859c8e:9)
09-29 10:24:29.206 20750 20767 E TestRunner: 	at org.junit.runners.BlockJUnit4ClassRunner.runChild(r8-map-id-3d68a8784b52cd5ea200304b2019595819d7278a8e7caa55596621c9e4859c8e:20)
09-29 10:24:29.206 20750 20767 E TestRunner: 	at org.junit.runners.BlockJUnit4ClassRunner.runChild(r8-map-id-3d68a8784b52cd5ea200304b2019595819d7278a8e7caa55596621c9e4859c8e:24)
09-29 10:24:29.206 20750 20767 E TestRunner: 	at org.junit.runners.ParentRunner$4.run(r8-map-id-3d68a8784b52cd5ea200304b2019595819d7278a8e7caa55596621c9e4859c8e:7)
09-29 10:24:29.206 20750 20767 E TestRunner: 	at org.junit.runners.ParentRunner$1.schedule(r8-map-id-3d68a8784b52cd5ea200304b2019595819d7278a8e7caa55596621c9e4859c8e:1)
09-29 10:24:29.206 20750 20767 E TestRunner: 	at org.junit.runners.ParentRunner.runChildren(r8-map-id-3d68a8784b52cd5ea200304b2019595819d7278a8e7caa55596621c9e4859c8e:26)
09-29 10:24:29.206 20750 20767 E TestRunner: 	at org.junit.runners.ParentRunner.access$100(r8-map-id-3d68a8784b52cd5ea200304b2019595819d7278a8e7caa55596621c9e4859c8e:1)
09-29 10:24:29.206 20750 20767 E TestRunner: 	at org.junit.runners.ParentRunner$2.evaluate(r8-map-id-3d68a8784b52cd5ea200304b2019595819d7278a8e7caa55596621c9e4859c8e:5)
09-29 10:24:29.206 20750 20767 E TestRunner: 	at org.junit.runners.ParentRunner$3.evaluate(r8-map-id-3d68a8784b52cd5ea200304b2019595819d7278a8e7caa55596621c9e4859c8e:3)
09-29 10:24:29.206 20750 20767 E TestRunner: 	at org.junit.runners.ParentRunner.run(r8-map-id-3d68a8784b52cd5ea200304b2019595819d7278a8e7caa55596621c9e4859c8e:17)
09-29 10:24:29.206 20750 20767 E TestRunner: 	at androidx.test.ext.junit.runners.AndroidJUnit4.run(r8-map-id-3d68a8784b52cd5ea200304b2019595819d7278a8e7caa55596621c9e4859c8e:3)
09-29 10:24:29.206 20750 20767 E TestRunner: 	at org.junit.runners.Suite.runChild(r8-map-id-3d68a8784b52cd5ea200304b2019595819d7278a8e7caa55596621c9e4859c8e:7)
09-29 10:24:29.206 20750 20767 E TestRunner: 	at org.junit.runners.Suite.runChild(r8-map-id-3d68a8784b52cd5ea200304b2019595819d7278a8e7caa55596621c9e4859c8e:3)
09-29 10:24:29.206 20750 20767 E TestRunner: 	at org.junit.runners.ParentRunner$4.run(r8-map-id-3d68a8784b52cd5ea200304b2019595819d7278a8e7caa55596621c9e4859c8e:7)
09-29 10:24:29.206 20750 20767 E TestRunner: 	at org.junit.runners.ParentRunner$1.schedule(r8-map-id-3d68a8784b52cd5ea200304b2019595819d7278a8e7caa55596621c9e4859c8e:1)
09-29 10:24:29.206 20750 20767 E TestRunner: 	at org.junit.runners.ParentRunner.runChildren(r8-map-id-3d68a8784b52cd5ea200304b2019595819d7278a8e7caa55596621c9e4859c8e:26)
09-29 10:24:29.206 20750 20767 E TestRunner: 	at org.junit.runners.ParentRunner.access$100(r8-map-id-3d68a8784b52cd5ea200304b2019595819d7278a8e7caa55596621c9e4859c8e:1)
09-29 10:24:29.206 20750 20767 E TestRunner: 	at org.junit.runners.ParentRunner$2.evaluate(r8-map-id-3d68a8784b52cd5ea200304b2019595819d7278a8e7caa55596621c9e4859c8e:5)
09-29 10:24:29.206 20750 20767 E TestRunner: 	at org.junit.runners.ParentRunner$3.evaluate(r8-map-id-3d68a8784b52cd5ea200304b2019595819d7278a8e7caa55596621c9e4859c8e:3)
09-29 10:24:29.206 20750 20767 E TestRunner: 	at org.junit.runners.ParentRunner.run(r8-map-id-3d68a8784b52cd5ea200304b2019595819d7278a8e7caa55596621c9e4859c8e:17)
09-29 10:24:29.206 20750 20767 E TestRunner: 	at org.junit.runner.JUnitCore.run(r8-map-id-3d68a8784b52cd5ea200304b2019595819d7278a8e7caa55596621c9e4859c8e:26)
09-29 10:24:29.206 20750 20767 E TestRunner: 	at org.junit.runner.JUnitCore.run(r8-map-id-3d68a8784b52cd5ea200304b2019595819d7278a8e7caa55596621c9e4859c8e:44)
09-29 10:24:29.206 20750 20767 E TestRunner: 	at androidx.test.internal.runner.TestExecutor.execute(r8-map-id-3d68a8784b52cd5ea200304b2019595819d7278a8e7caa55596621c9e4859c8e:9)
09-29 10:24:29.206 20750 20767 E TestRunner: 	at androidx.test.internal.runner.TestExecutor.execute(r8-map-id-3d68a8784b52cd5ea200304b2019595819d7278a8e7caa55596621c9e4859c8e:68)
09-29 10:24:29.206 20750 20767 E TestRunner: 	at androidx.test.runner.AndroidJUnitRunner.onStart(r8-map-id-3d68a8784b52cd5ea200304b2019595819d7278a8e7caa55596621c9e4859c8e:137)
09-29 10:24:29.206 20750 20767 E TestRunner: 	at android.app.Instrumentation$InstrumentationThread.run(Instrumentation.java:2402)
09-29 10:24:29.207 20750 20767 E TestRunner: ----- end exception -----
09-29 10:24:29.211 20750 20767 I TestRunner: finished: goalAndGymGraphsWithOneHundredThousandPoints(com.whip.benchmark.DenseDataBenchmark)
09-29 10:24:29.238 20750 20767 I TestRunner: started: activeWorkoutInlineInputLatency(com.whip.benchmark.DenseDataBenchmark)
09-29 10:26:14.089 20750 20767 E TestRunner: failed: activeWorkoutInlineInputLatency(com.whip.benchmark.DenseDataBenchmark)
09-29 10:26:14.089 20750 20767 E TestRunner: ----- begin exception -----
09-29 10:26:14.089 20750 20767 E TestRunner: java.lang.IllegalStateException: Benchmark input did not complete its only pending Set
09-29 10:26:14.089 20750 20767 E TestRunner: 	at b1.d(r8-map-id-3d68a8784b52cd5ea200304b2019595819d7278a8e7caa55596621c9e4859c8e:3)
09-29 10:26:14.089 20750 20767 E TestRunner: 	at com.whip.benchmark.DenseDataBenchmark.activeWorkoutInlineInputLatency$lambda$1(r8-map-id-3d68a8784b52cd5ea200304b2019595819d7278a8e7caa55596621c9e4859c8e:262)
09-29 10:26:14.089 20750 20767 E TestRunner: 	at com.whip.benchmark.DenseDataBenchmark.d(r8-map-id-3d68a8784b52cd5ea200304b2019595819d7278a8e7caa55596621c9e4859c8e:1)
09-29 10:26:14.089 20750 20767 E TestRunner: 	at n.invoke(r8-map-id-3d68a8784b52cd5ea200304b2019595819d7278a8e7caa55596621c9e4859c8e:179)
09-29 10:26:14.089 20750 20767 E TestRunner: 	at androidx.benchmark.macro.MacrobenchmarkPhaseKt.runPhase$lambda$18$lambda$12(r8-map-id-3d68a8784b52cd5ea200304b2019595819d7278a8e7caa55596621c9e4859c8e:63)
09-29 10:26:14.089 20750 20767 E TestRunner: 	at androidx.benchmark.macro.MacrobenchmarkPhaseKt.b(r8-map-id-3d68a8784b52cd5ea200304b2019595819d7278a8e7caa55596621c9e4859c8e:1)
09-29 10:26:14.089 20750 20767 E TestRunner: 	at u0.invoke(r8-map-id-3d68a8784b52cd5ea200304b2019595819d7278a8e7caa55596621c9e4859c8e:11)
09-29 10:26:14.089 20750 20767 E TestRunner: 	at androidx.benchmark.perfetto.PerfettoCaptureWrapper.record(r8-map-id-3d68a8784b52cd5ea200304b2019595819d7278a8e7caa55596621c9e4859c8e:67)
09-29 10:26:14.089 20750 20767 E TestRunner: 	at androidx.benchmark.perfetto.PerfettoCaptureWrapper.record$default(r8-map-id-3d68a8784b52cd5ea200304b2019595819d7278a8e7caa55596621c9e4859c8e:17)
09-29 10:26:14.089 20750 20767 E TestRunner: 	at androidx.benchmark.macro.MacrobenchmarkPhaseKt.runPhase(r8-map-id-3d68a8784b52cd5ea200304b2019595819d7278a8e7caa55596621c9e4859c8e:246)
09-29 10:26:14.089 20750 20767 E TestRunner: 	at androidx.benchmark.macro.MacrobenchmarkKt.macrobenchmark$lambda$6(r8-map-id-3d68a8784b52cd5ea200304b2019595819d7278a8e7caa55596621c9e4859c8e:89)
09-29 10:26:14.089 20750 20767 E TestRunner: 	at androidx.benchmark.macro.MacrobenchmarkKt.d(r8-map-id-3d68a8784b52cd5ea200304b2019595819d7278a8e7caa55596621c9e4859c8e:1)
09-29 10:26:14.089 20750 20767 E TestRunner: 	at r0.invoke(r8-map-id-3d68a8784b52cd5ea200304b2019595819d7278a8e7caa55596621c9e4859c8e:49)
09-29 10:26:14.089 20750 20767 E TestRunner: 	at androidx.benchmark.macro.TraceProcessorExtensionsKt.runServer(r8-map-id-3d68a8784b52cd5ea200304b2019595819d7278a8e7caa55596621c9e4859c8e:15)
09-29 10:26:14.089 20750 20767 E TestRunner: 	at androidx.benchmark.macro.TraceProcessorExtensionsKt.runServer$default(r8-map-id-3d68a8784b52cd5ea200304b2019595819d7278a8e7caa55596621c9e4859c8e:9)
09-29 10:26:14.089 20750 20767 E TestRunner: 	at androidx.benchmark.macro.MacrobenchmarkKt.macrobenchmark(r8-map-id-3d68a8784b52cd5ea200304b2019595819d7278a8e7caa55596621c9e4859c8e:22)
09-29 10:26:14.089 20750 20767 E TestRunner: 	at androidx.benchmark.macro.MacrobenchmarkKt.macrobenchmarkWithStartupMode(r8-map-id-3d68a8784b52cd5ea200304b2019595819d7278a8e7caa55596621c9e4859c8e:131)
09-29 10:26:14.089 20750 20767 E TestRunner: 	at androidx.benchmark.macro.junit4.MacrobenchmarkRule.measureRepeated(r8-map-id-3d68a8784b52cd5ea200304b2019595819d7278a8e7caa55596621c9e4859c8e:95)
09-29 10:26:14.089 20750 20767 E TestRunner: 	at androidx.benchmark.macro.junit4.MacrobenchmarkRule.measureRepeated$default(r8-map-id-3d68a8784b52cd5ea200304b2019595819d7278a8e7caa55596621c9e4859c8e:45)
09-29 10:26:14.089 20750 20767 E TestRunner: 	at com.whip.benchmark.DenseDataBenchmark.activeWorkoutInlineInputLatency(r8-map-id-3d68a8784b52cd5ea200304b2019595819d7278a8e7caa55596621c9e4859c8e:42)
09-29 10:26:14.089 20750 20767 E TestRunner: 	at java.lang.reflect.Method.invoke(Native Method)
09-29 10:26:14.089 20750 20767 E TestRunner: 	at org.junit.runners.model.FrameworkMethod$1.runReflectiveCall(r8-map-id-3d68a8784b52cd5ea200304b2019595819d7278a8e7caa55596621c9e4859c8e:11)
09-29 10:26:14.089 20750 20767 E TestRunner: 	at org.junit.internal.runners.model.ReflectiveCallable.run(r8-map-id-3d68a8784b52cd5ea200304b2019595819d7278a8e7caa55596621c9e4859c8e:1)
09-29 10:26:14.089 20750 20767 E TestRunner: 	at org.junit.runners.model.FrameworkMethod.invokeExplosively(r8-map-id-3d68a8784b52cd5ea200304b2019595819d7278a8e7caa55596621c9e4859c8e:6)
09-29 10:26:14.089 20750 20767 E TestRunner: 	at org.junit.internal.runners.statements.InvokeMethod.evaluate(r8-map-id-3d68a8784b52cd5ea200304b2019595819d7278a8e7caa55596621c9e4859c8e:8)
09-29 10:26:14.089 20750 20767 E TestRunner: 	at androidx.benchmark.macro.junit4.MacrobenchmarkRule$apply$1.evaluate(r8-map-id-3d68a8784b52cd5ea200304b2019595819d7278a8e7caa55596621c9e4859c8e:25)
09-29 10:26:14.089 20750 20767 E TestRunner: 	at org.junit.runners.ParentRunner$3.evaluate(r8-map-id-3d68a8784b52cd5ea200304b2019595819d7278a8e7caa55596621c9e4859c8e:3)
09-29 10:26:14.089 20750 20767 E TestRunner: 	at org.junit.runners.BlockJUnit4ClassRunner$1.evaluate(r8-map-id-3d68a8784b52cd5ea200304b2019595819d7278a8e7caa55596621c9e4859c8e:9)
09-29 10:26:14.089 20750 20767 E TestRunner: 	at org.junit.runners.ParentRunner.runLeaf(r8-map-id-3d68a8784b52cd5ea200304b2019595819d7278a8e7caa55596621c9e4859c8e:9)
09-29 10:26:14.090 20750 20767 E TestRunner: 	at org.junit.runners.BlockJUnit4ClassRunner.runChild(r8-map-id-3d68a8784b52cd5ea200304b2019595819d7278a8e7caa55596621c9e4859c8e:20)
09-29 10:26:14.090 20750 20767 E TestRunner: 	at org.junit.runners.BlockJUnit4ClassRunner.runChild(r8-map-id-3d68a8784b52cd5ea200304b2019595819d7278a8e7caa55596621c9e4859c8e:24)
09-29 10:26:14.090 20750 20767 E TestRunner: 	at org.junit.runners.ParentRunner$4.run(r8-map-id-3d68a8784b52cd5ea200304b2019595819d7278a8e7caa55596621c9e4859c8e:7)
09-29 10:26:14.090 20750 20767 E TestRunner: 	at org.junit.runners.ParentRunner$1.schedule(r8-map-id-3d68a8784b52cd5ea200304b2019595819d7278a8e7caa55596621c9e4859c8e:1)
09-29 10:26:14.090 20750 20767 E TestRunner: 	at org.junit.runners.ParentRunner.runChildren(r8-map-id-3d68a8784b52cd5ea200304b2019595819d7278a8e7caa55596621c9e4859c8e:26)
09-29 10:26:14.090 20750 20767 E TestRunner: 	at org.junit.runners.ParentRunner.access$100(r8-map-id-3d68a8784b52cd5ea200304b2019595819d7278a8e7caa55596621c9e4859c8e:1)
09-29 10:26:14.090 20750 20767 E TestRunner: 	at org.junit.runners.ParentRunner$2.evaluate(r8-map-id-3d68a8784b52cd5ea200304b2019595819d7278a8e7caa55596621c9e4859c8e:5)
09-29 10:26:14.090 20750 20767 E TestRunner: 	at org.junit.runners.ParentRunner$3.evaluate(r8-map-id-3d68a8784b52cd5ea200304b2019595819d7278a8e7caa55596621c9e4859c8e:3)
09-29 10:26:14.090 20750 20767 E TestRunner: 	at org.junit.runners.ParentRunner.run(r8-map-id-3d68a8784b52cd5ea200304b2019595819d7278a8e7caa55596621c9e4859c8e:17)
09-29 10:26:14.090 20750 20767 E TestRunner: 	at androidx.test.ext.junit.runners.AndroidJUnit4.run(r8-map-id-3d68a8784b52cd5ea200304b2019595819d7278a8e7caa55596621c9e4859c8e:3)
09-29 10:26:14.090 20750 20767 E TestRunner: 	at org.junit.runners.Suite.runChild(r8-map-id-3d68a8784b52cd5ea200304b2019595819d7278a8e7caa55596621c9e4859c8e:7)
09-29 10:26:14.090 20750 20767 E TestRunner: 	at org.junit.runners.Suite.runChild(r8-map-id-3d68a8784b52cd5ea200304b2019595819d7278a8e7caa55596621c9e4859c8e:3)
09-29 10:26:14.090 20750 20767 E TestRunner: 	at org.junit.runners.ParentRunner$4.run(r8-map-id-3d68a8784b52cd5ea200304b2019595819d7278a8e7caa55596621c9e4859c8e:7)
09-29 10:26:14.090 20750 20767 E TestRunner: 	at org.junit.runners.ParentRunner$1.schedule(r8-map-id-3d68a8784b52cd5ea200304b2019595819d7278a8e7caa55596621c9e4859c8e:1)
09-29 10:26:14.090 20750 20767 E TestRunner: 	at org.junit.runners.ParentRunner.runChildren(r8-map-id-3d68a8784b52cd5ea200304b2019595819d7278a8e7caa55596621c9e4859c8e:26)
09-29 10:26:14.090 20750 20767 E TestRunner: 	at org.junit.runners.ParentRunner.access$100(r8-map-id-3d68a8784b52cd5ea200304b2019595819d7278a8e7caa55596621c9e4859c8e:1)
09-29 10:26:14.090 20750 20767 E TestRunner: 	at org.junit.runners.ParentRunner$2.evaluate(r8-map-id-3d68a8784b52cd5ea200304b2019595819d7278a8e7caa55596621c9e4859c8e:5)
09-29 10:26:14.090 20750 20767 E TestRunner: 	at org.junit.runners.ParentRunner$3.evaluate(r8-map-id-3d68a8784b52cd5ea200304b2019595819d7278a8e7caa55596621c9e4859c8e:3)
09-29 10:26:14.090 20750 20767 E TestRunner: 	at org.junit.runners.ParentRunner.run(r8-map-id-3d68a8784b52cd5ea200304b2019595819d7278a8e7caa55596621c9e4859c8e:17)
09-29 10:26:14.090 20750 20767 E TestRunner: 	at org.junit.runner.JUnitCore.run(r8-map-id-3d68a8784b52cd5ea200304b2019595819d7278a8e7caa55596621c9e4859c8e:26)
09-29 10:26:14.090 20750 20767 E TestRunner: 	at org.junit.runner.JUnitCore.run(r8-map-id-3d68a8784b52cd5ea200304b2019595819d7278a8e7caa55596621c9e4859c8e:44)
09-29 10:26:14.090 20750 20767 E TestRunner: 	at androidx.test.internal.runner.TestExecutor.execute(r8-map-id-3d68a8784b52cd5ea200304b2019595819d7278a8e7caa55596621c9e4859c8e:9)
09-29 10:26:14.090 20750 20767 E TestRunner: 	at androidx.test.internal.runner.TestExecutor.execute(r8-map-id-3d68a8784b52cd5ea200304b2019595819d7278a8e7caa55596621c9e4859c8e:68)
09-29 10:26:14.090 20750 20767 E TestRunner: 	at androidx.test.runner.AndroidJUnitRunner.onStart(r8-map-id-3d68a8784b52cd5ea200304b2019595819d7278a8e7caa55596621c9e4859c8e:137)
09-29 10:26:14.090 20750 20767 E TestRunner: 	at android.app.Instrumentation$InstrumentationThread.run(Instrumentation.java:2402)
09-29 10:26:14.090 20750 20767 E TestRunner: ----- end exception -----
09-29 10:26:14.091 20750 20767 I TestRunner: finished: activeWorkoutInlineInputLatency(com.whip.benchmark.DenseDataBenchmark)
09-29 10:26:14.103 20750 20767 I TestRunner: started: homeWithTenThousandTasksAndHabitLogs(com.whip.benchmark.DenseDataBenchmark)
09-29 10:27:27.111 20750 20767 I TestRunner: finished: homeWithTenThousandTasksAndHabitLogs(com.whip.benchmark.DenseDataBenchmark)
09-29 10:27:27.114 20750 20767 I TestRunner: run finished: 3 tests, 2 failed, 0 ignored
09-29 10:30:01.661 22931 22948 I TestRunner: run started: 2 tests
09-29 10:30:01.662 22931 22948 I TestRunner: started: goalAndGymGraphsWithOneHundredThousandPoints(com.whip.benchmark.DenseDataBenchmark)
09-29 10:31:33.903 22931 22948 E TestRunner: failed: goalAndGymGraphsWithOneHundredThousandPoints(com.whip.benchmark.DenseDataBenchmark)
09-29 10:31:33.904 22931 22948 E TestRunner: ----- begin exception -----
09-29 10:31:33.910 22931 22948 E TestRunner: java.lang.IllegalStateException: Benchmark UI did not provide a stable 100k point goal
09-29 10:31:33.910 22931 22948 E TestRunner: <?xml version='1.0' encoding='UTF-8' standalone='yes' ?>
09-29 10:31:33.910 22931 22948 E TestRunner: <hierarchy rotation="0">
09-29 10:31:33.910 22931 22948 E TestRunner:   <node index="0" text="" resource-id="" class="android.widget.FrameLayout" package="commvne.com.whip.app.benchmark" content-desc="" checkable="false" checked="false" clickable="false" enabled="true" focusable="false" focused="false" scrollable="false" long-clickable="false" password="false" selected="false" visible-to-user="true" bounds="[0,0][1080,2400]" drawing-order="0" hint="" display-id="0">
09-29 10:31:33.910 22931 22948 E TestRunner:     <node index="0" text="" resource-id="" class="android.widget.FrameLayout" package="commvne.com.whip.app.benchmark" content-desc="" checkable="false" checked="false" clickable="false" enabled="true" focusable="false" focused="false" scrollable="false" long-clickable="false" password="false" selected="false" visible-to-user="true" bounds="[0,0][1080,2400]" drawing-order="1" hint="" display-id="0">
09-29 10:31:33.910 22931 22948 E TestRunner:       <node index="0" text="" resource-id="android:id/content" class="android.widget.FrameLayout" package="commvne.com.whip.app.benchmark" content-desc="" checkable="false" checked="false" clickable="false" enabled="true" focusable="false" focused="false" scrollable="false" long-clickable="false" password="false" selected="false" visible-to-user="true" bounds="[0,0][1080,2400]" drawing-order="1" hint="" display-id="0">
09-29 10:31:33.910 22931 22948 E TestRunner:         <node index="0" text="" resource-id="" class="androidx.compose.ui.platform.ComposeView" package="commvne.com.whip.app.benchmark" content-desc="" checkable="false" checked="false" clickable="false" enabled="true" focusable="false" focused="false" scrollable="false" long-clickable="false" password="false" selected="false" visible-to-user="true" bounds="[0,0][1080,2400]" drawing-order="1" hint="" display-id="0">
09-29 10:31:33.910 22931 22948 E TestRunner:           <node index="0" text="" resource-id="" class="android.view.View" package="commvne.com.whip.app.benchmark" content-desc="" checkable="false" checked="false" clickable="false" enabled="true" focusable="false" focused="false" scrollable="false" long-clickable="false" password="false" selected="false" visible-to-user="true" bounds="[0,0][1080,2400]" drawing-order="0" hint="" display-id="0">
09-29 10:31:33.910 22931 22948 E TestRunner:             <node index="0" text="" resource-id="app-background-shell" class="android.view.View" package="commvne.com.whip.app.benchmark" content-desc="" checkable="false" checked="false" clickable="false" enabled="true" focusable="false" focused="false" scrollable="false" long-clickable="false" password="false" selected="false" visible-to-user="true" bounds="[0,0][1080,2400]" drawing-order="0" hint="" display-id="0">
09-29 10:31:33.910 22931 22948 E TestRunner:               <node index="0" text="" resource-id="workspace-layout-viewport" class="android.view.View" package="commvne.com.whip.app.benchmark" content-desc="" checkable="false" checked="false" clickable="false" enabled="true" focusable="false" focused="false" scrollable="false" long-clickable="false" password="false" selected="false" visible-to-user="true" bounds="[0,0][1080,2400]" drawing-order="0" hint="" display-id="0">
09-29 10:31:33.910 22931 22948 E TestRunner:                 <node index="0" text="" resource-id="workspace-content-column" class="android.view.View" package="commvne.com.whip.app.benchmark" content-desc="" checkable="false" checked="false" clickable="false" enabled="true" focusable="false" focused="false" scrollable="false" long-clickable="false" password="false" selected="false" visible-to-user="true" bounds="[0,0][1080,2400]" drawing-order="0" hint="" display-id="0">
09-29 10:31:33.910 22931 22948 E TestRunner:                   <node index="0" text="" resource-id="" class="android.view.View" package="commvne.com.whip.app.benchmark" content-desc="" checkable="false" checked="false" clickable="false" enabled="true" focusable="false" focused="false" scrollable="false" long-clickable="false" password="false" selected="false" visible-to-user="true" bounds="[0,0][1080,2400]" drawing-order="0" hint="" display-id="0">
09-29 10:31:33.910 22931 22948 E TestRunner:                     <node index="0" text="" resource-id="goal-workspace-navigation" class="android.view.View" package="commvne.com.whip.app.benchmark" content-desc="" checkable="false" checked="false" clickable="false" enabled="true" focusable="false" focused="false" scrollable="false" long-clickable="false" password="false" selected="false" visible-to-user="true" bounds="[0,300][1080,451]" drawing-order="0" hint="" display-id="0">
09-29 10:31:33.910 22931 22948 E TestRunner:                       <node index="0" text="" resource-id="" class="android.view.View" package="commvne.com.whip.app.benchmark" content-desc="" checkable="false" checked="false" clickable="false" enabled="true" focusable="false" focused="false" scrollable="false" long-clickable="false" password="false" selected="false" visible-to-user="true" bounds="[32,311][1048,437]" drawing-order="0" hint="" display-id="0">
09-29 10:31:33.910 22931 22948 E TestRunner:                         <node index="0" text="" resource-id="goal-destination-Goals" class="android.view.View" package="commvne.com.whip.app.benchmark" content-desc="" checkable="false" checked="false" clickable="false" enabled="true" focusable="true" focused="false" scrollable="false" long-clickable="false" password="false" selected="true" visible-to-user="true" bounds="[32,311][364,437]" drawing-order="0" hint="" display-id="0">
09-29 10:31:33.910 22931 22948 E TestRunner:                           <node index="0" text="" resource-id="" class="android.view.View" package="commvne.com.whip.app.benchmark" content-desc="Goals" checkable="false" checked="false" clickable="false" enabled="true" focusable="false" focused="false" scrollable="false" long-clickable="false" password="false" selected="false" visible-to-user="true" bounds="[32,311][364,437]" drawing-order="0" hint="" display-id="0" />
09-29 10:31:33.910 22931 22948 E TestRunner:                           <node index="1" text="Goals" resource-id="" class="android.widget.TextView" package="commvne.com.whip.app.benchmark" content-desc="" checkable="false" checked="false" clickable="false" enabled="true" focusable="false" focused="false" scrollable="false" long-clickable="false" password="false" selected="false" visible-to-user="true" bounds="[155,350][241,390]" drawing-order="1" hint="" display-id="0" />
09-29 10:31:33.910 22931 22948 E TestRunner:                           <node index="2" text="" resource-id="" class="android.view.View" package="commvne.com.whip.app.benchmark" content-desc="" checkable="false" checked="false" clickable="false" enabled="true" focusable="false" focused="false" scrollable="false" long-clickable="false" password="false" selected="false" visible-to-user="true" bounds="[32,311][364,437]" drawing-order="2" hint="" display-id="0" />
09-29 10:31:33.910 22931 22948 E TestRunner:                         </node>
09-29 10:31:33.910 22931 22948 E TestRunner:                         <node index="1" text="" resource-id="goal-destination-History" class="android.view.View" package="commvne.com.whip.app.benchmark" content-desc="" checkable="false" checked="false" clickable="true" enabled="true" focusable="true" focused="false" scrollable="false" long-clickable="false" password="false" selected="false" visible-to-user="true" bounds="[375,311][706,437]" drawing-order="1" hint="" display-id="0">
09-29 10:31:33.910 22931 22948 E TestRunner:                           <node index="0" text="" resource-id="" class="android.view.View" package="commvne.com.whip.app.benchmark" content-desc="History" checkable="false" checked="false" clickable="false" enabled="true" focusable="false" focused="false" scrollable="false" long-clickable="false" password="false" selected="false" visible-to-user="true" bounds="[375,311][706,437]" drawing-order="0" hint="" display-id="0" />
09-29 10:31:33.910 22931 22948 E TestRunner:                           <node index="1" text="History" resource-id="" class="android.widget.TextView" package="commvne.com.whip.app.benchmark" content-desc="" checkable="false" checked="false" clickable="false" enabled="true" focusable="false" focused="false" scrollable="false" long-clickable="false" password="false" selected="false" visible-to-user="true" bounds="[486,350][596,390]" drawing-order="1" hint="" display-id="0" />
09-29 10:31:33.910 22931 22948 E TestRunner:                           <node index="2" text="" resource-id="" class="android.view.View" package="commvne.com.whip.app.benchmark" content-desc="" checkable="false" checked="false" clickable="false" enabled="true" focusable="false" focused="false" scrollable="false" long-clickable="false" password="false" selected="false" visible-to-user="true" bounds="[375,311][706,437]" drawing-order="2" hint="" display-id="0" />
09-29 10:31:33.910 22931 22948 E TestRunner:                         </node>
09-29 10:31:33.910 22931 22948 E TestRunner:                         <node index="2" text="" resource-id="goal-destination-Insights" class="android.view.View" package="commvne.com.whip.app.benchmark" content-desc="" checkable="false" checked="false" clickable="true" enabled="true" focusable="true" focused="false" scrollable="false" long-clickable="false" password="false" selected="false" visible-to-user="true" bounds="[717,311][1048,437]" drawing-order="2" hint="" display-id="0">
09-29 10:31:33.910 22931 22948 E TestRunner:                           <node index="0" text="" resource-id="" class="android.view.View" package="commvne.com.whip.app.benchmark" content-desc="Insights" checkable="false" checked="false" clickable="false" enabled="true" focusable="false" focused="false" scrollable="false" long-clickable="false" password="false" selected="false" visible-to-user="true" bounds="[717,311][1048,437]" drawing-order="0" hint="" display-id="0" />
09-29 10:31:33.910 22931 22948 E TestRunner:                           <node index="1" text="Insights" resource-id="" class="android.widget.TextView" package="commvne.com.whip.app.benchmark" content-desc="" checkable="false" checked="false" clickable="false" enabled="true" focusable="false" focused="false" scrollable="false" long-clickable="false" password="false" selected="false" visible-to-user="true" bounds="[821,350][944,390]" drawing-order="1" hint="" display-id="0" />
09-29 10:31:33.910 22931 22948 E TestRunner:                           <node index="2" text="" resource-id="" class="android.view.View" package="commvne.com.whip.app.benchmark" content-desc="" checkable="false" checked="false" clickable="false" enabled="true" focusable="false" focused="false" scrollable="false" long-clickable="false" password="false" selected="false" visible-to-user="true" bounds="[717,311][1048,437]" drawing-order="2" hint="" display-id="0" />
09-29 10:31:33.910 22931 22948 E TestRunner:                         </node>
09-29 10:31:33.910 22931 22948 E TestRunner:                       </node>
09-29 10:31:33.910 22931 22948 E TestRunner:                     </node>
09-29 10:31:33.910 22931 22948 E TestRunner:                     <node index="1" text="" resource-id="workspace-context-row" class="android.view.View" package="commvne.com.whip.app.benchmark" content-desc="" checkable="false" checked="false" clickable="false" enabled="true" focusable="false" focused="false" scrollable="false" long-clickable="false" password="false" selected="false" visible-to-user="true" bounds="[53,451][1027,640]" drawing-order="1" hint="" display-id="0">
09-29 10:31:33.910 22931 22948 E TestRunner:                       <node index="0" text="Loading goals" resource-id="workspace-context-summary" class="android.widget.TextView" package="commvne.com.whip.app.benchmark" content-desc="" checkable="false" checked="false" clickable="false" enabled="true" focusable="false" focused="false" scrollable="false" long-clickable="false" password="false" selected="false" visible-to-user="true" bounds="[53,524][754,567]" drawing-order="0" hint="" display-id="0" />
09-29 10:31:33.910 22931 22948 E TestRunner:                     </node>
09-29 10:31:33.910 22931 22948 E TestRunner:                     <node index="2" text="" resource-id="" class="android.widget.ScrollView" package="commvne.com.whip.app.benchmark" content-desc="" checkable="false" checked="false" clickable="false" enabled="true" focusable="false" focused="false" scrollable="false" long-clickable="false" password="false" selected="false" visible-to-user="true" bounds="[0,640][1080,2106]" drawing-order="2" hint="" display-id="0">
09-29 10:31:33.910 22931 22948 E TestRunner:                       <node index="0" text="" resource-id="" class="android.view.View" package="commvne.com.whip.app.benchmark" content-desc="" checkable="false" checked="false" clickable="false" enabled="true" focusable="false" focused="false" scrollable="false" long-clickable="false" password="false" selected="false" visible-to-user="true" bounds="[53,1296][1027,1451]" drawing-order="0" hint="" display-id="0">
09-29 10:31:33.910 22931 22948 E TestRunner:                         <node index="0" text="Loading Goals" resource-id="" class="android.widget.TextView" package="commvne.com.whip.app.benchmark" content-desc="" checkable="false" checked="false" clickable="false" enabled="true" focusable="false" focused="false" scrollable="false" long-clickable="false" password="false" selected="false" visible-to-user="true" bounds="[85,1317][313,1360]" drawing-order="0" hint="" display-id="0" />
09-29 10:31:33.910 22931 22948 E TestRunner:                         <node index="1" text="" resource-id="" class="android.view.View" package="commvne.com.whip.app.benchmark" content-desc="" checkable="false" checked="false" clickable="false" enabled="true" focusable="false" focused="false" scrollable="false" long-clickable="false" password="false" selected="false" visible-to-user="true" bounds="[85,1371][995,1382]" drawing-order="1" hint="" display-id="0" />
09-29 10:31:33.910 22931 22948 E TestRunner:                         <node index="2" text="This content will appear when loading is complete." resource-id="" class="android.widget.TextView" package="commvne.com.whip.app.benchmark" content-desc="" checkable="false" checked="false" clickable="false" enabled="true" focusable="false" focused="false" scrollable="false" long-clickable="false" password="false" selected="false" visible-to-user="true" bounds="[85,1393][782,1430]" drawing-order="2" hint="" display-id="0" />
09-29 10:31:33.910 22931 22948 E TestRunner:                       </node>
09-29 10:31:33.910 22931 22948 E TestRunner:                     </node>
09-29 10:31:33.910 22931 22948 E TestRunner:                     <node index="3" text="" resource-id="workspace-top-app-bar" class="android.view.View" package="commvne.com.whip.app.benchmark" content-desc="" checkable="false" checked="false" clickable="false" enabled="true" focusable="false" focused="false" scrollable="false" long-clickable="false" password="false" selected="false" visible-to-user="true" bounds="[0,0][1080,300]" drawing-order="3" hint="" display-id="0">
09-29 10:31:33.910 22931 22948 E TestRunner:                       <node index="0" text="" resource-id="" class="android.view.View" package="commvne.com.whip.app.benchmark" content-desc="" checkable="false" checked="false" clickable="false" enabled="true" focusable="false" focused="false" scrollable="false" long-clickable="false" password="false" selected="false" visible-to-user="true" bounds="[0,132][1080,300]" drawing-order="0" hint="" display-id="0">
09-29 10:31:33.910 22931 22948 E TestRunner:                         <node index="0" text="" resource-id="" class="android.view.View" package="commvne.com.whip.app.benchmark" content-desc="" checkable="false" checked="false" clickable="false" enabled="true" focusable="false" focused="false" scrollable="false" long-clickable="false" password="false" selected="false" visible-to-user="true" bounds="[43,147][282,284]" drawing-order="0" hint="" display-id="0">
09-29 10:31:33.910 22931 22948 E TestRunner:                           <node index="0" text="" resource-id="workspace-header-identity" class="android.view.View" package="commvne.com.whip.app.benchmark" content-desc="" checkable="false" checked="false" clickable="false" enabled="true" focusable="false" focused="false" scrollable="false" long-clickable="false" password="false" selected="false" visible-to-user="true" bounds="[43,147][282,284]" drawing-order="0" hint="" display-id="0">
09-29 10:31:33.910 22931 22948 E TestRunner:                             <node index="0" text="" resource-id="workspace-area-action" class="android.view.View" package="commvne.com.whip.app.benchmark" content-desc="" checkable="false" checked="false" clickable="false" enabled="true" focusable="false" focused="false" scrollable="false" long-clickable="false" password="false" selected="false" visible-to-user="true" bounds="[43,153][282,279]" drawing-order="0" hint="" display-id="0">
09-29 10:31:33.910 22931 22948 E TestRunner:                               <node index="0" text="" resource-id="" class="android.view.View" package="commvne.com.whip.app.benchmark" content-desc="" checkable="true" checked="false" clickable="true" enabled="true" focusable="true" focused="false" scrollable="false" long-clickable="false" password="false" selected="false" visible-to-user="true" bounds="[43,153][282,279]" drawing-order="0" hint="" display-id="0">
09-29 10:31:33.910 22931 22948 E TestRunner:                                 <node index="0" text="" resource-id="" class="android.view.View" package="commvne.com.whip.app.benchmark" content-desc="Area scope: Main" checkable="false" checked="false" clickable="false" enabled="true" focusable="false" focused="false" scrollable="false" long-clickable="false" password="false" selected="false" visible-to-user="true" bounds="[43,174][282,258]" drawing-order="0" hint="" display-id="0" />
09-29 10:31:33.910 22931 22948 E TestRunner:                                 <node index="1" text="Main" resource-id="" class="android.widget.TextView" package="commvne.com.whip.app.benchmark" content-desc="" checkable="false" checked="false" clickable="false" enabled="true" focusable="false" focused="false" scrollable="false" long-clickable="false" password="false" selected="false" visible-to-user="true" bounds="[85,197][161,237]" drawing-order="1" hint="" display-id="0" />
09-29 10:31:33.910 22931 22948 E TestRunner:                                 <node index="2" text="" resource-id="" class="android.widget.CheckBox" package="commvne.com.whip.app.benchmark" content-desc="" checkable="false" checked="false" clickable="false" enabled="true" focusable="false" focused="false" scrollable="false" long-clickable="false" password="false" selected="false" visible-to-user="true" bounds="[43,174][282,258]" drawing-order="2" hint="" display-id="0" />
09-29 10:31:33.910 22931 22948 E TestRunner:                               </node>
09-29 10:31:33.910 22931 22948 E TestRunner:                             </node>
09-29 10:31:33.910 22931 22948 E TestRunner:                           </node>
09-29 10:31:33.910 22931 22948 E TestRunner:                         </node>
09-29 10:31:33.910 22931 22948 E TestRunner:                         <node index="1" text="" resource-id="workspace-add-action" class="android.widget.Button" package="commvne.com.whip.app.benchmark" content-desc="Add goal" checkable="false" checked="false" clickable="true" enabled="true" focusable="true" focused="false" scrollable="false" long-clickable="false" password="false" selected="false" visible-to-user="true" bounds="[658,147][795,284]" drawing-order="1" hint="" display-id="0" />
09-29 10:31:33.910 22931 22948 E TestRunner:                         <node index="2" text="" resource-id="workspace-search-action" class="android.widget.Button" package="commvne.com.whip.app.benchmark" content-desc="Search Goals" checkable="false" checked="false" clickable="true" enabled="true" focusable="true" focused="false" scrollable="false" long-clickable="false" password="false" selected="false" visible-to-user="true" bounds="[795,147][932,284]" drawing-order="2" hint="" display-id="0" />
09-29 10:31:33.910 22931 22948 E TestRunner:                         <node index="3" text="" resource-id="workspace-settings-action" class="android.widget.Button" package="commvne.com.whip.app.benchmark" content-desc="Open Settings" checkable="false" checked="false" clickable="true" enabled="true" focusable="true" focused="false" scrollable="false" long-clickable="false" password="false" selected="false" visible-to-user="true" bounds="[932,147][1069,284]" drawing-order="3" hint="" display-id="0" />
09-29 10:31:33.910 22931 22948 E TestRunner:                       </node>
09-29 10:31:33.910 22931 22948 E TestRunner:                     </node>
09-29 10:31:33.910 22931 22948 E TestRunner:                     <node index="4" text="" resource-id="adaptive-bottom-navigation" class="android.view.View" package="commvne.com.whip.app.benchmark" content-desc="" checkable="false" checked="false" clickable="false" enabled="true" focusable="false" focused="false" scrollable="false" long-clickable="false" password="false" selected="false" visible-to-user="true" bounds="[0,2106][1080,2400]" drawing-order="4" hint="" display-id="0">
09-29 10:31:33.910 22931 22948 E TestRunner:                       <node index="0" text="" resource-id="" class="android.view.View" package="commvne.com.whip.app.benchmark" content-desc="" checkable="false" checked="false" clickable="false" enabled="true" focusable="false" focused="false" scrollable="false" long-clickable="false" password="false" selected="false" visible-to-user="true" bounds="[0,2106][1080,2400]" drawing-order="0" hint="" display-id="0">
09-29 10:31:33.910 22931 22948 E TestRunner:                         <node index="0" text="" resource-id="compact-primary-navigation-single-row" class="android.view.View" package="commvne.com.whip.app.benchmark" content-desc="" checkable="false" checked="false" clickable="false" enabled="true" focusable="false" focused="false" scrollable="false" long-clickable="false" password="false" selected="false" visible-to-user="true" bounds="[0,2106][1080,2274]" drawing-order="0" hint="" display-id="0">
09-29 10:31:33.910 22931 22948 E TestRunner:                           <node index="0" text="" resource-id="primary-navigation-Home" class="android.view.View" package="commvne.com.whip.app.benchmark" content-desc="" checkable="false" checked="false" clickable="true" enabled="true" focusable="true" focused="false" scrollable="false" long-clickable="false" password="false" selected="false" visible-to-user="true" bounds="[0,2106][180,2274]" drawing-order="0" hint="" display-id="0">
09-29 10:31:33.910 22931 22948 E TestRunner:                             <node index="0" text="" resource-id="" class="android.view.View" package="commvne.com.whip.app.benchmark" content-desc="Go to Home" checkable="false" checked="false" clickable="false" enabled="true" focusable="false" focused="false" scrollable="false" long-clickable="false" password="false" selected="false" visible-to-user="true" bounds="[0,2106][180,2274]" drawing-order="0" hint="" display-id="0" />
09-29 10:31:33.910 22931 22948 E TestRunner:                             <node index="1" text="" resource-id="" class="android.view.View" package="commvne.com.whip.app.benchmark" content-desc="" checkable="false" checked="false" clickable="false" enabled="true" focusable="false" focused="false" scrollable="false" long-clickable="false" password="false" selected="false" visible-to-user="true" bounds="[27,2129][153,2213]" drawing-order="1" hint="" display-id="0">
09-29 10:31:33.910 22931 22948 E TestRunner:                               <node index="0" text="" resource-id="" class="android.view.View" package="commvne.com.whip.app.benchmark" content-desc="" checkable="false" checked="false" clickable="false" enabled="true" focusable="false" focused="false" scrollable="false" long-clickable="false" password="false" selected="false" visible-to-user="true" bounds="[27,2108][153,2234]" drawing-order="0" hint="" display-id="0" />
09-29 10:31:33.910 22931 22948 E TestRunner:                             </node>
09-29 10:31:33.910 22931 22948 E TestRunner:                             <node index="2" text="" resource-id="" class="android.view.View" package="commvne.com.whip.app.benchmark" content-desc="" checkable="false" checked="false" clickable="false" enabled="true" focusable="false" focused="false" scrollable="false" long-clickable="false" password="false" selected="false" visible-to-user="true" bounds="[53,2218][128,2252]" drawing-order="2" hint="" display-id="0">
09-29 10:31:33.910 22931 22948 E TestRunner:                               <node index="0" text="Home" resource-id="primary-navigation-label-Home" class="android.widget.TextView" package="commvne.com.whip.app.benchmark" content-desc="" checkable="false" checked="false" clickable="false" enabled="true" focusable="false" focused="false" scrollable="false" long-clickable="false" password="false" selected="false" visible-to-user="true" bounds="[53,2218][128,2252]" drawing-order="0" hint="" display-id="0" />
09-29 10:31:33.910 22931 22948 E TestRunner:                             </node>
09-29 10:31:33.910 22931 22948 E TestRunner:                             <node index="3" text="" resource-id="" class="android.view.View" package="commvne.com.whip.app.benchmark" content-desc="" checkable="false" checked="false" clickable="false" enabled="true" focusable="false" focused="false" scrollable="false" long-clickable="false" password="false" selected="false" visible-to-user="true" bounds="[0,2106][180,2274]" drawing-order="3" hint="" display-id="0" />
09-29 10:31:33.910 22931 22948 E TestRunner:                           </node>
09-29 10:31:33.910 22931 22948 E TestRunner:                           <node index="1" text="" resource-id="primary-navigation-Tasks" class="android.view.View" package="commvne.com.whip.app.benchmark" content-desc="" checkable="false" checked="false" clickable="true" enabled="true" focusable="true" focused="false" scrollable="false" long-clickable="false" password="false" selected="false" visible-to-user="true" bounds="[180,2106][360,2274]" drawing-order="1" hint="" display-id="0">
09-29 10:31:33.910 22931 22948 E TestRunner:                             <node index="0" text="" resource-id="" class="android.view.View" package="commvne.com.whip.app.benchmark" content-desc="Tasks tab" checkable="false" checked="false" clickable="false" enabled="true" focusable="false" focused="false" scrollable="false" long-clickable="false" password="false" selected="false" visible-to-user="true" bounds="[180,2106][360,2274]" drawing-order="0" hint="" display-id="0" />
09-29 10:31:33.910 22931 22948 E TestRunner:                             <node index="1" text="" resource-id="" class="android.view.View" package="commvne.com.whip.app.benchmark" content-desc="" checkable="false" checked="false" clickable="false" enabled="true" focusable="false" focused="false" scrollable="false" long-clickable="false" password="false" selected="false" visible-to-user="true" bounds="[207,2129][333,2213]" drawing-order="1" hint="" display-id="0" />
09-29 10:31:33.910 22931 22948 E TestRunner:                             <node index="2" text="" resource-id="" class="android.view.View" package="commvne.com.whip.app.benchmark" content-desc="" checkable="false" checked="false" clickable="false" enabled="true" focusable="false" focused="false" scrollable="false" long-clickable="false" password="false" selected="false" visible-to-user="true" bounds="[233,2218][307,2252]" drawing-order="2" hint="" display-id="0">
09-29 10:31:33.910 22931 22948 E TestRunner:                               <node index="0" text="Tasks" resource-id="primary-navigation-label-Tasks" class="android.widget.TextView" package="commvne.com.whip.app.benchmark" content-desc="" checkable="false" checked="false" clickable="false" enabled="true" focusable="false" focused="false" scrollable="false" long-clickable="false" password="false" selected="false" visible-to-user="true" bounds="[233,2218][307,2252]" drawing-order="0" hint="" display-id="0" />
09-29 10:31:33.910 22931 22948 E TestRunner:                             </node>
09-29 10:31:33.910 22931 22948 E TestRunner:                             <node index="3" text="" resource-id="" class="android.view.View" package="commvne.com.whip.app.benchmark" content-desc="" checkable="false" checked="false" clickable="false" enabled="true" focusable="false" focused="false" scrollable="false" long-clickable="false" password="false" selected="false" visible-to-user="true" bounds="[180,2106][360,2274]" drawing-order="3" hint="" display-id="0" />
09-29 10:31:33.910 22931 22948 E TestRunner:                           </node>
09-29 10:31:33.910 22931 22948 E TestRunner:                           <node index="2" text="" resource-id="primary-navigation-Habits" class="android.view.View" package="commvne.com.whip.app.benchmark" content-desc="" checkable="false" checked="false" clickable="true" enabled="true" focusable="true" focused="false" scrollable="false" long-clickable="false" password="false" selected="false" visible-to-user="true" bounds="[360,2106][540,2274]" drawing-order="2" hint="" display-id="0">
09-29 10:31:33.910 22931 22948 E TestRunner:                             <node index="0" text="" resource-id="" class="android.view.View" package="commvne.com.whip.app.benchmark" content-desc="Habits tab" checkable="false" checked="false" clickable="false" enabled="true" focusable="false" focused="false" scrollable="false" long-clickable="false" password="false" selected="false" visible-to-user="true" bounds="[360,2106][540,2274]" drawing-order="0" hint="" display-id="0" />
09-29 10:31:33.910 22931 22948 E TestRunner:                             <node index="1" text="" resource-id="" class="android.view.View" package="commvne.com.whip.app.benchmark" content-desc="" checkable="false" checked="false" clickable="false" enabled="true" focusable="false" focused="false" scrollable="false" long-clickable="false" password="false" selected="false" visible-to-user="true" bounds="[387,2129][513,2213]" drawing-order="1" hint="" display-id="0" />
09-29 10:31:33.910 22931 22948 E TestRunner:                             <node index="2" text="" resource-id="" class="android.view.View" package="commvne.com.whip.app.benchmark" content-desc="" checkable="false" checked="false" clickable="false" enabled="true" focusable="false" focused="false" scrollable="false" long-clickable="false" password="false" selected="false" visible-to-user="true" bounds="[410,2218][491,2252]" drawing-order="2" hint="" display-id="0">
09-29 10:31:33.910 22931 22948 E TestRunner:                               <node index="0" text="Habits" resource-id="primary-navigation-label-Habits" class="android.widget.TextView" package="commvne.com.whip.app.benchmark" content-desc="" checkable="false" checked="false" clickable="false" enabled="true" focusable="false" focused="false" scrollable="false" long-clickable="false" password="false" selected="false" visible-to-user="true" bounds="[410,2218][491,2252]" drawing-order="0" hint="" display-id="0" />
09-29 10:31:33.910 22931 22948 E TestRunner:                             </node>
09-29 10:31:33.910 22931 22948 E TestRunner:                             <node index="3" text="" resource-id="" class="android.view.View" package="commvne.com.whip.app.benchmark" content-desc="" checkable="false" checked="false" clickable="false" enabled="true" focusable="false" focused="false" scrollable="false" long-clickable="false" password="false" selected="false" visible-to-user="true" bounds="[360,2106][540,2274]" drawing-order="3" hint="" display-id="0" />
09-29 10:31:33.910 22931 22948 E TestRunner:                           </node>
09-29 10:31:33.910 22931 22948 E TestRunner:                           <node index="3" text="" resource-id="primary-navigation-Goals" class="android.view.View" package="commvne.com.whip.app.benchmark" content-desc="" checkable="false" checked="false" clickable="false" enabled="true" focusable="true" focused="false" scrollable="false" long-clickable="false" password="false" selected="true" visible-to-user="true" bounds="[540,2106][720,2274]" drawing-order="3" hint="" display-id="0">
09-29 10:31:33.910 22931 22948 E TestRunner:                             <node index="0" text="" resource-id="" class="android.view.View" package="commvne.com.whip.app.benchmark" content-desc="Goals tab" checkable="false" checked="false" clickable="false" enabled="true" focusable="false" focused="false" scrollable="false" long-clickable="false" password="false" selected="false" visible-to-user="true" bounds="[540,2106][720,2274]" drawing-order="0" hint="" display-id="0" />
09-29 10:31:33.910 22931 22948 E TestRunner:                             <node index="1" text="" resource-id="" class="android.view.View" package="commvne.com.whip.app.benchmark" content-desc="" checkable="false" checked="false" clickable="false" enabled="true" focusable="false" focused="false" scrollable="false" long-clickable="false" password="false" selected="false" visible-to-user="true" bounds="[567,2129][693,2213]" drawing-order="1" hint="" display-id="0" />
09-29 10:31:33.910 22931 22948 E TestRunner:                             <node index="2" text="" resource-id="" class="android.view.View" package="commvne.com.whip.app.benchmark" content-desc="" checkable="false" checked="false" clickable="false" enabled="true" focusable="false" focused="false" scrollable="false" long-clickable="false" password="false" selected="false" visible-to-user="true" bounds="[595,2218][666,2252]" drawing-order="2" hint="" display-id="0">
09-29 10:31:33.910 22931 22948 E TestRunner:                               <node index="0" text="Goals" resource-id="primary-navigation-label-Goals" class="android.widget.TextView" package="commvne.com.whip.app.benchmark" content-desc="" checkable="false" checked="false" clickable="false" enabled="true" focusable="false" focused="false" scrollable="false" long-clickable="false" password="false" selected="false" visible-to-user="true" bounds="[595,2218][666,2252]" drawing-order="0" hint="" display-id="0" />
09-29 10:31:33.910 22931 22948 E TestRunner:                             </node>
09-29 10:31:33.910 22931 22948 E TestRunner:                             <node index="3" text="" resource-id="" class="android.view.View" package="commvne.com.whip.app.benchmark" content-desc="" checkable="false" checked="false" clickable="false" enabled="true" focusable="false" focused="false" scrollable="false" long-clickable="false" password="false" selected="false" visible-to-user="true" bounds="[540,2106][720,2274]" drawing-order="3" hint="" display-id="0" />
09-29 10:31:33.910 22931 22948 E TestRunner:                           </node>
09-29 10:31:33.910 22931 22948 E TestRunner:                           <node index="4" text="" resource-id="primary-navigation-Tracks" class="android.view.View" package="commvne.com.whip.app.benchmark" content-desc="" checkable="false" checked="false" clickable="true" enabled="true" focusable="true" focused="false" scrollable="false" long-clickable="false" password="false" selected="false" visible-to-user="true" bounds="[720,2106][900,2274]" drawing-order="4" hint="" display-id="0">
09-29 10:31:33.910 22931 22948 E TestRunner:                             <node index="0" text="" resource-id="" class="android.view.View" package="commvne.com.whip.app.benchmark" content-desc="Tracks tab" checkable="false" checked="false" clickable="false" enabled="true" focusable="false" focused="false" scrollable="false" long-clickable="false" password="false" selected="false" visible-to-user="true" bounds="[720,2106][900,2274]" drawing-order="0" hint="" display-id="0" />
09-29 10:31:33.910 22931 22948 E TestRunner:                             <node index="1" text="" resource-id="" class="android.view.View" package="commvne.com.whip.app.benchmark" content-desc="" checkable="false" checked="false" clickable="false" enabled="true" focusable="false" focused="false" scrollable="false" long-clickable="false" password="false" selected="false" visible-to-user="true" bounds="[747,2129][873,2213]" drawing-order="1" hint="" display-id="0" />
09-29 10:31:33.910 22931 22948 E TestRunner:                             <node index="2" text="" resource-id="" class="android.view.View" package="commvne.com.whip.app.benchmark" content-desc="" checkable="false" checked="false" clickable="false" enabled="true" focusable="false" focused="false" scrollable="false" long-clickable="false" password="false" selected="false" visible-to-user="true" bounds="[768,2218][853,2252]" drawing-order="2" hint="" display-id="0">
09-29 10:31:33.910 22931 22948 E TestRunner:                               <node index="0" text="Tracks" resource-id="primary-navigation-label-Tracks" class="android.widget.TextView" package="commvne.com.whip.app.benchmark" content-desc="" checkable="false" checked="false" clickable="false" enabled="true" focusable="false" focused="false" scrollable="false" long-clickable="false" password="false" selected="false" visible-to-user="true" bounds="[768,2218][853,2252]" drawing-order="0" hint="" display-id="0" />
09-29 10:31:33.910 22931 22948 E TestRunner:                             </node>
09-29 10:31:33.910 22931 22948 E TestRunner:                             <node index="3" text="" resource-id="" class="android.view.View" package="commvne.com.whip.app.benchmark" content-desc="" checkable="false" checked="false" clickable="false" enabled="true" focusable="false" focused="false" scrollable="false" long-clickable="false" password="false" selected="false" visible-to-user="true" bounds="[720,2106][900,2274]" drawing-order="3" hint="" display-id="0" />
09-29 10:31:33.910 22931 22948 E TestRunner:                           </node>
09-29 10:31:33.910 22931 22948 E TestRunner:                           <node index="5" text="" resource-id="primary-navigation-Gym" class="android.view.View" package="commvne.com.whip.app.benchmark" content-desc="" checkable="false" checked="false" clickable="true" enabled="true" focusable="true" focused="false" scrollable="false" long-clickable="false" password="false" selected="false" visible-to-user="true" bounds="[900,2106][1080,2274]" drawing-order="5" hint="" display-id="0">
09-29 10:31:33.910 22931 22948 E TestRunner:                             <node index="0" text="" resource-id="" class="android.view.View" package="commvne.com.whip.app.benchmark" content-desc="Gym tab" checkable="false" checked="false" clickable="false" enabled="true" focusable="false" focused="false" scrollable="false" long-clickable="false" password="false" selected="false" visible-to-user="true" bounds="[900,2106][1080,2274]" drawing-order="0" hint="" display-id="0" />
09-29 10:31:33.910 22931 22948 E TestRunner:                             <node index="1" text="" resource-id="" class="android.view.View" package="commvne.com.whip.app.benchmark" content-desc="" checkable="false" checked="false" clickable="false" enabled="true" focusable="false" focused="false" scrollable="false" long-clickable="false" password="false" selected="false" visible-to-user="true" bounds="[927,2129][1053,2213]" drawing-order="1" hint="" display-id="0" />
09-29 10:31:33.910 22931 22948 E TestRunner:                             <node index="2" text="" resource-id="" class="android.view.View" package="commvne.com.whip.app.benchmark" content-desc="" checkable="false" checked="false" clickable="false" enabled="true" focusable="false" focused="false" scrollable="false" long-clickable="false" password="false" selected="false" visible-to-user="true" bounds="[962,2218][1019,2252]" drawing-order="2" hint="" display-id="0">
09-29 10:31:33.910 22931 22948 E TestRunner:                               <node index="0" text="Gym" resource-id="primary-navigation-label-Gym" class="android.widget.TextView" package="commvne.com.whip.app.benchmark" content-desc="" checkable="false" checked="false" clickable="false" enabled="true" focusable="false" focused="false" scrollable="false" long-clickable="false" password="false" selected="false" visible-to-user="true" bounds="[962,2218][1019,2252]" drawing-order="0" hint="" display-id="0" />
09-29 10:31:33.910 22931 22948 E TestRunner:                             </node>
09-29 10:31:33.910 22931 22948 E TestRunner:                             <node index="3" text="" resource-id="" class="android.view.View" package="commvne.com.whip.app.benchmark" content-desc="" checkable="false" checked="false" clickable="false" enabled="true" focusable="false" focused="false" scrollable="false" long-clickable="false" password="false" selected="false" visible-to-user="true" bounds="[900,2106][1080,2274]" drawing-order="3" hint="" display-id="0" />
09-29 10:31:33.910 22931 22948 E TestRunner:                           </node>
09-29 10:31:33.910 22931 22948 E TestRunner:                         </node>
09-29 10:31:33.910 22931 22948 E TestRunner:                       </node>
09-29 10:31:33.910 22931 22948 E TestRunner:                     </node>
09-29 10:31:33.910 22931 22948 E TestRunner:                   </node>
09-29 10:31:33.910 22931 22948 E TestRunner:                 </node>
09-29 10:31:33.910 22931 22948 E TestRunner:               </node>
09-29 10:31:33.910 22931 22948 E TestRunner:             </node>
09-29 10:31:33.910 22931 22948 E TestRunner:           </node>
09-29 10:31:33.910 22931 22948 E TestRunner:         </node>
09-29 10:31:33.910 22931 22948 E TestRunner:       </node>
09-29 10:31:33.910 22931 22948 E TestRunner:     </node>
09-29 10:31:33.910 22931 22948 E TestRunner:   </node>
09-29 10:31:33.910 22931 22948 E TestRunner:   <node index="0" text="" resource-id="" class="android.widget.FrameLayout" package="com.android.systemui" content-desc="" checkable="false" checked="false" clickable="false" enabled="true" focusable="false" focused="false" scrollable="false" long-clickable="false" password="false" selected="false" visible-to-user="true" bounds="[0,0][1080,132]" drawing-order="0" hint="" display-id="0">
09-29 10:31:33.910 22931 22948 E TestRunner:     <node index="0" text="" resource-id="com.android.systemui:id/status_bar_launch_animation_container" class="android.widget.FrameLayout" package="com.android.systemui" content-desc="" checkable="false" checked="false" clickable="false" enabled="true" focusable="false" focused="false" scrollable="false" long-clickable="false" password="false" selected="false" visible-to-user="true" bounds="[0,0][1080,132]" drawing-order="1" hint="" display-id="0" />
09-29 10:31:33.910 22931 22948 E TestRunner:     <node index="1" text="" resource-id="com.android.systemui:id/container" class="android.widget.FrameLayout" package="com.android.systemui" content-desc="" checkable="false" checked="false" clickable="false" enabled="true" focusable="false" focused="false" scrollable="false" long-clickable="false" password="false" selected="false" visible-to-user="true" bounds="[0,0][1080,132]" drawing-order="3" hint="" display-id="0" />
09-29 10:31:33.910 22931 22948 E TestRunner:     <node index="2" text="" resource-id="com.android.systemui:id/status_bar_container" class="android.widget.FrameLayout" package="com.android.systemui" content-desc="" checkable="false" checked="false" clickable="false" enabled="true" focusable="false" focused="false" scrollable="false" long-clickable="false" password="false" selected="false" visible-to-user="true" bounds="[0,0][1080,132]" drawing-order="2" hint="" display-id="0">
09-29 10:31:33.910 22931 22948 E TestRunner:       <node index="0" text="" resource-id="com.android.systemui:id/status_bar" class="android.widget.FrameLayout" package="com.android.systemui" content-desc="" checkable="false" checked="false" clickable="false" enabled="true" focusable="false" focused="false" scrollable="false" long-clickable="false" password="false" selected="false" visible-to-user="true" bounds="[0,0][1080,132]" drawing-order="1" hint="" display-id="0">
09-29 10:31:33.910 22931 22948 E TestRunner:         <node index="0" text="" resource-id="com.android.systemui:id/status_bar_contents" class="android.widget.LinearLayout" package="com.android.systemui" content-desc="" checkable="false" checked="false" clickable="false" enabled="true" focusable="false" focused="false" scrollable="false" long-clickable="false" password="false" selected="false" visible-to-user="true" bounds="[0,0][1027,132]" drawing-order="2" hint="" display-id="0">
09-29 10:31:33.910 22931 22948 E TestRunner:           <node index="0" text="" resource-id="com.android.systemui:id/status_bar_start_side_container" class="android.widget.FrameLayout" package="com.android.systemui" content-desc="" checkable="false" checked="false" clickable="false" enabled="true" focusable="false" focused="false" scrollable="false" long-clickable="false" password="false" selected="false" visible-to-user="true" bounds="[42,1][463,132]" drawing-order="1" hint="" display-id="0">
09-29 10:31:33.910 22931 22948 E TestRunner:             <node index="0" text="" resource-id="com.android.systemui:id/status_bar_start_side_content" class="android.widget.FrameLayout" package="com.android.systemui" content-desc="" checkable="false" checked="false" clickable="false" enabled="true" focusable="false" focused="false" scrollable="false" long-clickable="false" password="false" selected="false" visible-to-user="true" bounds="[42,1][208,132]" drawing-order="1" hint="" display-id="0">
09-29 10:31:33.910 22931 22948 E TestRunner:               <node index="0" text="" resource-id="com.android.systemui:id/status_bar_start_side_except_heads_up" class="android.widget.LinearLayout" package="com.android.systemui" content-desc="" checkable="false" checked="false" clickable="false" enabled="true" focusable="false" focused="false" scrollable="false" long-clickable="false" password="false" selected="false" visible-to-user="true" bounds="[42,1][208,132]" drawing-order="2" hint="" display-id="0">
09-29 10:31:33.910 22931 22948 E TestRunner:                 <node index="0" text="10:31 " resource-id="com.android.systemui:id/clock" class="android.widget.TextView" package="com.android.systemui" content-desc="10:31 AM" checkable="false" checked="false" clickable="false" enabled="true" focusable="false" focused="false" scrollable="false" long-clickable="false" password="false" selected="false" visible-to-user="true" bounds="[42,1][150,132]" drawing-order="2" hint="" display-id="0" />
09-29 10:31:33.910 22931 22948 E TestRunner:                 <node index="1" text="" resource-id="com.android.systemui:id/notification_icon_area" class="android.widget.FrameLayout" package="com.android.systemui" content-desc="" checkable="false" checked="false" clickable="false" enabled="true" focusable="false" focused="false" scrollable="false" long-clickable="false" password="false" selected="false" visible-to-user="true" bounds="[150,1][208,132]" drawing-order="4" hint="" display-id="0">
09-29 10:31:33.910 22931 22948 E TestRunner:                   <node index="0" text="" resource-id="com.android.systemui:id/notificationIcons" class="android.view.ViewGroup" package="com.android.systemui" content-desc="" checkable="false" checked="false" clickable="false" enabled="true" focusable="false" focused="false" scrollable="false" long-clickable="false" password="false" selected="false" visible-to-user="true" bounds="[150,1][208,132]" drawing-order="1" hint="" display-id="0">
09-29 10:31:33.910 22931 22948 E TestRunner:                     <node index="0" text="" resource-id="" class="android.widget.ImageView" package="com.android.systemui" content-desc="Android System notification: Serial console enabled" checkable="false" checked="false" clickable="false" enabled="true" focusable="false" focused="false" scrollable="false" long-clickable="false" password="false" selected="false" visible-to-user="true" bounds="[150,1][208,132]" drawing-order="1" hint="" display-id="0" />
09-29 10:31:33.910 22931 22948 E TestRunner:                   </node>
09-29 10:31:33.910 22931 22948 E TestRunner:                 </node>
09-29 10:31:33.910 22931 22948 E TestRunner:               </node>
09-29 10:31:33.910 22931 22948 E TestRunner:             </node>
09-29 10:31:33.910 22931 22948 E TestRunner:           </node>
09-29 10:31:33.910 22931 22948 E TestRunner:           <node index="1" text="" resource-id="com.android.systemui:id/cutout_space_view" class="android.view.View" package="com.android.systemui" content-desc="" checkable="false" checked="false" clickable="false" enabled="true" focusable="false" focused="false" scrollable="false" long-clickable="false" password="false" selected="false" visible-to-user="true" bounds="[463,1][585,132]" drawing-order="2" hint="" display-id="0" />
09-29 10:31:33.910 22931 22948 E TestRunner:           <node index="2" text="" resource-id="com.android.systemui:id/status_bar_end_side_container" class="android.widget.FrameLayout" package="com.android.systemui" content-desc="" checkable="false" checked="false" clickable="false" enabled="true" focusable="false" focused="false" scrollable="false" long-clickable="false" password="false" selected="false" visible-to-user="true" bounds="[585,1][1006,132]" drawing-order="3" hint="" display-id="0">
09-29 10:31:33.910 22931 22948 E TestRunner:             <node index="0" text="" resource-id="com.android.systemui:id/status_bar_end_side_content" class="android.widget.LinearLayout" package="com.android.systemui" content-desc="" checkable="false" checked="false" clickable="false" enabled="true" focusable="false" focused="false" scrollable="false" long-clickable="false" password="false" selected="false" visible-to-user="true" bounds="[885,1][1006,132]" drawing-order="1" hint="" display-id="0">
09-29 10:31:33.910 22931 22948 E TestRunner:               <node index="0" text="" resource-id="com.android.systemui:id/system_icons" class="android.widget.LinearLayout" package="com.android.systemui" content-desc="" checkable="false" checked="false" clickable="false" enabled="true" focusable="false" focused="false" scrollable="false" long-clickable="false" password="false" selected="false" visible-to-user="true" bounds="[885,1][1006,132]" drawing-order="2" hint="" display-id="0">
09-29 10:31:33.910 22931 22948 E TestRunner:                 <node index="0" text="" resource-id="com.android.systemui:id/statusIcons" class="android.widget.LinearLayout" package="com.android.systemui" content-desc="" checkable="false" checked="false" clickable="false" enabled="true" focusable="false" focused="false" scrollable="false" long-clickable="false" password="false" selected="false" visible-to-user="true" bounds="[885,1][986,132]" drawing-order="1" hint="" display-id="0">
09-29 10:31:33.910 22931 22948 E TestRunner:                   <node index="0" text="" resource-id="com.android.systemui:id/wifi_combo" class="android.widget.FrameLayout" package="com.android.systemui" content-desc="" checkable="false" checked="false" clickable="false" enabled="true" focusable="false" focused="false" scrollable="false" long-clickable="false" password="false" selected="false" visible-to-user="true" bounds="[885,37][931,95]" drawing-order="13" hint="" display-id="0">
09-29 10:31:33.910 22931 22948 E TestRunner:                     <node index="0" text="" resource-id="com.android.systemui:id/wifi_group" class="android.widget.LinearLayout" package="com.android.systemui" content-desc="" checkable="false" checked="false" clickable="false" enabled="true" focusable="false" focused="false" scrollable="false" long-clickable="false" password="false" selected="false" visible-to-user="true" bounds="[892,37][931,95]" drawing-order="1" hint="" display-id="0">
09-29 10:31:33.910 22931 22948 E TestRunner:                       <node index="0" text="" resource-id="com.android.systemui:id/wifi_combo" class="android.widget.FrameLayout" package="com.android.systemui" content-desc="" checkable="false" checked="false" clickable="false" enabled="true" focusable="false" focused="false" scrollable="false" long-clickable="false" password="false" selected="false" visible-to-user="true" bounds="[892,46][931,85]" drawing-order="2" hint="" display-id="0">
09-29 10:31:33.910 22931 22948 E TestRunner:                         <node index="0" text="" resource-id="com.android.systemui:id/wifi_signal" class="android.widget.ImageView" package="com.android.systemui" content-desc="Wifi signal full." checkable="false" checked="false" clickable="false" enabled="true" focusable="false" focused="false" scrollable="false" long-clickable="false" password="false" selected="false" visible-to-user="true" bounds="[892,46][931,85]" drawing-order="1" hint="" display-id="0" />
09-29 10:31:33.910 22931 22948 E TestRunner:                       </node>
09-29 10:31:33.910 22931 22948 E TestRunner:                     </node>
09-29 10:31:33.910 22931 22948 E TestRunner:                   </node>
09-29 10:31:33.910 22931 22948 E TestRunner:                   <node index="1" text="" resource-id="com.android.systemui:id/mobile_combo" class="android.widget.FrameLayout" package="com.android.systemui" content-desc="Phone signal full." checkable="false" checked="false" clickable="false" enabled="true" focusable="false" focused="false" scrollable="false" long-clickable="false" password="false" selected="false" visible-to-user="true" bounds="[931,37][970,95]" drawing-order="15" hint="" display-id="0">
09-29 10:31:33.910 22931 22948 E TestRunner:                     <node index="0" text="" resource-id="com.android.systemui:id/mobile_group" class="android.widget.LinearLayout" package="com.android.systemui" content-desc="" checkable="false" checked="false" clickable="false" enabled="true" focusable="false" focused="false" scrollable="false" long-clickable="false" password="false" selected="false" visible-to-user="true" bounds="[931,37][970,95]" drawing-order="1" hint="" display-id="0">
09-29 10:31:33.910 22931 22948 E TestRunner:                       <node index="0" text="" resource-id="" class="android.widget.FrameLayout" package="com.android.systemui" content-desc="" checkable="false" checked="false" clickable="false" enabled="true" focusable="false" focused="false" scrollable="false" long-clickable="false" password="false" selected="false" visible-to-user="true" bounds="[931,46][970,85]" drawing-order="4" hint="" display-id="0">
09-29 10:31:33.910 22931 22948 E TestRunner:                         <node index="0" text="" resource-id="com.android.systemui:id/mobile_signal" class="android.widget.ImageView" package="com.android.systemui" content-desc="" checkable="false" checked="false" clickable="false" enabled="true" focusable="false" focused="false" scrollable="false" long-clickable="false" password="false" selected="false" visible-to-user="true" bounds="[931,46][970,85]" drawing-order="1" hint="" display-id="0" />
09-29 10:31:33.910 22931 22948 E TestRunner:                       </node>
09-29 10:31:33.910 22931 22948 E TestRunner:                     </node>
09-29 10:31:33.910 22931 22948 E TestRunner:                   </node>
09-29 10:31:33.910 22931 22948 E TestRunner:                 </node>
09-29 10:31:33.910 22931 22948 E TestRunner:                 <node index="1" text="" resource-id="com.android.systemui:id/battery" class="android.widget.LinearLayout" package="com.android.systemui" content-desc="Battery charging, 100 percent." checkable="false" checked="false" clickable="false" enabled="true" focusable="false" focused="false" scrollable="false" long-clickable="false" password="false" selected="false" visible-to-user="true" bounds="[986,1][1006,132]" drawing-order="2" hint="" display-id="0">
09-29 10:31:33.910 22931 22948 E TestRunner:                   <node index="0" text="" resource-id="" class="android.widget.ImageView" package="com.android.systemui" content-desc="" checkable="false" checked="false" clickable="false" enabled="true" focusable="false" focused="false" scrollable="false" long-clickable="false" password="false" selected="false" visible-to-user="true" bounds="[986,49][1006,83]" drawing-order="1" hint="" display-id="0" />
09-29 10:31:33.910 22931 22948 E TestRunner:                 </node>
09-29 10:31:33.910 22931 22948 E TestRunner:               </node>
09-29 10:31:33.910 22931 22948 E TestRunner:             </node>
09-29 10:31:33.910 22931 22948 E TestRunner:           </node>
09-29 10:31:33.910 22931 22948 E TestRunner:         </node>
09-29 10:31:33.910 22931 22948 E TestRunner:       </node>
09-29 10:31:33.910 22931 22948 E TestRunner:     </node>
09-29 10:31:33.910 22931 22948 E TestRunner:   </node>
09-29 10:31:33.910 22931 22948 E TestRunner:   <node index="0" text="" resource-id="com.android.systemui:id/navigation_bar_frame" class="android.widget.FrameLayout" package="com.android.systemui" content-desc="" checkable="false" checked="false" clickable="false" enabled="true" focusable="false" focused="false" scrollable="false" long-clickable="false" password="false" selected="false" visible-to-user="true" bounds="[0,2274][1080,2400]" drawing-order="0" hint="" display-id="0">
09-29 10:31:33.910 22931 22948 E TestRunner:     <node index="0" text="" resource-id="com.android.systemui:id/navigation_bar_view" class="android.widget.FrameLayout" package="com.android.systemui" content-desc="" checkable="false" checked="false" clickable="false" enabled="true" focusable="false" focused="false" scrollable="false" long-clickable="false" password="false" selected="false" visible-to-user="true" bounds="[0,2274][1080,2400]" drawing-order="1" hint="" display-id="0">
09-29 10:31:33.910 22931 22948 E TestRunner:       <node index="0" text="" resource-id="com.android.systemui:id/navigation_inflater" class="android.widget.FrameLayout" package="com.android.systemui" content-desc="" checkable="false" checked="false" clickable="false" enabled="true" focusable="false" focused="false" scrollable="false" long-clickable="false" password="false" selected="false" visible-to-user="true" bounds="[0,2274][1080,2400]" drawing-order="1" hint="" display-id="0">
09-29 10:31:33.910 22931 22948 E TestRunner:         <node index="0" text="" resource-id="com.android.systemui:id/horizontal" class="android.widget.FrameLayout" package="com.android.systemui" content-desc="" checkable="false" checked="false" clickable="false" enabled="true" focusable="false" focused="false" scrollable="false" long-clickable="false" password="false" selected="false" visible-to-user="true" bounds="[0,2274][1080,2400]" drawing-order="1" hint="" display-id="0">
09-29 10:31:33.910 22931 22948 E TestRunner:           <node index="0" text="" resource-id="com.android.systemui:id/nav_buttons" class="android.widget.FrameLayout" package="com.android.systemui" content-desc="" checkable="false" checked="false" clickable="false" enabled="true" focusable="false" focused="false" scrollable="false" long-clickable="false" password="false" selected="false" visible-to-user="true" bounds="[21,2274][1059,2400]" drawing-order="1" hint="" display-id="0">
09-29 10:31:33.910 22931 22948 E TestRunner:             <node index="0" text="" resource-id="com.android.systemui:id/ends_group" class="android.widget.LinearLayout" package="com.android.systemui" content-desc="" checkable="false" checked="false" clickable="false" enabled="true" focusable="false" focused="false" scrollable="false" long-clickable="false" password="false" selected="false" visible-to-user="true" bounds="[21,2274][1059,2400]" drawing-order="1" hint="" display-id="0">
09-29 10:31:33.910 22931 22948 E TestRunner:               <node index="0" text="" resource-id="" class="android.widget.RelativeLayout" package="com.android.systemui" content-desc="" checkable="false" checked="false" clickable="false" enabled="true" focusable="false" focused="false" scrollable="false" long-clickable="false" password="false" selected="false" visible-to-user="true" bounds="[21,2274][124,2400]" drawing-order="1" hint="" display-id="0" />
09-29 10:31:33.910 22931 22948 E TestRunner:               <node index="1" text="" resource-id="" class="android.widget.RelativeLayout" package="com.android.systemui" content-desc="" checkable="false" checked="false" clickable="false" enabled="true" focusable="false" focused="false" scrollable="false" long-clickable="false" password="false" selected="false" visible-to-user="true" bounds="[124,2274][331,2400]" drawing-order="2" hint="" display-id="0">
09-29 10:31:33.911 22931 22948 E TestRunner:                 <node index="0" text="" resource-id="com.android.systemui:id/back" class="android.widget.ImageView" package="com.android.systemui" content-desc="Back" checkable="false" checked="false" clickable="true" enabled="true" focusable="true" focused="false" scrollable="false" long-clickable="false" password="false" selected="false" visible-to-user="true" bounds="[124,2274][331,2400]" drawing-order="1" hint="" display-id="0" />
09-29 10:31:33.911 22931 22948 E TestRunner:               </node>
09-29 10:31:33.911 22931 22948 E TestRunner:               <node index="2" text="" resource-id="" class="android.widget.RelativeLayout" package="com.android.systemui" content-desc="" checkable="false" checked="false" clickable="false" enabled="true" focusable="false" focused="false" scrollable="false" long-clickable="false" password="false" selected="false" visible-to-user="true" bounds="[747,2274][955,2400]" drawing-order="4" hint="" display-id="0">
09-29 10:31:33.911 22931 22948 E TestRunner:                 <node index="0" text="" resource-id="com.android.systemui:id/recent_apps" class="android.widget.ImageView" package="com.android.systemui" content-desc="Overview" checkable="false" checked="false" clickable="true" enabled="true" focusable="true" focused="false" scrollable="false" long-clickable="false" password="false" selected="false" visible-to-user="true" bounds="[747,2274][955,2400]" drawing-order="1" hint="" display-id="0" />
09-29 10:31:33.911 22931 22948 E TestRunner:               </node>
09-29 10:31:33.911 22931 22948 E TestRunner:               <node index="3" text="" resource-id="" class="android.widget.RelativeLayout" package="com.android.systemui" content-desc="" checkable="false" checked="false" clickable="false" enabled="true" focusable="false" focused="false" scrollable="false" long-clickable="false" password="false" selected="false" visible-to-user="true" bounds="[955,2274][1059,2400]" drawing-order="5" hint="" display-id="0" />
09-29 10:31:33.911 22931 22948 E TestRunner:             </node>
09-29 10:31:33.911 22931 22948 E TestRunner:             <node index="1" text="" resource-id="com.android.systemui:id/center_group" class="android.widget.LinearLayout" package="com.android.systemui" content-desc="" checkable="false" checked="false" clickable="false" enabled="true" focusable="false" focused="false" scrollable="false" long-clickable="false" password="false" selected="false" visible-to-user="true" bounds="[435,2274][645,2400]" drawing-order="2" hint="" display-id="0">
09-29 10:31:33.911 22931 22948 E TestRunner:               <node index="0" text="" resource-id="com.android.systemui:id/home" class="android.widget.ImageView" package="com.android.systemui" content-desc="Home" checkable="false" checked="false" clickable="true" enabled="true" focusable="true" focused="false" scrollable="false" long-clickable="true" password="false" selected="false" visible-to-user="true" bounds="[435,2274][645,2400]" drawing-order="1" hint="" display-id="0" />
09-29 10:31:33.911 22931 22948 E TestRunner:             </node>
09-29 10:31:33.911 22931 22948 E TestRunner:           </node>
09-29 10:31:33.911 22931 22948 E TestRunner:         </node>
09-29 10:31:33.911 22931 22948 E TestRunner:       </node>
09-29 10:31:33.911 22931 22948 E TestRunner:     </node>
09-29 10:31:33.911 22931 22948 E TestRunner:   </node>
09-29 10:31:33.911 22931 22948 E TestRunner: </hierarchy>
09-29 10:31:33.911 22931 22948 E TestRunner: 	at com.whip.benchmark.BenchmarkUiKt.clickObject(r8-map-id-16cae3ee30548099617b27ecb15e24549aa25509b0714065f5113dd0095b8597:112)
09-29 10:31:33.911 22931 22948 E TestRunner: 	at com.whip.benchmark.DenseDataBenchmark.goalAndGymGraphsWithOneHundredThousandPoints$lambda$1(r8-map-id-16cae3ee30548099617b27ecb15e24549aa25509b0714065f5113dd0095b8597:36)
09-29 10:31:33.911 22931 22948 E TestRunner: 	at com.whip.benchmark.DenseDataBenchmark.e(r8-map-id-16cae3ee30548099617b27ecb15e24549aa25509b0714065f5113dd0095b8597:1)
09-29 10:31:33.911 22931 22948 E TestRunner: 	at n.invoke(r8-map-id-16cae3ee30548099617b27ecb15e24549aa25509b0714065f5113dd0095b8597:165)
09-29 10:31:33.911 22931 22948 E TestRunner: 	at androidx.benchmark.macro.MacrobenchmarkPhaseKt.runPhase$lambda$18$lambda$12(r8-map-id-16cae3ee30548099617b27ecb15e24549aa25509b0714065f5113dd0095b8597:63)
09-29 10:31:33.911 22931 22948 E TestRunner: 	at androidx.benchmark.macro.MacrobenchmarkPhaseKt.b(r8-map-id-16cae3ee30548099617b27ecb15e24549aa25509b0714065f5113dd0095b8597:1)
09-29 10:31:33.911 22931 22948 E TestRunner: 	at u0.invoke(r8-map-id-16cae3ee30548099617b27ecb15e24549aa25509b0714065f5113dd0095b8597:11)
09-29 10:31:33.911 22931 22948 E TestRunner: 	at androidx.benchmark.perfetto.PerfettoCaptureWrapper.record(r8-map-id-16cae3ee30548099617b27ecb15e24549aa25509b0714065f5113dd0095b8597:67)
09-29 10:31:33.911 22931 22948 E TestRunner: 	at androidx.benchmark.perfetto.PerfettoCaptureWrapper.record$default(r8-map-id-16cae3ee30548099617b27ecb15e24549aa25509b0714065f5113dd0095b8597:17)
09-29 10:31:33.919 22931 22948 E TestRunner: 	at androidx.benchmark.macro.MacrobenchmarkPhaseKt.runPhase(r8-map-id-16cae3ee30548099617b27ecb15e24549aa25509b0714065f5113dd0095b8597:246)
09-29 10:31:33.919 22931 22948 E TestRunner: 	at androidx.benchmark.macro.MacrobenchmarkKt.macrobenchmark$lambda$6(r8-map-id-16cae3ee30548099617b27ecb15e24549aa25509b0714065f5113dd0095b8597:89)
09-29 10:31:33.919 22931 22948 E TestRunner: 	at androidx.benchmark.macro.MacrobenchmarkKt.d(r8-map-id-16cae3ee30548099617b27ecb15e24549aa25509b0714065f5113dd0095b8597:1)
09-29 10:31:33.919 22931 22948 E TestRunner: 	at r0.invoke(r8-map-id-16cae3ee30548099617b27ecb15e24549aa25509b0714065f5113dd0095b8597:49)
09-29 10:31:33.919 22931 22948 E TestRunner: 	at androidx.benchmark.macro.TraceProcessorExtensionsKt.runServer(r8-map-id-16cae3ee30548099617b27ecb15e24549aa25509b0714065f5113dd0095b8597:15)
09-29 10:31:33.919 22931 22948 E TestRunner: 	at androidx.benchmark.macro.TraceProcessorExtensionsKt.runServer$default(r8-map-id-16cae3ee30548099617b27ecb15e24549aa25509b0714065f5113dd0095b8597:9)
09-29 10:31:33.919 22931 22948 E TestRunner: 	at androidx.benchmark.macro.MacrobenchmarkKt.macrobenchmark(r8-map-id-16cae3ee30548099617b27ecb15e24549aa25509b0714065f5113dd0095b8597:22)
09-29 10:31:33.919 22931 22948 E TestRunner: 	at androidx.benchmark.macro.MacrobenchmarkKt.macrobenchmarkWithStartupMode(r8-map-id-16cae3ee30548099617b27ecb15e24549aa25509b0714065f5113dd0095b8597:131)
09-29 10:31:33.919 22931 22948 E TestRunner: 	at androidx.benchmark.macro.junit4.MacrobenchmarkRule.measureRepeated(r8-map-id-16cae3ee30548099617b27ecb15e24549aa25509b0714065f5113dd0095b8597:95)
09-29 10:31:33.919 22931 22948 E TestRunner: 	at androidx.benchmark.macro.junit4.MacrobenchmarkRule.measureRepeated$default(r8-map-id-16cae3ee30548099617b27ecb15e24549aa25509b0714065f5113dd0095b8597:45)
09-29 10:31:33.919 22931 22948 E TestRunner: 	at com.whip.benchmark.DenseDataBenchmark.goalAndGymGraphsWithOneHundredThousandPoints(r8-map-id-16cae3ee30548099617b27ecb15e24549aa25509b0714065f5113dd0095b8597:48)
09-29 10:31:33.919 22931 22948 E TestRunner: 	at java.lang.reflect.Method.invoke(Native Method)
09-29 10:31:33.919 22931 22948 E TestRunner: 	at org.junit.runners.model.FrameworkMethod$1.runReflectiveCall(r8-map-id-16cae3ee30548099617b27ecb15e24549aa25509b0714065f5113dd0095b8597:11)
09-29 10:31:33.919 22931 22948 E TestRunner: 	at org.junit.internal.runners.model.ReflectiveCallable.run(r8-map-id-16cae3ee30548099617b27ecb15e24549aa25509b0714065f5113dd0095b8597:1)
09-29 10:31:33.919 22931 22948 E TestRunner: 	at org.junit.runners.model.FrameworkMethod.invokeExplosively(r8-map-id-16cae3ee30548099617b27ecb15e24549aa25509b0714065f5113dd0095b8597:6)
09-29 10:31:33.919 22931 22948 E TestRunner: 	at org.junit.internal.runners.statements.InvokeMethod.evaluate(r8-map-id-16cae3ee30548099617b27ecb15e24549aa25509b0714065f5113dd0095b8597:8)
09-29 10:31:33.919 22931 22948 E TestRunner: 	at androidx.benchmark.macro.junit4.MacrobenchmarkRule$apply$1.evaluate(r8-map-id-16cae3ee30548099617b27ecb15e24549aa25509b0714065f5113dd0095b8597:25)
09-29 10:31:33.919 22931 22948 E TestRunner: 	at org.junit.runners.ParentRunner$3.evaluate(r8-map-id-16cae3ee30548099617b27ecb15e24549aa25509b0714065f5113dd0095b8597:3)
09-29 10:31:33.919 22931 22948 E TestRunner: 	at org.junit.runners.BlockJUnit4ClassRunner$1.evaluate(r8-map-id-16cae3ee30548099617b27ecb15e24549aa25509b0714065f5113dd0095b8597:9)
09-29 10:31:33.919 22931 22948 E TestRunner: 	at org.junit.runners.ParentRunner.runLeaf(r8-map-id-16cae3ee30548099617b27ecb15e24549aa25509b0714065f5113dd0095b8597:9)
09-29 10:31:33.919 22931 22948 E TestRunner: 	at org.junit.runners.BlockJUnit4ClassRunner.runChild(r8-map-id-16cae3ee30548099617b27ecb15e24549aa25509b0714065f5113dd0095b8597:20)
09-29 10:31:33.919 22931 22948 E TestRunner: 	at org.junit.runners.BlockJUnit4ClassRunner.runChild(r8-map-id-16cae3ee30548099617b27ecb15e24549aa25509b0714065f5113dd0095b8597:24)
09-29 10:31:33.919 22931 22948 E TestRunner: 	at org.junit.runners.ParentRunner$4.run(r8-map-id-16cae3ee30548099617b27ecb15e24549aa25509b0714065f5113dd0095b8597:7)
09-29 10:31:33.919 22931 22948 E TestRunner: 	at org.junit.runners.ParentRunner$1.schedule(r8-map-id-16cae3ee30548099617b27ecb15e24549aa25509b0714065f5113dd0095b8597:1)
09-29 10:31:33.919 22931 22948 E TestRunner: 	at org.junit.runners.ParentRunner.runChildren(r8-map-id-16cae3ee30548099617b27ecb15e24549aa25509b0714065f5113dd0095b8597:26)
09-29 10:31:33.919 22931 22948 E TestRunner: 	at org.junit.runners.ParentRunner.access$100(r8-map-id-16cae3ee30548099617b27ecb15e24549aa25509b0714065f5113dd0095b8597:1)
09-29 10:31:33.919 22931 22948 E TestRunner: 	at org.junit.runners.ParentRunner$2.evaluate(r8-map-id-16cae3ee30548099617b27ecb15e24549aa25509b0714065f5113dd0095b8597:5)
09-29 10:31:33.919 22931 22948 E TestRunner: 	at org.junit.runners.ParentRunner$3.evaluate(r8-map-id-16cae3ee30548099617b27ecb15e24549aa25509b0714065f5113dd0095b8597:3)
09-29 10:31:33.919 22931 22948 E TestRunner: 	at org.junit.runners.ParentRunner.run(r8-map-id-16cae3ee30548099617b27ecb15e24549aa25509b0714065f5113dd0095b8597:17)
09-29 10:31:33.919 22931 22948 E TestRunner: 	at androidx.test.ext.junit.runners.AndroidJUnit4.run(r8-map-id-16cae3ee30548099617b27ecb15e24549aa25509b0714065f5113dd0095b8597:3)
09-29 10:31:33.919 22931 22948 E TestRunner: 	at org.junit.runners.Suite.runChild(r8-map-id-16cae3ee30548099617b27ecb15e24549aa25509b0714065f5113dd0095b8597:7)
09-29 10:31:33.919 22931 22948 E TestRunner: 	at org.junit.runners.Suite.runChild(r8-map-id-16cae3ee30548099617b27ecb15e24549aa25509b0714065f5113dd0095b8597:3)
09-29 10:31:33.919 22931 22948 E TestRunner: 	at org.junit.runners.ParentRunner$4.run(r8-map-id-16cae3ee30548099617b27ecb15e24549aa25509b0714065f5113dd0095b8597:7)
09-29 10:31:33.919 22931 22948 E TestRunner: 	at org.junit.runners.ParentRunner$1.schedule(r8-map-id-16cae3ee30548099617b27ecb15e24549aa25509b0714065f5113dd0095b8597:1)
09-29 10:31:33.919 22931 22948 E TestRunner: 	at org.junit.runners.ParentRunner.runChildren(r8-map-id-16cae3ee30548099617b27ecb15e24549aa25509b0714065f5113dd0095b8597:26)
09-29 10:31:33.919 22931 22948 E TestRunner: 	at org.junit.runners.ParentRunner.access$100(r8-map-id-16cae3ee30548099617b27ecb15e24549aa25509b0714065f5113dd0095b8597:1)
09-29 10:31:33.919 22931 22948 E TestRunner: 	at org.junit.runners.ParentRunner$2.evaluate(r8-map-id-16cae3ee30548099617b27ecb15e24549aa25509b0714065f5113dd0095b8597:5)
09-29 10:31:33.919 22931 22948 E TestRunner: 	at org.junit.runners.ParentRunner$3.evaluate(r8-map-id-16cae3ee30548099617b27ecb15e24549aa25509b0714065f5113dd0095b8597:3)
09-29 10:31:33.919 22931 22948 E TestRunner: 	at org.junit.runners.ParentRunner.run(r8-map-id-16cae3ee30548099617b27ecb15e24549aa25509b0714065f5113dd0095b8597:17)
09-29 10:31:33.919 22931 22948 E TestRunner: 	at org.junit.runner.JUnitCore.run(r8-map-id-16cae3ee30548099617b27ecb15e24549aa25509b0714065f5113dd0095b8597:26)
09-29 10:31:33.919 22931 22948 E TestRunner: 	at org.junit.runner.JUnitCore.run(r8-map-id-16cae3ee30548099617b27ecb15e24549aa25509b0714065f5113dd0095b8597:44)
09-29 10:31:33.919 22931 22948 E TestRunner: 	at androidx.test.internal.runner.TestExecutor.execute(r8-map-id-16cae3ee30548099617b27ecb15e24549aa25509b0714065f5113dd0095b8597:9)
09-29 10:31:33.919 22931 22948 E TestRunner: 	at androidx.test.internal.runner.TestExecutor.execute(r8-map-id-16cae3ee30548099617b27ecb15e24549aa25509b0714065f5113dd0095b8597:68)
09-29 10:31:33.919 22931 22948 E TestRunner: 	at androidx.test.runner.AndroidJUnitRunner.onStart(r8-map-id-16cae3ee30548099617b27ecb15e24549aa25509b0714065f5113dd0095b8597:137)
09-29 10:31:33.919 22931 22948 E TestRunner: 	at android.app.Instrumentation$InstrumentationThread.run(Instrumentation.java:2402)
09-29 10:31:33.919 22931 22948 E TestRunner: ----- end exception -----
09-29 10:31:33.944 22931 22948 I TestRunner: finished: goalAndGymGraphsWithOneHundredThousandPoints(com.whip.benchmark.DenseDataBenchmark)
09-29 10:31:33.956 22931 22948 I TestRunner: started: activeWorkoutInlineInputLatency(com.whip.benchmark.DenseDataBenchmark)
