> Task :benchmark:preBuild UP-TO-DATE
> Task :app:preBuild UP-TO-DATE
> Task :app:preBenchmarkBuild UP-TO-DATE
> Task :benchmark:preBenchmarkBuild UP-TO-DATE
> Task :benchmark:generateBenchmarkResources UP-TO-DATE
> Task :benchmark:packageBenchmarkResources UP-TO-DATE
> Task :benchmark:processBenchmarkNavigationResources UP-TO-DATE
> Task :benchmark:parseBenchmarkLocalResources UP-TO-DATE
> Task :benchmark:generateBenchmarkRFile UP-TO-DATE
> Task :app:mergeBenchmarkArtProfile UP-TO-DATE
> Task :app:desugarBenchmarkFileDependencies UP-TO-DATE
> Task :app:generateBenchmarkBuildConfig UP-TO-DATE
> Task :app:generateBenchmarkResValues UP-TO-DATE
> Task :app:generateBenchmarkResources UP-TO-DATE
> Task :app:packageBenchmarkResources UP-TO-DATE
> Task :app:processBenchmarkNavigationResources UP-TO-DATE
> Task :app:parseBenchmarkLocalResources UP-TO-DATE
> Task :app:generateBenchmarkRFile UP-TO-DATE
> Task :benchmark:javaPreCompileBenchmark UP-TO-DATE
> Task :benchmark:generateBenchmarkAssets UP-TO-DATE
> Task :benchmark:mergeBenchmarkAssets UP-TO-DATE
> Task :benchmark:compressBenchmarkAssets UP-TO-DATE
> Task :benchmark:checkBenchmarkDuplicateClasses UP-TO-DATE
> Task :benchmark:extractProguardFiles UP-TO-DATE
> Task :benchmark:mergeBenchmarkManifest UP-TO-DATE
> Task :benchmark:processBenchmarkManifest UP-TO-DATE
> Task :benchmark:checkBenchmarkAarMetadata UP-TO-DATE
> Task :benchmark:mapBenchmarkSourceSetPaths UP-TO-DATE
> Task :benchmark:compileBenchmarkNavigationResources UP-TO-DATE
> Task :benchmark:mergeBenchmarkResources UP-TO-DATE
> Task :benchmark:processBenchmarkResources UP-TO-DATE
> Task :benchmark:mergeBenchmarkJniLibFolders UP-TO-DATE
> Task :benchmark:mergeBenchmarkNativeLibs UP-TO-DATE
> Task :benchmark:stripBenchmarkDebugSymbols UP-TO-DATE
> Task :benchmark:validateSigningBenchmark UP-TO-DATE
> Task :benchmark:writeBenchmarkSigningConfigVersions UP-TO-DATE
> Task :app:javaPreCompileBenchmark UP-TO-DATE
> Task :app:checkBenchmarkAarMetadata UP-TO-DATE
> Task :app:mapBenchmarkSourceSetPaths UP-TO-DATE
> Task :app:compileBenchmarkNavigationResources UP-TO-DATE
> Task :app:mergeBenchmarkResources UP-TO-DATE
> Task :app:createBenchmarkCompatibleScreenManifests UP-TO-DATE
> Task :app:extractDeepLinksBenchmark UP-TO-DATE
> Task :benchmark:compileBenchmarkKotlin
> Task :benchmark:compileBenchmarkJavaWithJavac NO-SOURCE
> Task :benchmark:processBenchmarkJavaRes UP-TO-DATE
> Task :app:processBenchmarkMainManifest UP-TO-DATE
> Task :app:processBenchmarkManifest UP-TO-DATE
> Task :app:processBenchmarkManifestForPackage UP-TO-DATE
> Task :benchmark:mergeBenchmarkJavaResource UP-TO-DATE
> Task :app:processBenchmarkResources UP-TO-DATE
> Task :app:checkBenchmarkDuplicateClasses UP-TO-DATE
> Task :app:mergeBenchmarkStartupProfile UP-TO-DATE
> Task :app:mergeExtDexBenchmark UP-TO-DATE
> Task :app:generateBenchmarkAssets UP-TO-DATE
> Task :app:mergeBenchmarkAssets UP-TO-DATE
> Task :app:compressBenchmarkAssets UP-TO-DATE
> Task :app:extractBenchmarkVersionControlInfo UP-TO-DATE
> Task :app:extractProguardFiles UP-TO-DATE
> Task :app:optimizeBenchmarkResources UP-TO-DATE
> Task :app:collectBenchmarkDependencies UP-TO-DATE
> Task :app:sdkBenchmarkDependencyData UP-TO-DATE
> Task :app:mergeBenchmarkJniLibFolders UP-TO-DATE
> Task :app:mergeBenchmarkNativeLibs UP-TO-DATE
> Task :app:stripBenchmarkDebugSymbols UP-TO-DATE
> Task :app:validateSigningBenchmark UP-TO-DATE
> Task :app:writeBenchmarkAppMetadata UP-TO-DATE
> Task :app:writeBenchmarkSigningConfigVersions UP-TO-DATE
> Task :app:kspBenchmarkKotlin
> Task :app:compileBenchmarkKotlin
> Task :app:compileBenchmarkJavaWithJavac UP-TO-DATE
> Task :app:dexBuilderBenchmark
> Task :app:mergeBenchmarkGlobalSynthetics UP-TO-DATE
> Task :app:copyRoomSchemas NO-SOURCE
> Task :app:generateBenchmarkLintVitalReportModel
> Task :app:processBenchmarkJavaRes UP-TO-DATE
> Task :app:mergeBenchmarkJavaResource UP-TO-DATE
> Task :app:mergeDexBenchmark
> Task :app:compileBenchmarkArtProfile
> Task :benchmark:minifyBenchmarkWithR8
> Task :benchmark:packageBenchmark
> Task :benchmark:createBenchmarkApkListingFileRedirect UP-TO-DATE
> Task :app:lintVitalAnalyzeBenchmark
> Task :app:lintVitalReportBenchmark UP-TO-DATE
> Task :app:lintVitalBenchmark
> Task :app:packageBenchmark
> Task :app:createBenchmarkApkListingFileRedirect UP-TO-DATE
Starting 9 tests on whip_release_api34(AVD) - 14
whip_release_api34(AVD) - 14 Tests 0/9 completed. (0 skipped) (0 failed)
> Task :benchmark:connectedBenchmarkAndroidTest

whip_release_api34(AVD) - 14 Tests 1/9 completed. (0 skipped) (0 failed)
whip_release_api34(AVD) - 14 Tests 2/9 completed. (0 skipped) (0 failed)

com.whip.benchmark.DenseDataBenchmark > activeWorkoutInlineInputLatency[whip_release_api34(AVD) - 14] [31mFAILED [0m
	java.lang.IllegalStateException: Benchmark input did not complete its only pending Set
	<?xml version='1.0' encoding='UTF-8' standalone='yes' ?>
whip_release_api34(AVD) - 14 Tests 3/9 completed. (0 skipped) (1 failed)
whip_release_api34(AVD) - 14 Tests 4/9 completed. (0 skipped) (1 failed)
whip_release_api34(AVD) - 14 Tests 5/9 completed. (0 skipped) (1 failed)
whip_release_api34(AVD) - 14 Tests 6/9 completed. (0 skipped) (1 failed)
whip_release_api34(AVD) - 14 Tests 7/9 completed. (0 skipped) (1 failed)
whip_release_api34(AVD) - 14 Tests 8/9 completed. (0 skipped) (1 failed)
whip_release_api34(AVD) - 14 Tests 9/9 completed. (0 skipped) (1 failed)
Tests on whip_release_api34(AVD) - 14 failed: There was 1 failure(s).
Finished 9 tests on whip_release_api34(AVD) - 14
Execute com.whip.benchmark.DenseDataBenchmark.activeWorkoutInlineInputLatency: FAILED
java.lang.IllegalStateException: java.lang.IllegalStateException: Benchmark input did not complete its only pending Set
<?xml version='1.0' encoding='UTF-8' standalone='yes' ?>
<hierarchy rotation="0">
<node index="0" text="" resource-id="com.android.systemui:id/navigation_bar_frame" class="android.widget.FrameLayout" package="com.android.systemui" content-desc="" checkable="false" checked="false" clickable="false" enabled="true" focusable="false" focused="false" scrollable="false" long-clickable="false" password="false" selected="false" visible-to-user="true" bounds="[0,2274][1080,2400]" drawing-order="0" hint="" display-id="0">
<node index="0" text="" resource-id="com.android.systemui:id/navigation_bar_view" class="android.widget.FrameLayout" package="com.android.systemui" content-desc="" checkable="false" checked="false" clickable="false" enabled="true" focusable="false" focused="false" scrollable="false" long-clickable="false" password="false" selected="false" visible-to-user="true" bounds="[0,2274][1080,2400]" drawing-order="1" hint="" display-id="0">
<node index="0" text="" resource-id="com.android.systemui:id/navigation_inflater" class="android.widget.FrameLayout" package="com.android.systemui" content-desc="" checkable="false" checked="false" clickable="false" enabled="true" focusable="false" focused="false" scrollable="false" long-clickable="false" password="false" selected="false" visible-to-user="true" bounds="[0,2274][1080,2400]" drawing-order="1" hint="" display-id="0">
<node index="0" text="" resource-id="com.android.systemui:id/horizontal" class="android.widget.FrameLayout" package="com.android.systemui" content-desc="" checkable="false" checked="false" clickable="false" enabled="true" focusable="false" focused="false" scrollable="false" long-clickable="false" password="false" selected="false" visible-to-user="true" bounds="[0,2274][1080,2400]" drawing-order="1" hint="" display-id="0">
<node index="0" text="" resource-id="com.android.systemui:id/nav_buttons" class="android.widget.FrameLayout" package="com.android.systemui" content-desc="" checkable="false" checked="false" clickable="false" enabled="true" focusable="false" focused="false" scrollable="false" long-clickable="false" password="false" selected="false" visible-to-user="true" bounds="[21,2274][1059,2400]" drawing-order="1" hint="" display-id="0">
<node index="0" text="" resource-id="com.android.systemui:id/ends_group" class="android.widget.LinearLayout" package="com.android.systemui" content-desc="" checkable="false" checked="false" clickable="false" enabled="true" focusable="false" focused="false" scrollable="false" long-clickable="false" password="false" selected="false" visible-to-user="true" bounds="[21,2274][1059,2400]" drawing-order="1" hint="" display-id="0">
<node index="0" text="" resource-id="" class="android.widget.RelativeLayout" package="com.android.systemui" content-desc="" checkable="false" checked="false" clickable="false" enabled="true" focusable="false" focused="false" scrollable="false" long-clickable="false" password="false" selected="false" visible-to-user="true" bounds="[21,2274][124,2400]" drawing-order="1" hint="" display-id="0" />
<node index="1" text="" resource-id="" class="android.widget.RelativeLayout" package="com.android.systemui" content-desc="" checkable="false" checked="false" clickable="false" enabled="true" focusable="false" focused="false" scrollable="false" long-clickable="false" password="false" selected="false" visible-to-user="true" bounds="[124,2274][331,2400]" drawing-order="2" hint="" display-id="0">
<node index="0" text="" resource-id="com.android.systemui:id/back" class="android.widget.ImageView" package="com.android.systemui" content-desc="Back" checkable="false" checked="false" clickable="true" enabled="true" focusable="true" focused="false" scrollable="false" long-clickable="false" password="false" selected="false" visible-to-user="true" bounds="[124,2274][331,2400]" drawing-order="1" hint="" display-id="0" />
</node>
<node index="2" text="" resource-id="" class="android.widget.RelativeLayout" package="com.android.systemui" content-desc="" checkable="false" checked="false" clickable="false" enabled="true" focusable="false" focused="false" scrollable="false" long-clickable="false" password="false" selected="false" visible-to-user="true" bounds="[747,2274][955,2400]" drawing-order="4" hint="" display-id="0">
<node index="0" text="" resource-id="com.android.systemui:id/recent_apps" class="android.widget.ImageView" package="com.android.systemui" content-desc="Overview" checkable="false" checked="false" clickable="true" enabled="true" focusable="true" focused="false" scrollable="false" long-clickable="false" password="false" selected="false" visible-to-user="true" bounds="[747,2274][955,2400]" drawing-order="1" hint="" display-id="0" />
</node>
<node index="3" text="" resource-id="" class="android.widget.RelativeLayout" package="com.android.systemui" content-desc="" checkable="false" checked="false" clickable="false" enabled="true" focusable="false" focused="false" scrollable="false" long-clickable="false" password="false" selected="false" visible-to-user="true" bounds="[955,2274][1059,2400]" drawing-order="5" hint="" display-id="0" />
</node>
<node index="1" text="" resource-id="com.android.systemui:id/center_group" class="android.widget.LinearLayout" package="com.android.systemui" content-desc="" checkable="false" checked="false" clickable="false" enabled="true" focusable="false" focused="false" scrollable="false" long-clickable="false" password="false" selected="false" visible-to-user="true" bounds="[435,2274][645,2400]" drawing-order="2" hint="" display-id="0">
<node index="0" text="" resource-id="com.android.systemui:id/home" class="android.widget.ImageView" package="com.android.systemui" content-desc="Home" checkable="false" checked="false" clickable="true" enabled="true" focusable="true" focused="false" scrollable="false" long-clickable="true" password="false" selected="false" visible-to-user="true" bounds="[435,2274][645,2400]" drawing-order="1" hint="" display-id="0" />
</node>
</node>
</node>
</node>
</node>
</node>
<node index="0" text="" resource-id="" class="android.widget.FrameLayout" package="commvne.com.whip.app.benchmark" content-desc="" checkable="false" checked="false" clickable="false" enabled="true" focusable="false" focused="false" scrollable="false" long-clickable="false" password="false" selected="false" visible-to-user="true" bounds="[0,0][1080,2400]" drawing-order="0" hint="" display-id="0">
<node index="0" text="" resource-id="" class="android.widget.FrameLayout" package="commvne.com.whip.app.benchmark" content-desc="" checkable="false" checked="false" clickable="false" enabled="true" focusable="false" focused="false" scrollable="false" long-clickable="false" password="false" selected="false" visible-to-user="true" bounds="[0,0][1080,2400]" drawing-order="1" hint="" display-id="0">
<node index="0" text="" resource-id="android:id/content" class="android.widget.FrameLayout" package="commvne.com.whip.app.benchmark" content-desc="" checkable="false" checked="false" clickable="false" enabled="true" focusable="false" focused="false" scrollable="false" long-clickable="false" password="false" selected="false" visible-to-user="true" bounds="[0,0][1080,2400]" drawing-order="1" hint="" display-id="0">
<node index="0" text="" resource-id="" class="androidx.compose.ui.platform.ComposeView" package="commvne.com.whip.app.benchmark" content-desc="" checkable="false" checked="false" clickable="false" enabled="true" focusable="false" focused="false" scrollable="false" long-clickable="false" password="false" selected="false" visible-to-user="true" bounds="[0,0][1080,2400]" drawing-order="1" hint="" display-id="0">
<node index="0" text="" resource-id="" class="android.view.View" package="commvne.com.whip.app.benchmark" content-desc="" checkable="false" checked="false" clickable="false" enabled="true" focusable="false" focused="false" scrollable="false" long-clickable="false" password="false" selected="false" visible-to-user="true" bounds="[0,0][1080,2400]" drawing-order="0" hint="" display-id="0">
<node index="0" text="" resource-id="app-background-shell" class="android.view.View" package="commvne.com.whip.app.benchmark" content-desc="" checkable="false" checked="false" clickable="false" enabled="true" focusable="false" focused="false" scrollable="false" long-clickable="false" password="false" selected="false" visible-to-user="true" bounds="[0,0][1080,2400]" drawing-order="0" hint="" display-id="0">
<node index="0" text="" resource-id="workspace-layout-viewport" class="android.view.View" package="commvne.com.whip.app.benchmark" content-desc="" checkable="false" checked="false" clickable="false" enabled="true" focusable="false" focused="false" scrollable="false" long-clickable="false" password="false" selected="false" visible-to-user="true" bounds="[0,0][1080,2400]" drawing-order="0" hint="" display-id="0">
<node index="0" text="" resource-id="workspace-content-column" class="android.view.View" package="commvne.com.whip.app.benchmark" content-desc="" checkable="false" checked="false" clickable="false" enabled="true" focusable="false" focused="false" scrollable="false" long-clickable="false" password="false" selected="false" visible-to-user="true" bounds="[0,0][1080,2400]" drawing-order="0" hint="" display-id="0">
<node index="0" text="" resource-id="" class="android.view.View" package="commvne.com.whip.app.benchmark" content-desc="" checkable="false" checked="false" clickable="false" enabled="true" focusable="false" focused="false" scrollable="false" long-clickable="false" password="false" selected="false" visible-to-user="true" bounds="[0,0][1080,2400]" drawing-order="0" hint="" display-id="0">
<node index="0" text="" resource-id="gym-workspace-navigation" class="android.view.View" package="commvne.com.whip.app.benchmark" content-desc="" checkable="false" checked="false" clickable="false" enabled="true" focusable="false" focused="false" scrollable="false" long-clickable="false" password="false" selected="false" visible-to-user="true" bounds="[0,300][1080,451]" drawing-order="0" hint="" display-id="0">
<node index="0" text="" resource-id="" class="android.view.View" package="commvne.com.whip.app.benchmark" content-desc="" checkable="false" checked="false" clickable="false" enabled="true" focusable="false" focused="false" scrollable="false" long-clickable="false" password="false" selected="false" visible-to-user="true" bounds="[32,311][1048,437]" drawing-order="0" hint="" display-id="0">
<node index="0" text="" resource-id="gym-destination-Workout" class="android.view.View" package="commvne.com.whip.app.benchmark" content-desc="" checkable="false" checked="false" clickable="false" enabled="true" focusable="true" focused="false" scrollable="false" long-clickable="false" password="false" selected="true" visible-to-user="true" bounds="[32,311][277,437]" drawing-order="0" hint="" display-id="0">
<node index="0" text="" resource-id="" class="android.view.View" package="commvne.com.whip.app.benchmark" content-desc="Workout" checkable="false" checked="false" clickable="false" enabled="true" focusable="false" focused="false" scrollable="false" long-clickable="false" password="false" selected="false" visible-to-user="true" bounds="[32,311][277,437]" drawing-order="0" hint="" display-id="0" />
<node index="1" text="Workout" resource-id="" class="android.widget.TextView" package="commvne.com.whip.app.benchmark" content-desc="" checkable="false" checked="false" clickable="false" enabled="true" focusable="false" focused="false" scrollable="false" long-clickable="false" password="false" selected="false" visible-to-user="true" bounds="[91,350][219,390]" drawing-order="1" hint="" display-id="0" />
<node index="2" text="" resource-id="" class="android.view.View" package="commvne.com.whip.app.benchmark" content-desc="" checkable="false" checked="false" clickable="false" enabled="true" focusable="false" focused="false" scrollable="false" long-clickable="false" password="false" selected="false" visible-to-user="true" bounds="[32,311][277,437]" drawing-order="2" hint="" display-id="0" />
</node>
<node index="1" text="" resource-id="gym-destination-Library" class="android.view.View" package="commvne.com.whip.app.benchmark" content-desc="" checkable="false" checked="false" clickable="true" enabled="true" focusable="true" focused="false" scrollable="false" long-clickable="false" password="false" selected="false" visible-to-user="true" bounds="[288,311][534,437]" drawing-order="1" hint="" display-id="0">
<node index="0" text="" resource-id="" class="android.view.View" package="commvne.com.whip.app.benchmark" content-desc="Library" checkable="false" checked="false" clickable="false" enabled="true" focusable="false" focused="false" scrollable="false" long-clickable="false" password="false" selected="false" visible-to-user="true" bounds="[288,311][534,437]" drawing-order="0" hint="" display-id="0" />
<node index="1" text="Library" resource-id="" class="android.widget.TextView" package="commvne.com.whip.app.benchmark" content-desc="" checkable="false" checked="false" clickable="false" enabled="true" focusable="false" focused="false" scrollable="false" long-clickable="false" password="false" selected="false" visible-to-user="true" bounds="[359,350][464,390]" drawing-order="1" hint="" display-id="0" />
<node index="2" text="" resource-id="" class="android.view.View" package="commvne.com.whip.app.benchmark" content-desc="" checkable="false" checked="false" clickable="false" enabled="true" focusable="false" focused="false" scrollable="false" long-clickable="false" password="false" selected="false" visible-to-user="true" bounds="[288,311][534,437]" drawing-order="2" hint="" display-id="0" />
</node>
<node index="2" text="" resource-id="gym-destination-History" class="android.view.View" package="commvne.com.whip.app.benchmark" content-desc="" checkable="false" checked="false" clickable="true" enabled="true" focusable="true" focused="false" scrollable="false" long-clickable="false" password="false" selected="false" visible-to-user="true" bounds="[545,311][791,437]" drawing-order="2" hint="" display-id="0">
<node index="0" text="" resource-id="" class="android.view.View" package="commvne.com.whip.app.benchmark" content-desc="History" checkable="false" checked="false" clickable="false" enabled="true" focusable="false" focused="false" scrollable="false" long-clickable="false" password="false" selected="false" visible-to-user="true" bounds="[545,311][791,437]" drawing-order="0" hint="" display-id="0" />
<node index="1" text="History" resource-id="" class="android.widget.TextView" package="commvne.com.whip.app.benchmark" content-desc="" checkable="false" checked="false" clickable="false" enabled="true" focusable="false" focused="false" scrollable="false" long-clickable="false" password="false" selected="false" visible-to-user="true" bounds="[613,350][723,390]" drawing-order="1" hint="" display-id="0" />
<node index="2" text="" resource-id="" class="android.view.View" package="commvne.com.whip.app.benchmark" content-desc="" checkable="false" checked="false" clickable="false" enabled="true" focusable="false" focused="false" scrollable="false" long-clickable="false" password="false" selected="false" visible-to-user="true" bounds="[545,311][791,437]" drawing-order="2" hint="" display-id="0" />
</node>
<node index="3" text="" resource-id="gym-destination-Insights" class="android.view.View" package="commvne.com.whip.app.benchmark" content-desc="" checkable="false" checked="false" clickable="true" enabled="true" focusable="true" focused="false" scrollable="false" long-clickable="false" password="false" selected="false" visible-to-user="true" bounds="[802,311][1048,437]" drawing-order="3" hint="" display-id="0">
<node index="0" text="" resource-id="" class="android.view.View" package="commvne.com.whip.app.benchmark" content-desc="Insights" checkable="false" checked="false" clickable="false" enabled="true" focusable="false" focused="false" scrollable="false" long-clickable="false" password="false" selected="false" visible-to-user="true" bounds="[802,311][1048,437]" drawing-order="0" hint="" display-id="0" />
<node index="1" text="Insights" resource-id="" class="android.widget.TextView" package="commvne.com.whip.app.benchmark" content-desc="" checkable="false" checked="false" clickable="false" enabled="true" focusable="false" focused="false" scrollable="false" long-clickable="false" password="false" selected="false" visible-to-user="true" bounds="[864,350][987,390]" drawing-order="1" hint="" display-id="0" />
<node index="2" text="" resource-id="" class="android.view.View" package="commvne.com.whip.app.benchmark" content-desc="" checkable="false" checked="false" clickable="false" enabled="true" focusable="false" focused="false" scrollable="false" long-clickable="false" password="false" selected="false" visible-to-user="true" bounds="[802,311][1048,437]" drawing-order="2" hint="" display-id="0" />
</node>
</node>
</node>
<node index="1" text="" resource-id="workspace-context-row" class="android.view.View" package="commvne.com.whip.app.benchmark" content-desc="" checkable="false" checked="false" clickable="false" enabled="true" focusable="false" focused="false" scrollable="false" long-clickable="false" password="false" selected="false" visible-to-user="true" bounds="[53,451][1027,640]" drawing-order="1" hint="" display-id="0">
<node index="0" text="Workout in progress" resource-id="workspace-context-summary" class="android.widget.TextView" package="commvne.com.whip.app.benchmark" content-desc="" checkable="false" checked="false" clickable="false" enabled="true" focusable="false" focused="false" scrollable="false" long-clickable="false" password="false" selected="false" visible-to-user="true" bounds="[53,524][754,567]" drawing-order="0" hint="" display-id="0" />
</node>
<node index="2" text="" resource-id="active-workout-list" class="android.view.View" package="commvne.com.whip.app.benchmark" content-desc="" checkable="false" checked="false" clickable="false" enabled="true" focusable="false" focused="false" scrollable="true" long-clickable="false" password="false" selected="false" visible-to-user="true" bounds="[0,640][1080,2106]" drawing-order="2" hint="" display-id="0">
<node index="0" text="" resource-id="add-exercise-to-active-workout" class="android.view.View" package="commvne.com.whip.app.benchmark" content-desc="" checkable="false" checked="false" clickable="true" enabled="true" focusable="true" focused="false" scrollable="false" long-clickable="false" password="false" selected="false" visible-to-user="true" bounds="[53,956][529,1034]" drawing-order="0" hint="" display-id="0">
<node index="0" text="" resource-id="" class="android.view.View" package="commvne.com.whip.app.benchmark" content-desc="Add Exercise" checkable="false" checked="false" clickable="false" enabled="true" focusable="false" focused="false" scrollable="false" long-clickable="false" password="false" selected="false" visible-to-user="true" bounds="[53,908][529,1034]" drawing-order="0" hint="" display-id="0" />
<node index="1" text="Add Exercise" resource-id="" class="android.widget.TextView" package="commvne.com.whip.app.benchmark" content-desc="" checkable="false" checked="false" clickable="false" enabled="true" focusable="false" focused="false" scrollable="false" long-clickable="false" password="false" selected="false" visible-to-user="true" bounds="[235,956][432,995]" drawing-order="1" hint="" display-id="0" />
<node index="2" text="" resource-id="" class="android.widget.Button" package="commvne.com.whip.app.benchmark" content-desc="" checkable="false" checked="false" clickable="false" enabled="true" focusable="false" focused="false" scrollable="false" long-clickable="false" password="false" selected="false" visible-to-user="true" bounds="[53,908][529,1034]" drawing-order="2" hint="" display-id="0" />
</node>
<node index="1" text="" resource-id="workout-arrange-open" class="android.view.View" package="commvne.com.whip.app.benchmark" content-desc="" checkable="false" checked="false" clickable="true" enabled="true" focusable="true" focused="false" scrollable="false" long-clickable="false" password="false" selected="false" visible-to-user="true" bounds="[550,956][1027,1034]" drawing-order="1" hint="" display-id="0">
<node index="0" text="" resource-id="" class="android.view.View" package="commvne.com.whip.app.benchmark" content-desc="Arrange" checkable="false" checked="false" clickable="false" enabled="true" focusable="false" focused="false" scrollable="false" long-clickable="false" password="false" selected="false" visible-to-user="true" bounds="[550,908][1027,1034]" drawing-order="0" hint="" display-id="0" />
<node index="1" text="Arrange" resource-id="" class="android.widget.TextView" package="commvne.com.whip.app.benchmark" content-desc="" checkable="false" checked="false" clickable="false" enabled="true" focusable="false" focused="false" scrollable="false" long-clickable="false" password="false" selected="false" visible-to-user="true" bounds="[770,956][891,995]" drawing-order="1" hint="" display-id="0" />
<node index="2" text="" resource-id="" class="android.widget.Button" package="commvne.com.whip.app.benchmark" content-desc="" checkable="false" checked="false" clickable="false" enabled="true" focusable="false" focused="false" scrollable="false" long-clickable="false" password="false" selected="false" visible-to-user="true" bounds="[550,908][1027,1034]" drawing-order="2" hint="" display-id="0" />
</node>
<node index="2" text="Changes apply to this workout" resource-id="active-workout-exercise-scope" class="android.widget.TextView" package="commvne.com.whip.app.benchmark" content-desc="" checkable="false" checked="false" clickable="false" enabled="true" focusable="false" focused="false" scrollable="false" long-clickable="false" password="false" selected="false" visible-to-user="true" bounds="[53,1055][1027,1092]" drawing-order="2" hint="" display-id="0" />
<node index="3" text="" resource-id="" class="android.view.View" package="commvne.com.whip.app.benchmark" content-desc="" checkable="false" checked="false" clickable="false" enabled="true" focusable="false" focused="false" scrollable="false" long-clickable="false" password="false" selected="false" visible-to-user="true" bounds="[53,1113][1027,1896]" drawing-order="3" hint="" display-id="0">
<node index="0" text="Benchmark press" resource-id="" class="android.widget.TextView" package="commvne.com.whip.app.benchmark" content-desc="" checkable="false" checked="false" clickable="false" enabled="true" focusable="false" focused="false" scrollable="false" long-clickable="false" password="false" selected="false" visible-to-user="true" bounds="[85,1178][869,1227]" drawing-order="0" hint="" display-id="0" />
<node index="1" text="" resource-id="" class="android.view.View" package="commvne.com.whip.app.benchmark" content-desc="" checkable="false" checked="false" clickable="true" enabled="true" focusable="true" focused="false" scrollable="false" long-clickable="false" password="false" selected="false" visible-to-user="true" bounds="[869,1139][995,1265]" drawing-order="1" hint="" display-id="0">
<node index="0" text="" resource-id="" class="android.view.View" package="commvne.com.whip.app.benchmark" content-desc="More options for Benchmark press" checkable="false" checked="false" clickable="false" enabled="true" focusable="false" focused="false" scrollable="false" long-clickable="false" password="false" selected="false" visible-to-user="true" bounds="[895,1165][969,1239]" drawing-order="0" hint="" display-id="0" />
<node index="1" text="" resource-id="" class="android.widget.Button" package="commvne.com.whip.app.benchmark" content-desc="" checkable="false" checked="false" clickable="false" enabled="true" focusable="false" focused="false" scrollable="false" long-clickable="false" password="false" selected="false" visible-to-user="true" bounds="[869,1139][995,1265]" drawing-order="1" hint="" display-id="0" />
</node>
<node index="2" text="" resource-id="" class="android.view.View" package="commvne.com.whip.app.benchmark" content-desc="" checkable="false" checked="false" clickable="true" enabled="true" focusable="true" focused="false" scrollable="false" long-clickable="false" password="false" selected="false" visible-to-user="true" bounds="[85,1281][995,1407]" drawing-order="2" hint="" display-id="0">
<node index="0" text="" resource-id="" class="android.view.View" package="commvne.com.whip.app.benchmark" content-desc="1 Completed Set" checkable="false" checked="false" clickable="false" enabled="true" focusable="false" focused="false" scrollable="false" long-clickable="false" password="false" selected="false" visible-to-user="true" bounds="[85,1281][995,1407]" drawing-order="0" hint="" display-id="0" />
<node index="1" text="1 Completed Set" resource-id="" class="android.widget.TextView" package="commvne.com.whip.app.benchmark" content-desc="" checkable="false" checked="false" clickable="false" enabled="true" focusable="false" focused="false" scrollable="false" long-clickable="false" password="false" selected="false" visible-to-user="true" bounds="[384,1320][634,1368]" drawing-order="1" hint="" display-id="0" />
<node index="2" text="" resource-id="" class="android.widget.Button" package="commvne.com.whip.app.benchmark" content-desc="" checkable="false" checked="false" clickable="false" enabled="true" focusable="false" focused="false" scrollable="false" long-clickable="false" password="false" selected="false" visible-to-user="true" bounds="[85,1281][995,1407]" drawing-order="2" hint="" display-id="0" />
</node>
<node index="3" text="" resource-id="" class="android.view.View" package="commvne.com.whip.app.benchmark" content-desc="" checkable="false" checked="false" clickable="true" enabled="true" focusable="true" focused="false" scrollable="false" long-clickable="false" password="false" selected="false" visible-to-user="true" bounds="[85,1423][342,1549]" drawing-order="3" hint="" display-id="0">
<node index="0" text="Add Set" resource-id="" class="android.widget.TextView" package="commvne.com.whip.app.benchmark" content-desc="" checkable="false" checked="false" clickable="false" enabled="true" focusable="false" focused="false" scrollable="false" long-clickable="false" password="false" selected="false" visible-to-user="true" bounds="[191,1462][310,1510]" drawing-order="0" hint="" display-id="0" />
<node index="1" text="" resource-id="" class="android.widget.Button" package="commvne.com.whip.app.benchmark" content-desc="" checkable="false" checked="false" clickable="false" enabled="true" focusable="false" focused="false" scrollable="false" long-clickable="false" password="false" selected="false" visible-to-user="true" bounds="[85,1423][342,1549]" drawing-order="1" hint="" display-id="0" />
</node>
<node index="4" text="Previous workout · 50 kg × 5 reps · 51 kg × 5 reps · 52 kg × 5 reps · 53 kg × 5 reps · 54 kg × 5 reps · 55 kg × 5 reps · 56 kg × 5 reps · 57 kg × 5 reps · 58 kg × 5 reps · 59 kg × 5 reps · 60 kg × 5 reps · 61 kg × 5 reps · +99988 more in History" resource-id="" class="android.widget.TextView" package="commvne.com.whip.app.benchmark" content-desc="" checkable="false" checked="false" clickable="false" enabled="true" focusable="false" focused="false" scrollable="false" long-clickable="false" password="false" selected="false" visible-to-user="true" bounds="[85,1565][995,1728]" drawing-order="4" hint="" display-id="0" />
<node index="5" text="" resource-id="" class="android.view.View" package="commvne.com.whip.app.benchmark" content-desc="" checkable="false" checked="false" clickable="true" enabled="true" focusable="true" focused="false" scrollable="false" long-clickable="false" password="false" selected="false" visible-to-user="true" bounds="[85,1744][995,1870]" drawing-order="3" hint="" display-id="0">
<node index="0" text="" resource-id="" class="android.view.View" package="commvne.com.whip.app.benchmark" content-desc="Exercise Details" checkable="false" checked="false" clickable="false" enabled="true" focusable="false" focused="false" scrollable="false" long-clickable="false" password="false" selected="false" visible-to-user="true" bounds="[85,1744][995,1870]" drawing-order="0" hint="" display-id="0" />
<node index="1" text="Exercise Details" resource-id="" class="android.widget.TextView" package="commvne.com.whip.app.benchmark" content-desc="" checkable="false" checked="false" clickable="false" enabled="true" focusable="false" focused="false" scrollable="false" long-clickable="false" password="false" selected="false" visible-to-user="true" bounds="[389,1783][629,1831]" drawing-order="1" hint="" display-id="0" />
<node index="2" text="" resource-id="" class="android.widget.Button" package="commvne.com.whip.app.benchmark" content-desc="" checkable="false" checked="false" clickable="false" enabled="true" focusable="false" focused="false" scrollable="false" long-clickable="false" password="false" selected="false" visible-to-user="true" bounds="[85,1744][995,1870]" drawing-order="2" hint="" display-id="0" />
</node>
</node>
<node index="4" text="" resource-id="active-workout-finish" class="android.view.View" package="commvne.com.whip.app.benchmark" content-desc="" checkable="false" checked="false" clickable="true" enabled="true" focusable="true" focused="false" scrollable="false" long-clickable="false" password="false" selected="false" visible-to-user="true" bounds="[53,1917][529,2043]" drawing-order="4" hint="" display-id="0">
<node index="0" text="Finish" resource-id="" class="android.widget.TextView" package="commvne.com.whip.app.benchmark" content-desc="" checkable="false" checked="false" clickable="false" enabled="true" focusable="false" focused="false" scrollable="false" long-clickable="false" password="false" selected="false" visible-to-user="true" bounds="[245,1956][337,2004]" drawing-order="0" hint="" display-id="0" />
<node index="1" text="" resource-id="" class="android.widget.Button" package="commvne.com.whip.app.benchmark" content-desc="" checkable="false" checked="false" clickable="false" enabled="true" focusable="false" focused="false" scrollable="false" long-clickable="false" password="false" selected="false" visible-to-user="true" bounds="[53,1917][529,2043]" drawing-order="1" hint="" display-id="0" />
</node>
<node index="5" text="" resource-id="active-workout-discard" class="android.view.View" package="commvne.com.whip.app.benchmark" content-desc="" checkable="false" checked="false" clickable="true" enabled="true" focusable="true" focused="false" scrollable="false" long-clickable="false" password="false" selected="false" visible-to-user="true" bounds="[550,1917][1027,2043]" drawing-order="5" hint="" display-id="0">
<node index="0" text="Discard" resource-id="" class="android.widget.TextView" package="commvne.com.whip.app.benchmark" content-desc="" checkable="false" checked="false" clickable="false" enabled="true" focusable="false" focused="false" scrollable="false" long-clickable="false" password="false" selected="false" visible-to-user="true" bounds="[731,1956][846,2004]" drawing-order="0" hint="" display-id="0" />
<node index="1" text="" resource-id="" class="android.widget.Button" package="commvne.com.whip.app.benchmark" content-desc="" checkable="false" checked="false" clickable="false" enabled="true" focusable="false" focused="false" scrollable="false" long-clickable="false" password="false" selected="false" visible-to-user="true" bounds="[550,1917][1027,2043]" drawing-order="1" hint="" display-id="0" />
</node>
<node index="6" text="" resource-id="workout-execution-lane" class="android.view.View" package="commvne.com.whip.app.benchmark" content-desc="" checkable="false" checked="false" clickable="false" enabled="true" focusable="false" focused="false" scrollable="false" long-clickable="false" password="false" selected="false" visible-to-user="true" bounds="[53,640][1027,956]" drawing-order="6" hint="" display-id="0">
<node index="0" text="" resource-id="workout-overview-open" class="android.view.View" package="commvne.com.whip.app.benchmark" content-desc="" checkable="false" checked="false" clickable="true" enabled="true" focusable="true" focused="false" scrollable="false" long-clickable="false" password="false" selected="false" visible-to-user="true" bounds="[53,651][1027,777]" drawing-order="0" hint="" display-id="0">
<node index="0" text="Workout Overview · Review and Finish" resource-id="" class="android.widget.TextView" package="commvne.com.whip.app.benchmark" content-desc="" checkable="false" checked="false" clickable="false" enabled="true" focusable="false" focused="false" scrollable="false" long-clickable="false" password="false" selected="false" visible-to-user="true" bounds="[253,690][827,738]" drawing-order="0" hint="" display-id="0" />
<node index="1" text="" resource-id="" class="android.widget.Button" package="commvne.com.whip.app.benchmark" content-desc="" checkable="false" checked="false" clickable="false" enabled="true" focusable="false" focused="false" scrollable="false" long-clickable="false" password="false" selected="false" visible-to-user="true" bounds="[53,651][1027,777]" drawing-order="1" hint="" display-id="0" />
</node>
<node index="1" text="" resource-id="rest-timer-card" class="android.view.View" package="commvne.com.whip.app.benchmark" content-desc="" checkable="false" checked="false" clickable="false" enabled="true" focusable="false" focused="false" scrollable="false" long-clickable="false" password="false" selected="false" visible-to-user="true" bounds="[53,777][1027,945]" drawing-order="1" hint="" display-id="0">
<node index="0" text="Rest · 1:54" resource-id="" class="android.widget.TextView" package="commvne.com.whip.app.benchmark" content-desc="" checkable="false" checked="false" clickable="false" enabled="true" focusable="false" focused="false" scrollable="false" long-clickable="false" password="false" selected="false" visible-to-user="true" bounds="[85,837][286,886]" drawing-order="0" hint="" display-id="0" />
<node index="1" text="" resource-id="" class="android.view.View" package="commvne.com.whip.app.benchmark" content-desc="" checkable="false" checked="false" clickable="true" enabled="true" focusable="true" focused="false" scrollable="false" long-clickable="false" password="false" selected="false" visible-to-user="true" bounds="[497,798][649,924]" drawing-order="1" hint="" display-id="0">
<node index="0" text="" resource-id="" class="android.view.View" package="commvne.com.whip.app.benchmark" content-desc="Subtract 15 seconds from rest timer" checkable="false" checked="false" clickable="false" enabled="true" focusable="false" focused="false" scrollable="false" long-clickable="false" password="false" selected="false" visible-to-user="true" bounds="[497,798][649,924]" drawing-order="0" hint="" display-id="0" />
<node index="1" text="−15" resource-id="" class="android.widget.TextView" package="commvne.com.whip.app.benchmark" content-desc="" checkable="false" checked="false" clickable="false" enabled="true" focusable="false" focused="false" scrollable="false" long-clickable="false" password="false" selected="false" visible-to-user="true" bounds="[545,837][602,885]" drawing-order="1" hint="" display-id="0" />
<node index="2" text="" resource-id="" class="android.widget.Button" package="commvne.com.whip.app.benchmark" content-desc="" checkable="false" checked="false" clickable="false" enabled="true" focusable="false" focused="false" scrollable="false" long-clickable="false" password="false" selected="false" visible-to-user="true" bounds="[497,798][649,924]" drawing-order="2" hint="" display-id="0" />
</node>
<node index="2" text="" resource-id="" class="android.view.View" package="commvne.com.whip.app.benchmark" content-desc="" checkable="false" checked="false" clickable="true" enabled="true" focusable="true" focused="false" scrollable="false" long-clickable="false" password="false" selected="false" visible-to-user="true" bounds="[670,798][822,924]" drawing-order="2" hint="" display-id="0">
<node index="0" text="" resource-id="" class="android.view.View" package="commvne.com.whip.app.benchmark" content-desc="Add 15 seconds to rest timer" checkable="false" checked="false" clickable="false" enabled="true" focusable="false" focused="false" scrollable="false" long-clickable="false" password="false" selected="false" visible-to-user="true" bounds="[670,798][822,924]" drawing-order="0" hint="" display-id="0" />
<node index="1" text="+15" resource-id="" class="android.widget.TextView" package="commvne.com.whip.app.benchmark" content-desc="" checkable="false" checked="false" clickable="false" enabled="true" focusable="false" focused="false" scrollable="false" long-clickable="false" password="false" selected="false" visible-to-user="true" bounds="[718,837][775,885]" drawing-order="1" hint="" display-id="0" />
<node index="2" text="" resource-id="" class="android.widget.Button" package="commvne.com.whip.app.benchmark" content-desc="" checkable="false" checked="false" clickable="false" enabled="true" focusable="false" focused="false" scrollable="false" long-clickable="false" password="false" selected="false" visible-to-user="true" bounds="[670,798][822,924]" drawing-order="2" hint="" display-id="0" />
</node>
<node index="3" text="" resource-id="" class="android.view.View" package="commvne.com.whip.app.benchmark" content-desc="" checkable="false" checked="false" clickable="true" enabled="true" focusable="true" focused="false" scrollable="false" long-clickable="false" password="false" selected="false" visible-to-user="true" bounds="[843,798][995,924]" drawing-order="3" hint="" display-id="0">
<node index="0" text="" resource-id="" class="android.view.View" package="commvne.com.whip.app.benchmark" content-desc="Stop rest timer" checkable="false" checked="false" clickable="false" enabled="true" focusable="false" focused="false" scrollable="false" long-clickable="false" password="false" selected="false" visible-to-user="true" bounds="[843,798][995,924]" drawing-order="0" hint="" display-id="0" />
<node index="1" text="Stop" resource-id="" class="android.widget.TextView" package="commvne.com.whip.app.benchmark" content-desc="" checkable="false" checked="false" clickable="false" enabled="true" focusable="false" focused="false" scrollable="false" long-clickable="false" password="false" selected="false" visible-to-user="true" bounds="[884,837][954,885]" drawing-order="1" hint="" display-id="0" />
<node index="2" text="" resource-id="" class="android.widget.Button" package="commvne.com.whip.app.benchmark" content-desc="" checkable="false" checked="false" clickable="false" enabled="true" focusable="false" focused="false" scrollable="false" long-clickable="false" password="false" selected="false" visible-to-user="true" bounds="[843,798][995,924]" drawing-order="2" hint="" display-id="0" />
</node>
</node>
</node>
</node>
<node index="3" text="" resource-id="workspace-top-app-bar" class="android.view.View" package="commvne.com.whip.app.benchmark" content-desc="" checkable="false" checked="false" clickable="false" enabled="true" focusable="false" focused="false" scrollable="false" long-clickable="false" password="false" selected="false" visible-to-user="true" bounds="[0,0][1080,300]" drawing-order="3" hint="" display-id="0">
<node index="0" text="" resource-id="" class="android.view.View" package="commvne.com.whip.app.benchmark" content-desc="" checkable="false" checked="false" clickable="false" enabled="true" focusable="false" focused="false" scrollable="false" long-clickable="false" password="false" selected="false" visible-to-user="true" bounds="[0,132][1080,300]" drawing-order="0" hint="" display-id="0">
<node index="0" text="" resource-id="" class="android.view.View" package="commvne.com.whip.app.benchmark" content-desc="" checkable="false" checked="false" clickable="false" enabled="true" focusable="false" focused="false" scrollable="false" long-clickable="false" password="false" selected="false" visible-to-user="true" bounds="[39,147][165,284]" drawing-order="0" hint="" display-id="0">
<node index="0" text="" resource-id="workspace-header-identity" class="android.view.View" package="commvne.com.whip.app.benchmark" content-desc="" checkable="false" checked="false" clickable="false" enabled="true" focusable="false" focused="false" scrollable="false" long-clickable="false" password="false" selected="false" visible-to-user="true" bounds="[43,147][160,284]" drawing-order="0" hint="" display-id="0">
<node index="0" text="" resource-id="gym-header-identity" class="android.view.View" package="commvne.com.whip.app.benchmark" content-desc="" checkable="false" checked="false" clickable="false" enabled="true" focusable="false" focused="false" scrollable="false" long-clickable="false" password="false" selected="false" visible-to-user="true" bounds="[43,153][160,279]" drawing-order="0" hint="" display-id="0">
<node index="0" text="Whip" resource-id="" class="android.widget.TextView" package="commvne.com.whip.app.benchmark" content-desc="" checkable="false" checked="false" clickable="false" enabled="true" focusable="false" focused="false" scrollable="false" long-clickable="false" password="false" selected="false" visible-to-user="true" bounds="[43,168][160,230]" drawing-order="0" hint="" display-id="0" />
<node index="1" text="Gym" resource-id="" class="android.widget.TextView" package="commvne.com.whip.app.benchmark" content-desc="" checkable="false" checked="false" clickable="false" enabled="true" focusable="false" focused="false" scrollable="false" long-clickable="false" password="false" selected="false" visible-to-user="true" bounds="[43,230][100,264]" drawing-order="1" hint="" display-id="0" />
</node>
</node>
</node>
<node index="1" text="" resource-id="workspace-add-action" class="android.widget.Button" package="commvne.com.whip.app.benchmark" content-desc="Add exercise to workout" checkable="false" checked="false" clickable="true" enabled="true" focusable="true" focused="false" scrollable="false" long-clickable="false" password="false" selected="false" visible-to-user="true" bounds="[658,147][795,284]" drawing-order="1" hint="" display-id="0" />
<node index="2" text="" resource-id="workspace-search-action" class="android.widget.Button" package="commvne.com.whip.app.benchmark" content-desc="Search Workouts" checkable="false" checked="false" clickable="true" enabled="true" focusable="true" focused="false" scrollable="false" long-clickable="false" password="false" selected="false" visible-to-user="true" bounds="[795,147][932,284]" drawing-order="2" hint="" display-id="0" />
<node index="3" text="" resource-id="workspace-settings-action" class="android.widget.Button" package="commvne.com.whip.app.benchmark" content-desc="Open Settings" checkable="false" checked="false" clickable="true" enabled="true" focusable="true" focused="false" scrollable="false" long-clickable="false" password="false" selected="false" visible-to-user="true" bounds="[932,147][1069,284]" drawing-order="3" hint="" display-id="0" />
</node>
</node>
<node index="4" text="" resource-id="adaptive-bottom-navigation" class="android.view.View" package="commvne.com.whip.app.benchmark" content-desc="" checkable="false" checked="false" clickable="false" enabled="true" focusable="false" focused="false" scrollable="false" long-clickable="false" password="false" selected="false" visible-to-user="true" bounds="[0,2106][1080,2400]" drawing-order="4" hint="" display-id="0">
<node index="0" text="" resource-id="" class="android.view.View" package="commvne.com.whip.app.benchmark" content-desc="" checkable="false" checked="false" clickable="false" enabled="true" focusable="false" focused="false" scrollable="false" long-clickable="false" password="false" selected="false" visible-to-user="true" bounds="[0,2106][1080,2400]" drawing-order="0" hint="" display-id="0">
<node index="0" text="" resource-id="compact-primary-navigation-single-row" class="android.view.View" package="commvne.com.whip.app.benchmark" content-desc="" checkable="false" checked="false" clickable="false" enabled="true" focusable="false" focused="false" scrollable="false" long-clickable="false" password="false" selected="false" visible-to-user="true" bounds="[0,2106][1080,2274]" drawing-order="0" hint="" display-id="0">
<node index="0" text="" resource-id="primary-navigation-Home" class="android.view.View" package="commvne.com.whip.app.benchmark" content-desc="" checkable="false" checked="false" clickable="true" enabled="true" focusable="true" focused="false" scrollable="false" long-clickable="false" password="false" selected="false" visible-to-user="true" bounds="[0,2106][180,2274]" drawing-order="0" hint="" display-id="0">
<node index="0" text="" resource-id="" class="android.view.View" package="commvne.com.whip.app.benchmark" content-desc="Go to Home" checkable="false" checked="false" clickable="false" enabled="true" focusable="false" focused="false" scrollable="false" long-clickable="false" password="false" selected="false" visible-to-user="true" bounds="[0,2106][180,2274]" drawing-order="0" hint="" display-id="0" />
<node index="1" text="" resource-id="" class="android.view.View" package="commvne.com.whip.app.benchmark" content-desc="" checkable="false" checked="false" clickable="false" enabled="true" focusable="false" focused="false" scrollable="false" long-clickable="false" password="false" selected="false" visible-to-user="true" bounds="[27,2129][153,2213]" drawing-order="1" hint="" display-id="0">
<node index="0" text="" resource-id="" class="android.view.View" package="commvne.com.whip.app.benchmark" content-desc="" checkable="false" checked="false" clickable="false" enabled="true" focusable="false" focused="false" scrollable="false" long-clickable="false" password="false" selected="false" visible-to-user="true" bounds="[27,2108][153,2234]" drawing-order="0" hint="" display-id="0" />
</node>
<node index="2" text="" resource-id="" class="android.view.View" package="commvne.com.whip.app.benchmark" content-desc="" checkable="false" checked="false" clickable="false" enabled="true" focusable="false" focused="false" scrollable="false" long-clickable="false" password="false" selected="false" visible-to-user="true" bounds="[53,2218][128,2252]" drawing-order="2" hint="" display-id="0">
<node index="0" text="Home" resource-id="primary-navigation-label-Home" class="android.widget.TextView" package="commvne.com.whip.app.benchmark" content-desc="" checkable="false" checked="false" clickable="false" enabled="true" focusable="false" focused="false" scrollable="false" long-clickable="false" password="false" selected="false" visible-to-user="true" bounds="[53,2218][128,2252]" drawing-order="0" hint="" display-id="0" />
</node>
<node index="3" text="" resource-id="" class="android.view.View" package="commvne.com.whip.app.benchmark" content-desc="" checkable="false" checked="false" clickable="false" enabled="true" focusable="false" focused="false" scrollable="false" long-clickable="false" password="false" selected="false" visible-to-user="true" bounds="[0,2106][180,2274]" drawing-order="3" hint="" display-id="0" />
</node>
<node index="1" text="" resource-id="primary-navigation-Tasks" class="android.view.View" package="commvne.com.whip.app.benchmark" content-desc="" checkable="false" checked="false" clickable="true" enabled="true" focusable="true" focused="false" scrollable="false" long-clickable="false" password="false" selected="false" visible-to-user="true" bounds="[180,2106][360,2274]" drawing-order="1" hint="" display-id="0">
<node index="0" text="" resource-id="" class="android.view.View" package="commvne.com.whip.app.benchmark" content-desc="Tasks tab" checkable="false" checked="false" clickable="false" enabled="true" focusable="false" focused="false" scrollable="false" long-clickable="false" password="false" selected="false" visible-to-user="true" bounds="[180,2106][360,2274]" drawing-order="0" hint="" display-id="0" />
<node index="1" text="" resource-id="" class="android.view.View" package="commvne.com.whip.app.benchmark" content-desc="" checkable="false" checked="false" clickable="false" enabled="true" focusable="false" focused="false" scrollable="false" long-clickable="false" password="false" selected="false" visible-to-user="true" bounds="[207,2129][333,2213]" drawing-order="1" hint="" display-id="0" />
<node index="2" text="" resource-id="" class="android.view.View" package="commvne.com.whip.app.benchmark" content-desc="" checkable="false" checked="false" clickable="false" enabled="true" focusable="false" focused="false" scrollable="false" long-clickable="false" password="false" selected="false" visible-to-user="true" bounds="[233,2218][307,2252]" drawing-order="2" hint="" display-id="0">
<node index="0" text="Tasks" resource-id="primary-navigation-label-Tasks" class="android.widget.TextView" package="commvne.com.whip.app.benchmark" content-desc="" checkable="false" checked="false" clickable="false" enabled="true" focusable="false" focused="false" scrollable="false" long-clickable="false" password="false" selected="false" visible-to-user="true" bounds="[233,2218][307,2252]" drawing-order="0" hint="" display-id="0" />
</node>
<node index="3" text="" resource-id="" class="android.view.View" package="commvne.com.whip.app.benchmark" content-desc="" checkable="false" checked="false" clickable="false" enabled="true" focusable="false" focused="false" scrollable="false" long-clickable="false" password="false" selected="false" visible-to-user="true" bounds="[180,2106][360,2274]" drawing-order="3" hint="" display-id="0" />
</node>
<node index="2" text="" resource-id="primary-navigation-Habits" class="android.view.View" package="commvne.com.whip.app.benchmark" content-desc="" checkable="false" checked="false" clickable="true" enabled="true" focusable="true" focused="false" scrollable="false" long-clickable="false" password="false" selected="false" visible-to-user="true" bounds="[360,2106][540,2274]" drawing-order="2" hint="" display-id="0">
<node index="0" text="" resource-id="" class="android.view.View" package="commvne.com.whip.app.benchmark" content-desc="Habits tab" checkable="false" checked="false" clickable="false" enabled="true" focusable="false" focused="false" scrollable="false" long-clickable="false" password="false" selected="false" visible-to-user="true" bounds="[360,2106][540,2274]" drawing-order="0" hint="" display-id="0" />
<node index="1" text="" resource-id="" class="android.view.View" package="commvne.com.whip.app.benchmark" content-desc="" checkable="false" checked="false" clickable="false" enabled="true" focusable="false" focused="false" scrollable="false" long-clickable="false" password="false" selected="false" visible-to-user="true" bounds="[387,2129][513,2213]" drawing-order="1" hint="" display-id="0" />
<node index="2" text="" resource-id="" class="android.view.View" package="commvne.com.whip.app.benchmark" content-desc="" checkable="false" checked="false" clickable="false" enabled="true" focusable="false" focused="false" scrollable="false" long-clickable="false" password="false" selected="false" visible-to-user="true" bounds="[410,2218][491,2252]" drawing-order="2" hint="" display-id="0">
<node index="0" text="Habits" resource-id="primary-navigation-label-Habits" class="android.widget.TextView" package="commvne.com.whip.app.benchmark" content-desc="" checkable="false" checked="false" clickable="false" enabled="true" focusable="false" focused="false" scrollable="false" long-clickable="false" password="false" selected="false" visible-to-user="true" bounds="[410,2218][491,2252]" drawing-order="0" hint="" display-id="0" />
</node>
<node index="3" text="" resource-id="" class="android.view.View" package="commvne.com.whip.app.benchmark" content-desc="" checkable="false" checked="false" clickable="false" enabled="true" focusable="false" focused="false" scrollable="false" long-clickable="false" password="false" selected="false" visible-to-user="true" bounds="[360,2106][540,2274]" drawing-order="3" hint="" display-id="0" />
</node>
<node index="3" text="" resource-id="primary-navigation-Goals" class="android.view.View" package="commvne.com.whip.app.benchmark" content-desc="" checkable="false" checked="false" clickable="true" enabled="true" focusable="true" focused="false" scrollable="false" long-clickable="false" password="false" selected="false" visible-to-user="true" bounds="[540,2106][720,2274]" drawing-order="3" hint="" display-id="0">
<node index="0" text="" resource-id="" class="android.view.View" package="commvne.com.whip.app.benchmark" content-desc="Goals tab" checkable="false" checked="false" clickable="false" enabled="true" focusable="false" focused="false" scrollable="false" long-clickable="false" password="false" selected="false" visible-to-user="true" bounds="[540,2106][720,2274]" drawing-order="0" hint="" display-id="0" />
<node index="1" text="" resource-id="" class="android.view.View" package="commvne.com.whip.app.benchmark" content-desc="" checkable="false" checked="false" clickable="false" enabled="true" focusable="false" focused="false" scrollable="false" long-clickable="false" password="false" selected="false" visible-to-user="true" bounds="[567,2129][693,2213]" drawing-order="1" hint="" display-id="0" />
<node index="2" text="" resource-id="" class="android.view.View" package="commvne.com.whip.app.benchmark" content-desc="" checkable="false" checked="false" clickable="false" enabled="true" focusable="false" focused="false" scrollable="false" long-clickable="false" password="false" selected="false" visible-to-user="true" bounds="[595,2218][666,2252]" drawing-order="2" hint="" display-id="0">
<node index="0" text="Goals" resource-id="primary-navigation-label-Goals" class="android.widget.TextView" package="commvne.com.whip.app.benchmark" content-desc="" checkable="false" checked="false" clickable="false" enabled="true" focusable="false" focused="false" scrollable="false" long-clickable="false" password="false" selected="false" visible-to-user="true" bounds="[595,2218][666,2252]" drawing-order="0" hint="" display-id="0" />
</node>
<node index="3" text="" resource-id="" class="android.view.View" package="commvne.com.whip.app.benchmark" content-desc="" checkable="false" checked="false" clickable="false" enabled="true" focusable="false" focused="false" scrollable="false" long-clickable="false" password="false" selected="false" visible-to-user="true" bounds="[540,2106][720,2274]" drawing-order="3" hint="" display-id="0" />
</node>
<node index="4" text="" resource-id="primary-navigation-Tracks" class="android.view.View" package="commvne.com.whip.app.benchmark" content-desc="" checkable="false" checked="false" clickable="true" enabled="true" focusable="true" focused="false" scrollable="false" long-clickable="false" password="false" selected="false" visible-to-user="true" bounds="[720,2106][900,2274]" drawing-order="4" hint="" display-id="0">
<node index="0" text="" resource-id="" class="android.view.View" package="commvne.com.whip.app.benchmark" content-desc="Tracks tab" checkable="false" checked="false" clickable="false" enabled="true" focusable="false" focused="false" scrollable="false" long-clickable="false" password="false" selected="false" visible-to-user="true" bounds="[720,2106][900,2274]" drawing-order="0" hint="" display-id="0" />
<node index="1" text="" resource-id="" class="android.view.View" package="commvne.com.whip.app.benchmark" content-desc="" checkable="false" checked="false" clickable="false" enabled="true" focusable="false" focused="false" scrollable="false" long-clickable="false" password="false" selected="false" visible-to-user="true" bounds="[747,2129][873,2213]" drawing-order="1" hint="" display-id="0" />
<node index="2" text="" resource-id="" class="android.view.View" package="commvne.com.whip.app.benchmark" content-desc="" checkable="false" checked="false" clickable="false" enabled="true" focusable="false" focused="false" scrollable="false" long-clickable="false" password="false" selected="false" visible-to-user="true" bounds="[768,2218][853,2252]" drawing-order="2" hint="" display-id="0">
<node index="0" text="Tracks" resource-id="primary-navigation-label-Tracks" class="android.widget.TextView" package="commvne.com.whip.app.benchmark" content-desc="" checkable="false" checked="false" clickable="false" enabled="true" focusable="false" focused="false" scrollable="false" long-clickable="false" password="false" selected="false" visible-to-user="true" bounds="[768,2218][853,2252]" drawing-order="0" hint="" display-id="0" />
</node>
<node index="3" text="" resource-id="" class="android.view.View" package="commvne.com.whip.app.benchmark" content-desc="" checkable="false" checked="false" clickable="false" enabled="true" focusable="false" focused="false" scrollable="false" long-clickable="false" password="false" selected="false" visible-to-user="true" bounds="[720,2106][900,2274]" drawing-order="3" hint="" display-id="0" />
</node>
<node index="5" text="" resource-id="primary-navigation-Gym" class="android.view.View" package="commvne.com.whip.app.benchmark" content-desc="" checkable="false" checked="false" clickable="false" enabled="true" focusable="true" focused="false" scrollable="false" long-clickable="false" password="false" selected="true" visible-to-user="true" bounds="[900,2106][1080,2274]" drawing-order="5" hint="" display-id="0">
<node index="0" text="" resource-id="" class="android.view.View" package="commvne.com.whip.app.benchmark" content-desc="Gym tab" checkable="false" checked="false" clickable="false" enabled="true" focusable="false" focused="false" scrollable="false" long-clickable="false" password="false" selected="false" visible-to-user="true" bounds="[900,2106][1080,2274]" drawing-order="0" hint="" display-id="0" />
<node index="1" text="" resource-id="" class="android.view.View" package="commvne.com.whip.app.benchmark" content-desc="" checkable="false" checked="false" clickable="false" enabled="true" focusable="false" focused="false" scrollable="false" long-clickable="false" password="false" selected="false" visible-to-user="true" bounds="[927,2129][1053,2213]" drawing-order="1" hint="" display-id="0" />
<node index="2" text="" resource-id="" class="android.view.View" package="commvne.com.whip.app.benchmark" content-desc="" checkable="false" checked="false" clickable="false" enabled="true" focusable="false" focused="false" scrollable="false" long-clickable="false" password="false" selected="false" visible-to-user="true" bounds="[962,2218][1019,2252]" drawing-order="2" hint="" display-id="0">
<node index="0" text="Gym" resource-id="primary-navigation-label-Gym" class="android.widget.TextView" package="commvne.com.whip.app.benchmark" content-desc="" checkable="false" checked="false" clickable="false" enabled="true" focusable="false" focused="false" scrollable="false" long-clickable="false" password="false" selected="false" visible-to-user="true" bounds="[962,2218][1019,2252]" drawing-order="0" hint="" display-id="0" />
</node>
<node index="3" text="" resource-id="" class="android.view.View" package="commvne.com.whip.app.benchmark" content-desc="" checkable="false" checked="false" clickable="false" enabled="true" focusable="false" focused="false" scrollable="false" long-clickable="false" password="false" selected="false" visible-to-user="true" bounds="[900,2106][1080,2274]" drawing-order="3" hint="" display-id="0" />
</node>
</node>
</node>
</node>
</node>
</node>
</node>
</node>
</node>
</node>
</node>
</node>
</node>
<node index="0" text="" resource-id="" class="android.widget.FrameLayout" package="com.android.systemui" content-desc="" checkable="false" checked="false" clickable="false" enabled="true" focusable="false" focused="false" scrollable="false" long-clickable="false" password="false" selected="false" visible-to-user="true" bounds="[0,0][1080,132]" drawing-order="0" hint="" display-id="0">
<node index="0" text="" resource-id="com.android.systemui:id/status_bar_launch_animation_container" class="android.widget.FrameLayout" package="com.android.systemui" content-desc="" checkable="false" checked="false" clickable="false" enabled="true" focusable="false" focused="false" scrollable="false" long-clickable="false" password="false" selected="false" visible-to-user="true" bounds="[0,0][1080,132]" drawing-order="1" hint="" display-id="0" />
<node index="1" text="" resource-id="com.android.systemui:id/container" class="android.widget.FrameLayout" package="com.android

java.lang.IllegalStateException: Benchmark input did not complete its only pending Set
<?xml version='1.0' encoding='UTF-8' standalone='yes' ?>
<hierarchy rotation="0">
<node index="0" text="" resource-id="com.android.systemui:id/navigation_bar_frame" class="android.widget.FrameLayout" package="com.android.systemui" content-desc="" checkable="false" checked="false" clickable="false" enabled="true" focusable="false" focused="false" scrollable="false" long-clickable="false" password="false" selected="false" visible-to-user="true" bounds="[0,2274][1080,2400]" drawing-order="0" hint="" display-id="0">
<node index="0" text="" resource-id="com.android.systemui:id/navigation_bar_view" class="android.widget.FrameLayout" package="com.android.systemui" content-desc="" checkable="false" checked="false" clickable="false" enabled="true" focusable="false" focused="false" scrollable="false" long-clickable="false" password="false" selected="false" visible-to-user="true" bounds="[0,2274][1080,2400]" drawing-order="1" hint="" display-id="0">
<node index="0" text="" resource-id="com.android.systemui:id/navigation_inflater" class="android.widget.FrameLayout" package="com.android.systemui" content-desc="" checkable="false" checked="false" clickable="false" enabled="true" focusable="false" focused="false" scrollable="false" long-clickable="false" password="false" selected="false" visible-to-user="true" bounds="[0,2274][1080,2400]" drawing-order="1" hint="" display-id="0">
<node index="0" text="" resource-id="com.android.systemui:id/horizontal" class="android.widget.FrameLayout" package="com.android.systemui" content-desc="" checkable="false" checked="false" clickable="false" enabled="true" focusable="false" focused="false" scrollable="false" long-clickable="false" password="false" selected="false" visible-to-user="true" bounds="[0,2274][1080,2400]" drawing-order="1" hint="" display-id="0">
<node index="0" text="" resource-id="com.android.systemui:id/nav_buttons" class="android.widget.FrameLayout" package="com.android.systemui" content-desc="" checkable="false" checked="false" clickable="false" enabled="true" focusable="false" focused="false" scrollable="false" long-clickable="false" password="false" selected="false" visible-to-user="true" bounds="[21,2274][1059,2400]" drawing-order="1" hint="" display-id="0">
<node index="0" text="" resource-id="com.android.systemui:id/ends_group" class="android.widget.LinearLayout" package="com.android.systemui" content-desc="" checkable="false" checked="false" clickable="false" enabled="true" focusable="false" focused="false" scrollable="false" long-clickable="false" password="false" selected="false" visible-to-user="true" bounds="[21,2274][1059,2400]" drawing-order="1" hint="" display-id="0">
<node index="0" text="" resource-id="" class="android.widget.RelativeLayout" package="com.android.systemui" content-desc="" checkable="false" checked="false" clickable="false" enabled="true" focusable="false" focused="false" scrollable="false" long-clickable="false" password="false" selected="false" visible-to-user="true" bounds="[21,2274][124,2400]" drawing-order="1" hint="" display-id="0" />
<node index="1" text="" resource-id="" class="android.widget.RelativeLayout" package="com.android.systemui" content-desc="" checkable="false" checked="false" clickable="false" enabled="true" focusable="false" focused="false" scrollable="false" long-clickable="false" password="false" selected="false" visible-to-user="true" bounds="[124,2274][331,2400]" drawing-order="2" hint="" display-id="0">
<node index="0" text="" resource-id="com.android.systemui:id/back" class="android.widget.ImageView" package="com.android.systemui" content-desc="Back" checkable="false" checked="false" clickable="true" enabled="true" focusable="true" focused="false" scrollable="false" long-clickable="false" password="false" selected="false" visible-to-user="true" bounds="[124,2274][331,2400]" drawing-order="1" hint="" display-id="0" />
</node>
<node index="2" text="" resource-id="" class="android.widget.RelativeLayout" package="com.android.systemui" content-desc="" checkable="false" checked="false" clickable="false" enabled="true" focusable="false" focused="false" scrollable="false" long-clickable="false" password="false" selected="false" visible-to-user="true" bounds="[747,2274][955,2400]" drawing-order="4" hint="" display-id="0">
<node index="0" text="" resource-id="com.android.systemui:id/recent_apps" class="android.widget.ImageView" package="com.android.systemui" content-desc="Overview" checkable="false" checked="false" clickable="true" enabled="true" focusable="true" focused="false" scrollable="false" long-clickable="false" password="false" selected="false" visible-to-user="true" bounds="[747,2274][955,2400]" drawing-order="1" hint="" display-id="0" />
</node>
<node index="3" text="" resource-id="" class="android.widget.RelativeLayout" package="com.android.systemui" content-desc="" checkable="false" checked="false" clickable="false" enabled="true" focusable="false" focused="false" scrollable="false" long-clickable="false" password="false" selected="false" visible-to-user="true" bounds="[955,2274][1059,2400]" drawing-order="5" hint="" display-id="0" />
</node>
<node index="1" text="" resource-id="com.android.systemui:id/center_group" class="android.widget.LinearLayout" package="com.android.systemui" content-desc="" checkable="false" checked="false" clickable="false" enabled="true" focusable="false" focused="false" scrollable="false" long-clickable="false" password="false" selected="false" visible-to-user="true" bounds="[435,2274][645,2400]" drawing-order="2" hint="" display-id="0">
<node index="0" text="" resource-id="com.android.systemui:id/home" class="android.widget.ImageView" package="com.android.systemui" content-desc="Home" checkable="false" checked="false" clickable="true" enabled="true" focusable="true" focused="false" scrollable="false" long-clickable="true" password="false" selected="false" visible-to-user="true" bounds="[435,2274][645,2400]" drawing-order="1" hint="" display-id="0" />
</node>
</node>
</node>
</node>
</node>
</node>
<node index="0" text="" resource-id="" class="android.widget.FrameLayout" package="commvne.com.whip.app.benchmark" content-desc="" checkable="false" checked="false" clickable="false" enabled="true" focusable="false" focused="false" scrollable="false" long-clickable="false" password="false" selected="false" visible-to-user="true" bounds="[0,0][1080,2400]" drawing-order="0" hint="" display-id="0">
<node index="0" text="" resource-id="" class="android.widget.FrameLayout" package="commvne.com.whip.app.benchmark" content-desc="" checkable="false" checked="false" clickable="false" enabled="true" focusable="false" focused="false" scrollable="false" long-clickable="false" password="false" selected="false" visible-to-user="true" bounds="[0,0][1080,2400]" drawing-order="1" hint="" display-id="0">
<node index="0" text="" resource-id="android:id/content" class="android.widget.FrameLayout" package="commvne.com.whip.app.benchmark" content-desc="" checkable="false" checked="false" clickable="false" enabled="true" focusable="false" focused="false" scrollable="false" long-clickable="false" password="false" selected="false" visible-to-user="true" bounds="[0,0][1080,2400]" drawing-order="1" hint="" display-id="0">
<node index="0" text="" resource-id="" class="androidx.compose.ui.platform.ComposeView" package="commvne.com.whip.app.benchmark" content-desc="" checkable="false" checked="false" clickable="false" enabled="true" focusable="false" focused="false" scrollable="false" long-clickable="false" password="false" selected="false" visible-to-user="true" bounds="[0,0][1080,2400]" drawing-order="1" hint="" display-id="0">
<node index="0" text="" resource-id="" class="android.view.View" package="commvne.com.whip.app.benchmark" content-desc="" checkable="false" checked="false" clickable="false" enabled="true" focusable="false" focused="false" scrollable="false" long-clickable="false" password="false" selected="false" visible-to-user="true" bounds="[0,0][1080,2400]" drawing-order="0" hint="" display-id="0">
<node index="0" text="" resource-id="app-background-shell" class="android.view.View" package="commvne.com.whip.app.benchmark" content-desc="" checkable="false" checked="false" clickable="false" enabled="true" focusable="false" focused="false" scrollable="false" long-clickable="false" password="false" selected="false" visible-to-user="true" bounds="[0,0][1080,2400]" drawing-order="0" hint="" display-id="0">
<node index="0" text="" resource-id="workspace-layout-viewport" class="android.view.View" package="commvne.com.whip.app.benchmark" content-desc="" checkable="false" checked="false" clickable="false" enabled="true" focusable="false" focused="false" scrollable="false" long-clickable="false" password="false" selected="false" visible-to-user="true" bounds="[0,0][1080,2400]" drawing-order="0" hint="" display-id="0">
<node index="0" text="" resource-id="workspace-content-column" class="android.view.View" package="commvne.com.whip.app.benchmark" content-desc="" checkable="false" checked="false" clickable="false" enabled="true" focusable="false" focused="false" scrollable="false" long-clickable="false" password="false" selected="false" visible-to-user="true" bounds="[0,0][1080,2400]" drawing-order="0" hint="" display-id="0">
<node index="0" text="" resource-id="" class="android.view.View" package="commvne.com.whip.app.benchmark" content-desc="" checkable="false" checked="false" clickable="false" enabled="true" focusable="false" focused="false" scrollable="false" long-clickable="false" password="false" selected="false" visible-to-user="true" bounds="[0,0][1080,2400]" drawing-order="0" hint="" display-id="0">
<node index="0" text="" resource-id="gym-workspace-navigation" class="android.view.View" package="commvne.com.whip.app.benchmark" content-desc="" checkable="false" checked="false" clickable="false" enabled="true" focusable="false" focused="false" scrollable="false" long-clickable="false" password="false" selected="false" visible-to-user="true" bounds="[0,300][1080,451]" drawing-order="0" hint="" display-id="0">
<node index="0" text="" resource-id="" class="android.view.View" package="commvne.com.whip.app.benchmark" content-desc="" checkable="false" checked="false" clickable="false" enabled="true" focusable="false" focused="false" scrollable="false" long-clickable="false" password="false" selected="false" visible-to-user="true" bounds="[32,311][1048,437]" drawing-order="0" hint="" display-id="0">
<node index="0" text="" resource-id="gym-destination-Workout" class="android.view.View" package="commvne.com.whip.app.benchmark" content-desc="" checkable="false" checked="false" clickable="false" enabled="true" focusable="true" focused="false" scrollable="false" long-clickable="false" password="false" selected="true" visible-to-user="true" bounds="[32,311][277,437]" drawing-order="0" hint="" display-id="0">
<node index="0" text="" resource-id="" class="android.view.View" package="commvne.com.whip.app.benchmark" content-desc="Workout" checkable="false" checked="false" clickable="false" enabled="true" focusable="false" focused="false" scrollable="false" long-clickable="false" password="false" selected="false" visible-to-user="true" bounds="[32,311][277,437]" drawing-order="0" hint="" display-id="0" />
<node index="1" text="Workout" resource-id="" class="android.widget.TextView" package="commvne.com.whip.app.benchmark" content-desc="" checkable="false" checked="false" clickable="false" enabled="true" focusable="false" focused="false" scrollable="false" long-clickable="false" password="false" selected="false" visible-to-user="true" bounds="[91,350][219,390]" drawing-order="1" hint="" display-id="0" />
<node index="2" text="" resource-id="" class="android.view.View" package="commvne.com.whip.app.benchmark" content-desc="" checkable="false" checked="false" clickable="false" enabled="true" focusable="false" focused="false" scrollable="false" long-clickable="false" password="false" selected="false" visible-to-user="true" bounds="[32,311][277,437]" drawing-order="2" hint="" display-id="0" />
</node>
<node index="1" text="" resource-id="gym-destination-Library" class="android.view.View" package="commvne.com.whip.app.benchmark" content-desc="" checkable="false" checked="false" clickable="true" enabled="true" focusable="true" focused="false" scrollable="false" long-clickable="false" password="false" selected="false" visible-to-user="true" bounds="[288,311][534,437]" drawing-order="1" hint="" display-id="0">
<node index="0" text="" resource-id="" class="android.view.View" package="commvne.com.whip.app.benchmark" content-desc="Library" checkable="false" checked="false" clickable="false" enabled="true" focusable="false" focused="false" scrollable="false" long-clickable="false" password="false" selected="false" visible-to-user="true" bounds="[288,311][534,437]" drawing-order="0" hint="" display-id="0" />
<node index="1" text="Library" resource-id="" class="android.widget.TextView" package="commvne.com.whip.app.benchmark" content-desc="" checkable="false" checked="false" clickable="false" enabled="true" focusable="false" focused="false" scrollable="false" long-clickable="false" password="false" selected="false" visible-to-user="true" bounds="[359,350][464,390]" drawing-order="1" hint="" display-id="0" />
<node index="2" text="" resource-id="" class="android.view.View" package="commvne.com.whip.app.benchmark" content-desc="" checkable="false" checked="false" clickable="false" enabled="true" focusable="false" focused="false" scrollable="false" long-clickable="false" password="false" selected="false" visible-to-user="true" bounds="[288,311][534,437]" drawing-order="2" hint="" display-id="0" />
</node>
<node index="2" text="" resource-id="gym-destination-History" class="android.view.View" package="commvne.com.whip.app.benchmark" content-desc="" checkable="false" checked="false" clickable="true" enabled="true" focusable="true" focused="false" scrollable="false" long-clickable="false" password="false" selected="false" visible-to-user="true" bounds="[545,311][791,437]" drawing-order="2" hint="" display-id="0">
<node index="0" text="" resource-id="" class="android.view.View" package="commvne.com.whip.app.benchmark" content-desc="History" checkable="false" checked="false" clickable="false" enabled="true" focusable="false" focused="false" scrollable="false" long-clickable="false" password="false" selected="false" visible-to-user="true" bounds="[545,311][791,437]" drawing-order="0" hint="" display-id="0" />
<node index="1" text="History" resource-id="" class="android.widget.TextView" package="commvne.com.whip.app.benchmark" content-desc="" checkable="false" checked="false" clickable="false" enabled="true" focusable="false" focused="false" scrollable="false" long-clickable="false" password="false" selected="false" visible-to-user="true" bounds="[613,350][723,390]" drawing-order="1" hint="" display-id="0" />
<node index="2" text="" resource-id="" class="android.view.View" package="commvne.com.whip.app.benchmark" content-desc="" checkable="false" checked="false" clickable="false" enabled="true" focusable="false" focused="false" scrollable="false" long-clickable="false" password="false" selected="false" visible-to-user="true" bounds="[545,311][791,437]" drawing-order="2" hint="" display-id="0" />
</node>
<node index="3" text="" resource-id="gym-destination-Insights" class="android.view.View" package="commvne.com.whip.app.benchmark" content-desc="" checkable="false" checked="false" clickable="true" enabled="true" focusable="true" focused="false" scrollable="false" long-clickable="false" password="false" selected="false" visible-to-user="true" bounds="[802,311][1048,437]" drawing-order="3" hint="" display-id="0">
<node index="0" text="" resource-id="" class="android.view.View" package="commvne.com.whip.app.benchmark" content-desc="Insights" checkable="false" checked="false" clickable="false" enabled="true" focusable="false" focused="false" scrollable="false" long-clickable="false" password="false" selected="false" visible-to-user="true" bounds="[802,311][1048,437]" drawing-order="0" hint="" display-id="0" />
<node index="1" text="Insights" resource-id="" class="android.widget.TextView" package="commvne.com.whip.app.benchmark" content-desc="" checkable="false" checked="false" clickable="false" enabled="true" focusable="false" focused="false" scrollable="false" long-clickable="false" password="false" selected="false" visible-to-user="true" bounds="[864,350][987,390]" drawing-order="1" hint="" display-id="0" />
<node index="2" text="" resource-id="" class="android.view.View" package="commvne.com.whip.app.benchmark" content-desc="" checkable="false" checked="false" clickable="false" enabled="true" focusable="false" focused="false" scrollable="false" long-clickable="false" password="false" selected="false" visible-to-user="true" bounds="[802,311][1048,437]" drawing-order="2" hint="" display-id="0" />
</node>
</node>
</node>
<node index="1" text="" resource-id="workspace-context-row" class="android.view.View" package="commvne.com.whip.app.benchmark" content-desc="" checkable="false" checked="false" clickable="false" enabled="true" focusable="false" focused="false" scrollable="false" long-clickable="false" password="false" selected="false" visible-to-user="true" bounds="[53,451][1027,640]" drawing-order="1" hint="" display-id="0">
<node index="0" text="Workout in progress" resource-id="workspace-context-summary" class="android.widget.TextView" package="commvne.com.whip.app.benchmark" content-desc="" checkable="false" checked="false" clickable="false" enabled="true" focusable="false" focused="false" scrollable="false" long-clickable="false" password="false" selected="false" visible-to-user="true" bounds="[53,524][754,567]" drawing-order="0" hint="" display-id="0" />
</node>
<node index="2" text="" resource-id="active-workout-list" class="android.view.View" package="commvne.com.whip.app.benchmark" content-desc="" checkable="false" checked="false" clickable="false" enabled="true" focusable="false" focused="false" scrollable="true" long-clickable="false" password="false" selected="false" visible-to-user="true" bounds="[0,640][1080,2106]" drawing-order="2" hint="" display-id="0">
<node index="0" text="" resource-id="add-exercise-to-active-workout" class="android.view.View" package="commvne.com.whip.app.benchmark" content-desc="" checkable="false" checked="false" clickable="true" enabled="true" focusable="true" focused="false" scrollable="false" long-clickable="false" password="false" selected="false" visible-to-user="true" bounds="[53,956][529,1034]" drawing-order="0" hint="" display-id="0">
<node index="0" text="" resource-id="" class="android.view.View" package="commvne.com.whip.app.benchmark" content-desc="Add Exercise" checkable="false" checked="false" clickable="false" enabled="true" focusable="false" focused="false" scrollable="false" long-clickable="false" password="false" selected="false" visible-to-user="true" bounds="[53,908][529,1034]" drawing-order="0" hint="" display-id="0" />
<node index="1" text="Add Exercise" resource-id="" class="android.widget.TextView" package="commvne.com.whip.app.benchmark" content-desc="" checkable="false" checked="false" clickable="false" enabled="true" focusable="false" focused="false" scrollable="false" long-clickable="false" password="false" selected="false" visible-to-user="true" bounds="[235,956][432,995]" drawing-order="1" hint="" display-id="0" />
<node index="2" text="" resource-id="" class="android.widget.Button" package="commvne.com.whip.app.benchmark" content-desc="" checkable="false" checked="false" clickable="false" enabled="true" focusable="false" focused="false" scrollable="false" long-clickable="false" password="false" selected="false" visible-to-user="true" bounds="[53,908][529,1034]" drawing-order="2" hint="" display-id="0" />
</node>
<node index="1" text="" resource-id="workout-arrange-open" class="android.view.View" package="commvne.com.whip.app.benchmark" content-desc="" checkable="false" checked="false" clickable="true" enabled="true" focusable="true" focused="false" scrollable="false" long-clickable="false" password="false" selected="false" visible-to-user="true" bounds="[550,956][1027,1034]" drawing-order="1" hint="" display-id="0">
<node index="0" text="" resource-id="" class="android.view.View" package="commvne.com.whip.app.benchmark" content-desc="Arrange" checkable="false" checked="false" clickable="false" enabled="true" focusable="false" focused="false" scrollable="false" long-clickable="false" password="false" selected="false" visible-to-user="true" bounds="[550,908][1027,1034]" drawing-order="0" hint="" display-id="0" />
<node index="1" text="Arrange" resource-id="" class="android.widget.TextView" package="commvne.com.whip.app.benchmark" content-desc="" checkable="false" checked="false" clickable="false" enabled="true" focusable="false" focused="false" scrollable="false" long-clickable="false" password="false" selected="false" visible-to-user="true" bounds="[770,956][891,995]" drawing-order="1" hint="" display-id="0" />
<node index="2" text="" resource-id="" class="android.widget.Button" package="commvne.com.whip.app.benchmark" content-desc="" checkable="false" checked="false" clickable="false" enabled="true" focusable="false" focused="false" scrollable="false" long-clickable="false" password="false" selected="false" visible-to-user="true" bounds="[550,908][1027,1034]" drawing-order="2" hint="" display-id="0" />
</node>
<node index="2" text="Changes apply to this workout" resource-id="active-workout-exercise-scope" class="android.widget.TextView" package="commvne.com.whip.app.benchmark" content-desc="" checkable="false" checked="false" clickable="false" enabled="true" focusable="false" focused="false" scrollable="false" long-clickable="false" password="false" selected="false" visible-to-user="true" bounds="[53,1055][1027,1092]" drawing-order="2" hint="" display-id="0" />
<node index="3" text="" resource-id="" class="android.view.View" package="commvne.com.whip.app.benchmark" content-desc="" checkable="false" checked="false" clickable="false" enabled="true" focusable="false" focused="false" scrollable="false" long-clickable="false" password="false" selected="false" visible-to-user="true" bounds="[53,1113][1027,1896]" drawing-order="3" hint="" display-id="0">
<node index="0" text="Benchmark press" resource-id="" class="android.widget.TextView" package="commvne.com.whip.app.benchmark" content-desc="" checkable="false" checked="false" clickable="false" enabled="true" focusable="false" focused="false" scrollable="false" long-clickable="false" password="false" selected="false" visible-to-user="true" bounds="[85,1178][869,1227]" drawing-order="0" hint="" display-id="0" />
<node index="1" text="" resource-id="" class="android.view.View" package="commvne.com.whip.app.benchmark" content-desc="" checkable="false" checked="false" clickable="true" enabled="true" focusable="true" focused="false" scrollable="false" long-clickable="false" password="false" selected="false" visible-to-user="true" bounds="[869,1139][995,1265]" drawing-order="1" hint="" display-id="0">
<node index="0" text="" resource-id="" class="android.view.View" package="commvne.com.whip.app.benchmark" content-desc="More options for Benchmark press" checkable="false" checked="false" clickable="false" enabled="true" focusable="false" focused="false" scrollable="false" long-clickable="false" password="false" selected="false" visible-to-user="true" bounds="[895,1165][969,1239]" drawing-order="0" hint="" display-id="0" />
<node index="1" text="" resource-id="" class="android.widget.Button" package="commvne.com.whip.app.benchmark" content-desc="" checkable="false" checked="false" clickable="false" enabled="true" focusable="false" focused="false" scrollable="false" long-clickable="false" password="false" selected="false" visible-to-user="true" bounds="[869,1139][995,1265]" drawing-order="1" hint="" display-id="0" />
</node>
<node index="2" text="" resource-id="" class="android.view.View" package="commvne.com.whip.app.benchmark" content-desc="" checkable="false" checked="false" clickable="true" enabled="true" focusable="true" focused="false" scrollable="false" long-clickable="false" password="false" selected="false" visible-to-user="true" bounds="[85,1281][995,1407]" drawing-order="2" hint="" display-id="0">
<node index="0" text="" resource-id="" class="android.view.View" package="commvne.com.whip.app.benchmark" content-desc="1 Completed Set" checkable="false" checked="false" clickable="false" enabled="true" focusable="false" focused="false" scrollable="false" long-clickable="false" password="false" selected="false" visible-to-user="true" bounds="[85,1281][995,1407]" drawing-order="0" hint="" display-id="0" />
<node index="1" text="1 Completed Set" resource-id="" class="android.widget.TextView" package="commvne.com.whip.app.benchmark" content-desc="" checkable="false" checked="false" clickable="false" enabled="true" focusable="false" focused="false" scrollable="false" long-clickable="false" password="false" selected="false" visible-to-user="true" bounds="[384,1320][634,1368]" drawing-order="1" hint="" display-id="0" />
<node index="2" text="" resource-id="" class="android.widget.Button" package="commvne.com.whip.app.benchmark" content-desc="" checkable="false" checked="false" clickable="false" enabled="true" focusable="false" focused="false" scrollable="false" long-clickable="false" password="false" selected="false" visible-to-user="true" bounds="[85,1281][995,1407]" drawing-order="2" hint="" display-id="0" />
</node>
<node index="3" text="" resource-id="" class="android.view.View" package="commvne.com.whip.app.benchmark" content-desc="" checkable="false" checked="false" clickable="true" enabled="true" focusable="true" focused="false" scrollable="false" long-clickable="false" password="false" selected="false" visible-to-user="true" bounds="[85,1423][342,1549]" drawing-order="3" hint="" display-id="0">
<node index="0" text="Add Set" resource-id="" class="android.widget.TextView" package="commvne.com.whip.app.benchmark" content-desc="" checkable="false" checked="false" clickable="false" enabled="true" focusable="false" focused="false" scrollable="false" long-clickable="false" password="false" selected="false" visible-to-user="true" bounds="[191,1462][310,1510]" drawing-order="0" hint="" display-id="0" />
<node index="1" text="" resource-id="" class="android.widget.Button" package="commvne.com.whip.app.benchmark" content-desc="" checkable="false" checked="false" clickable="false" enabled="true" focusable="false" focused="false" scrollable="false" long-clickable="false" password="false" selected="false" visible-to-user="true" bounds="[85,1423][342,1549]" drawing-order="1" hint="" display-id="0" />
</node>
<node index="4" text="Previous workout · 50 kg × 5 reps · 51 kg × 5 reps · 52 kg × 5 reps · 53 kg × 5 reps · 54 kg × 5 reps · 55 kg × 5 reps · 56 kg × 5 reps · 57 kg × 5 reps · 58 kg × 5 reps · 59 kg × 5 reps · 60 kg × 5 reps · 61 kg × 5 reps · +99988 more in History" resource-id="" class="android.widget.TextView" package="commvne.com.whip.app.benchmark" content-desc="" checkable="false" checked="false" clickable="false" enabled="true" focusable="false" focused="false" scrollable="false" long-clickable="false" password="false" selected="false" visible-to-user="true" bounds="[85,1565][995,1728]" drawing-order="4" hint="" display-id="0" />
<node index="5" text="" resource-id="" class="android.view.View" package="commvne.com.whip.app.benchmark" content-desc="" checkable="false" checked="false" clickable="true" enabled="true" focusable="true" focused="false" scrollable="false" long-clickable="false" password="false" selected="false" visible-to-user="true" bounds="[85,1744][995,1870]" drawing-order="3" hint="" display-id="0">
<node index="0" text="" resource-id="" class="android.view.View" package="commvne.com.whip.app.benchmark" content-desc="Exercise Details" checkable="false" checked="false" clickable="false" enabled="true" focusable="false" focused="false" scrollable="false" long-clickable="false" password="false" selected="false" visible-to-user="true" bounds="[85,1744][995,1870]" drawing-order="0" hint="" display-id="0" />
<node index="1" text="Exercise Details" resource-id="" class="android.widget.TextView" package="commvne.com.whip.app.benchmark" content-desc="" checkable="false" checked="false" clickable="false" enabled="true" focusable="false" focused="false" scrollable="false" long-clickable="false" password="false" selected="false" visible-to-user="true" bounds="[389,1783][629,1831]" drawing-order="1" hint="" display-id="0" />
<node index="2" text="" resource-id="" class="android.widget.Button" package="commvne.com.whip.app.benchmark" content-desc="" checkable="false" checked="false" clickable="false" enabled="true" focusable="false" focused="false" scrollable="false" long-clickable="false" password="false" selected="false" visible-to-user="true" bounds="[85,1744][995,1870]" drawing-order="2" hint="" display-id="0" />
</node>
</node>
<node index="4" text="" resource-id="active-workout-finish" class="android.view.View" package="commvne.com.whip.app.benchmark" content-desc="" checkable="false" checked="false" clickable="true" enabled="true" focusable="true" focused="false" scrollable="false" long-clickable="false" password="false" selected="false" visible-to-user="true" bounds="[53,1917][529,2043]" drawing-order="4" hint="" display-id="0">
<node index="0" text="Finish" resource-id="" class="android.widget.TextView" package="commvne.com.whip.app.benchmark" content-desc="" checkable="false" checked="false" clickable="false" enabled="true" focusable="false" focused="false" scrollable="false" long-clickable="false" password="false" selected="false" visible-to-user="true" bounds="[245,1956][337,2004]" drawing-order="0" hint="" display-id="0" />
<node index="1" text="" resource-id="" class="android.widget.Button" package="commvne.com.whip.app.benchmark" content-desc="" checkable="false" checked="false" clickable="false" enabled="true" focusable="false" focused="false" scrollable="false" long-clickable="false" password="false" selected="false" visible-to-user="true" bounds="[53,1917][529,2043]" drawing-order="1" hint="" display-id="0" />
</node>
<node index="5" text="" resource-id="active-workout-discard" class="android.view.View" package="commvne.com.whip.app.benchmark" content-desc="" checkable="false" checked="false" clickable="true" enabled="true" focusable="true" focused="false" scrollable="false" long-clickable="false" password="false" selected="false" visible-to-user="true" bounds="[550,1917][1027,2043]" drawing-order="5" hint="" display-id="0">
<node index="0" text="Discard" resource-id="" class="android.widget.TextView" package="commvne.com.whip.app.benchmark" content-desc="" checkable="false" checked="false" clickable="false" enabled="true" focusable="false" focused="false" scrollable="false" long-clickable="false" password="false" selected="false" visible-to-user="true" bounds="[731,1956][846,2004]" drawing-order="0" hint="" display-id="0" />
<node index="1" text="" resource-id="" class="android.widget.Button" package="commvne.com.whip.app.benchmark" content-desc="" checkable="false" checked="false" clickable="false" enabled="true" focusable="false" focused="false" scrollable="false" long-clickable="false" password="false" selected="false" visible-to-user="true" bounds="[550,1917][1027,2043]" drawing-order="1" hint="" display-id="0" />
</node>
<node index="6" text="" resource-id="workout-execution-lane" class="android.view.View" package="commvne.com.whip.app.benchmark" content-desc="" checkable="false" checked="false" clickable="false" enabled="true" focusable="false" focused="false" scrollable="false" long-clickable="false" password="false" selected="false" visible-to-user="true" bounds="[53,640][1027,956]" drawing-order="6" hint="" display-id="0">
<node index="0" text="" resource-id="workout-overview-open" class="android.view.View" package="commvne.com.whip.app.benchmark" content-desc="" checkable="false" checked="false" clickable="true" enabled="true" focusable="true" focused="false" scrollable="false" long-clickable="false" password="false" selected="false" visible-to-user="true" bounds="[53,651][1027,777]" drawing-order="0" hint="" display-id="0">
<node index="0" text="Workout Overview · Review and Finish" resource-id="" class="android.widget.TextView" package="commvne.com.whip.app.benchmark" content-desc="" checkable="false" checked="false" clickable="false" enabled="true" focusable="false" focused="false" scrollable="false" long-clickable="false" password="false" selected="false" visible-to-user="true" bounds="[253,690][827,738]" drawing-order="0" hint="" display-id="0" />
<node index="1" text="" resource-id="" class="android.widget.Button" package="commvne.com.whip.app.benchmark" content-desc="" checkable="false" checked="false" clickable="false" enabled="true" focusable="false" focused="false" scrollable="false" long-clickable="false" password="false" selected="false" visible-to-user="true" bounds="[53,651][1027,777]" drawing-order="1" hint="" display-id="0" />
</node>
<node index="1" text="" resource-id="rest-timer-card" class="android.view.View" package="commvne.com.whip.app.benchmark" content-desc="" checkable="false" checked="false" clickable="false" enabled="true" focusable="false" focused="false" scrollable="false" long-clickable="false" password="false" selected="false" visible-to-user="true" bounds="[53,777][1027,945]" drawing-order="1" hint="" display-id="0">
<node index="0" text="Rest · 1:54" resource-id="" class="android.widget.TextView" package="commvne.com.whip.app.benchmark" content-desc="" checkable="false" checked="false" clickable="false" enabled="true" focusable="false" focused="false" scrollable="false" long-clickable="false" password="false" selected="false" visible-to-user="true" bounds="[85,837][286,886]" drawing-order="0" hint="" display-id="0" />
<node index="1" text="" resource-id="" class="android.view.View" package="commvne.com.whip.app.benchmark" content-desc="" checkable="false" checked="false" clickable="true" enabled="true" focusable="true" focused="false" scrollable="false" long-clickable="false" password="false" selected="false" visible-to-user="true" bounds="[497,798][649,924]" drawing-order="1" hint="" display-id="0">
<node index="0" text="" resource-id="" class="android.view.View" package="commvne.com.whip.app.benchmark" content-desc="Subtract 15 seconds from rest timer" checkable="false" checked="false" clickable="false" enabled="true" focusable="false" focused="false" scrollable="false" long-clickable="false" password="false" selected="false" visible-to-user="true" bounds="[497,798][649,924]" drawing-order="0" hint="" display-id="0" />
<node index="1" text="−15" resource-id="" class="android.widget.TextView" package="commvne.com.whip.app.benchmark" content-desc="" checkable="false" checked="false" clickable="false" enabled="true" focusable="false" focused="false" scrollable="false" long-clickable="false" password="false" selected="false" visible-to-user="true" bounds="[545,837][602,885]" drawing-order="1" hint="" display-id="0" />
<node index="2" text="" resource-id="" class="android.widget.Button" package="commvne.com.whip.app.benchmark" content-desc="" checkable="false" checked="false" clickable="false" enabled="true" focusable="false" focused="false" scrollable="false" long-clickable="false" password="false" selected="false" visible-to-user="true" bounds="[497,798][649,924]" drawing-order="2" hint="" display-id="0" />
</node>
<node index="2" text="" resource-id="" class="android.view.View" package="commvne.com.whip.app.benchmark" content-desc="" checkable="false" checked="false" clickable="true" enabled="true" focusable="true" focused="false" scrollable="false" long-clickable="false" password="false" selected="false" visible-to-user="true" bounds="[670,798][822,924]" drawing-order="2" hint="" display-id="0">
<node index="0" text="" resource-id="" class="android.view.View" package="commvne.com.whip.app.benchmark" content-desc="Add 15 seconds to rest timer" checkable="false" checked="false" clickable="false" enabled="true" focusable="false" focused="false" scrollable="false" long-clickable="false" password="false" selected="false" visible-to-user="true" bounds="[670,798][822,924]" drawing-order="0" hint="" display-id="0" />
<node index="1" text="+15" resource-id="" class="android.widget.TextView" package="commvne.com.whip.app.benchmark" content-desc="" checkable="false" checked="false" clickable="false" enabled="true" focusable="false" focused="false" scrollable="false" long-clickable="false" password="false" selected="false" visible-to-user="true" bounds="[718,837][775,885]" drawing-order="1" hint="" display-id="0" />
<node index="2" text="" resource-id="" class="android.widget.Button" package="commvne.com.whip.app.benchmark" content-desc="" checkable="false" checked="false" clickable="false" enabled="true" focusable="false" focused="false" scrollable="false" long-clickable="false" password="false" selected="false" visible-to-user="true" bounds="[670,798][822,924]" drawing-order="2" hint="" display-id="0" />
</node>
<node index="3" text="" resource-id="" class="android.view.View" package="commvne.com.whip.app.benchmark" content-desc="" checkable="false" checked="false" clickable="true" enabled="true" focusable="true" focused="false" scrollable="false" long-clickable="false" password="false" selected="false" visible-to-user="true" bounds="[843,798][995,924]" drawing-order="3" hint="" display-id="0">
<node index="0" text="" resource-id="" class="android.view.View" package="commvne.com.whip.app.benchmark" content-desc="Stop rest timer" checkable="false" checked="false" clickable="false" enabled="true" focusable="false" focused="false" scrollable="false" long-clickable="false" password="false" selected="false" visible-to-user="true" bounds="[843,798][995,924]" drawing-order="0" hint="" display-id="0" />
<node index="1" text="Stop" resource-id="" class="android.widget.TextView" package="commvne.com.whip.app.benchmark" content-desc="" checkable="false" checked="false" clickable="false" enabled="true" focusable="false" focused="false" scrollable="false" long-clickable="false" password="false" selected="false" visible-to-user="true" bounds="[884,837][954,885]" drawing-order="1" hint="" display-id="0" />
<node index="2" text="" resource-id="" class="android.widget.Button" package="commvne.com.whip.app.benchmark" content-desc="" checkable="false" checked="false" clickable="false" enabled="true" focusable="false" focused="false" scrollable="false" long-clickable="false" password="false" selected="false" visible-to-user="true" bounds="[843,798][995,924]" drawing-order="2" hint="" display-id="0" />
</node>
</node>
</node>
</node>
<node index="3" text="" resource-id="workspace-top-app-bar" class="android.view.View" package="commvne.com.whip.app.benchmark" content-desc="" checkable="false" checked="false" clickable="false" enabled="true" focusable="false" focused="false" scrollable="false" long-clickable="false" password="false" selected="false" visible-to-user="true" bounds="[0,0][1080,300]" drawing-order="3" hint="" display-id="0">
<node index="0" text="" resource-id="" class="android.view.View" package="commvne.com.whip.app.benchmark" content-desc="" checkable="false" checked="false" clickable="false" enabled="true" focusable="false" focused="false" scrollable="false" long-clickable="false" password="false" selected="false" visible-to-user="true" bounds="[0,132][1080,300]" drawing-order="0" hint="" display-id="0">
<node index="0" text="" resource-id="" class="android.view.View" package="commvne.com.whip.app.benchmark" content-desc="" checkable="false" checked="false" clickable="false" enabled="true" focusable="false" focused="false" scrollable="false" long-clickable="false" password="false" selected="false" visible-to-user="true" bounds="[39,147][165,284]" drawing-order="0" hint="" display-id="0">
<node index="0" text="" resource-id="workspace-header-identity" class="android.view.View" package="commvne.com.whip.app.benchmark" content-desc="" checkable="false" checked="false" clickable="false" enabled="true" focusable="false" focused="false" scrollable="false" long-clickable="false" password="false" selected="false" visible-to-user="true" bounds="[43,147][160,284]" drawing-order="0" hint="" display-id="0">
<node index="0" text="" resource-id="gym-header-identity" class="android.view.View" package="commvne.com.whip.app.benchmark" content-desc="" checkable="false" checked="false" clickable="false" enabled="true" focusable="false" focused="false" scrollable="false" long-clickable="false" password="false" selected="false" visible-to-user="true" bounds="[43,153][160,279]" drawing-order="0" hint="" display-id="0">
<node index="0" text="Whip" resource-id="" class="android.widget.TextView" package="commvne.com.whip.app.benchmark" content-desc="" checkable="false" checked="false" clickable="false" enabled="true" focusable="false" focused="false" scrollable="false" long-clickable="false" password="false" selected="false" visible-to-user="true" bounds="[43,168][160,230]" drawing-order="0" hint="" display-id="0" />
<node index="1" text="Gym" resource-id="" class="android.widget.TextView" package="commvne.com.whip.app.benchmark" content-desc="" checkable="false" checked="false" clickable="false" enabled="true" focusable="false" focused="false" scrollable="false" long-clickable="false" password="false" selected="false" visible-to-user="true" bounds="[43,230][100,264]" drawing-order="1" hint="" display-id="0" />
</node>
</node>
</node>
<node index="1" text="" resource-id="workspace-add-action" class="android.widget.Button" package="commvne.com.whip.app.benchmark" content-desc="Add exercise to workout" checkable="false" checked="false" clickable="true" enabled="true" focusable="true" focused="false" scrollable="false" long-clickable="false" password="false" selected="false" visible-to-user="true" bounds="[658,147][795,284]" drawing-order="1" hint="" display-id="0" />
<node index="2" text="" resource-id="workspace-search-action" class="android.widget.Button" package="commvne.com.whip.app.benchmark" content-desc="Search Workouts" checkable="false" checked="false" clickable="true" enabled="true" focusable="true" focused="false" scrollable="false" long-clickable="false" password="false" selected="false" visible-to-user="true" bounds="[795,147][932,284]" drawing-order="2" hint="" display-id="0" />
<node index="3" text="" resource-id="workspace-settings-action" class="android.widget.Button" package="commvne.com.whip.app.benchmark" content-desc="Open Settings" checkable="false" checked="false" clickable="true" enabled="true" focusable="true" focused="false" scrollable="false" long-clickable="false" password="false" selected="false" visible-to-user="true" bounds="[932,147][1069,284]" drawing-order="3" hint="" display-id="0" />
</node>
</node>
<node index="4" text="" resource-id="adaptive-bottom-navigation" class="android.view.View" package="commvne.com.whip.app.benchmark" content-desc="" checkable="false" checked="false" clickable="false" enabled="true" focusable="false" focused="false" scrollable="false" long-clickable="false" password="false" selected="false" visible-to-user="true" bounds="[0,2106][1080,2400]" drawing-order="4" hint="" display-id="0">
<node index="0" text="" resource-id="" class="android.view.View" package="commvne.com.whip.app.benchmark" content-desc="" checkable="false" checked="false" clickable="false" enabled="true" focusable="false" focused="false" scrollable="false" long-clickable="false" password="false" selected="false" visible-to-user="true" bounds="[0,2106][1080,2400]" drawing-order="0" hint="" display-id="0">
<node index="0" text="" resource-id="compact-primary-navigation-single-row" class="android.view.View" package="commvne.com.whip.app.benchmark" content-desc="" checkable="false" checked="false" clickable="false" enabled="true" focusable="false" focused="false" scrollable="false" long-clickable="false" password="false" selected="false" visible-to-user="true" bounds="[0,2106][1080,2274]" drawing-order="0" hint="" display-id="0">
<node index="0" text="" resource-id="primary-navigation-Home" class="android.view.View" package="commvne.com.whip.app.benchmark" content-desc="" checkable="false" checked="false" clickable="true" enabled="true" focusable="true" focused="false" scrollable="false" long-clickable="false" password="false" selected="false" visible-to-user="true" bounds="[0,2106][180,2274]" drawing-order="0" hint="" display-id="0">
<node index="0" text="" resource-id="" class="android.view.View" package="commvne.com.whip.app.benchmark" content-desc="Go to Home" checkable="false" checked="false" clickable="false" enabled="true" focusable="false" focused="false" scrollable="false" long-clickable="false" password="false" selected="false" visible-to-user="true" bounds="[0,2106][180,2274]" drawing-order="0" hint="" display-id="0" />
<node index="1" text="" resource-id="" class="android.view.View" package="commvne.com.whip.app.benchmark" content-desc="" checkable="false" checked="false" clickable="false" enabled="true" focusable="false" focused="false" scrollable="false" long-clickable="false" password="false" selected="false" visible-to-user="true" bounds="[27,2129][153,2213]" drawing-order="1" hint="" display-id="0">
<node index="0" text="" resource-id="" class="android.view.View" package="commvne.com.whip.app.benchmark" content-desc="" checkable="false" checked="false" clickable="false" enabled="true" focusable="false" focused="false" scrollable="false" long-clickable="false" password="false" selected="false" visible-to-user="true" bounds="[27,2108][153,2234]" drawing-order="0" hint="" display-id="0" />
</node>
<node index="2" text="" resource-id="" class="android.view.View" package="commvne.com.whip.app.benchmark" content-desc="" checkable="false" checked="false" clickable="false" enabled="true" focusable="false" focused="false" scrollable="false" long-clickable="false" password="false" selected="false" visible-to-user="true" bounds="[53,2218][128,2252]" drawing-order="2" hint="" display-id="0">
<node index="0" text="Home" resource-id="primary-navigation-label-Home" class="android.widget.TextView" package="commvne.com.whip.app.benchmark" content-desc="" checkable="false" checked="false" clickable="false" enabled="true" focusable="false" focused="false" scrollable="false" long-clickable="false" password="false" selected="false" visible-to-user="true" bounds="[53,2218][128,2252]" drawing-order="0" hint="" display-id="0" />
</node>
<node index="3" text="" resource-id="" class="android.view.View" package="commvne.com.whip.app.benchmark" content-desc="" checkable="false" checked="false" clickable="false" enabled="true" focusable="false" focused="false" scrollable="false" long-clickable="false" password="false" selected="false" visible-to-user="true" bounds="[0,2106][180,2274]" drawing-order="3" hint="" display-id="0" />
</node>
<node index="1" text="" resource-id="primary-navigation-Tasks" class="android.view.View" package="commvne.com.whip.app.benchmark" content-desc="" checkable="false" checked="false" clickable="true" enabled="true" focusable="true" focused="false" scrollable="false" long-clickable="false" password="false" selected="false" visible-to-user="true" bounds="[180,2106][360,2274]" drawing-order="1" hint="" display-id="0">
<node index="0" text="" resource-id="" class="android.view.View" package="commvne.com.whip.app.benchmark" content-desc="Tasks tab" checkable="false" checked="false" clickable="false" enabled="true" focusable="false" focused="false" scrollable="false" long-clickable="false" password="false" selected="false" visible-to-user="true" bounds="[180,2106][360,2274]" drawing-order="0" hint="" display-id="0" />
<node index="1" text="" resource-id="" class="android.view.View" package="commvne.com.whip.app.benchmark" content-desc="" checkable="false" checked="false" clickable="false" enabled="true" focusable="false" focused="false" scrollable="false" long-clickable="false" password="false" selected="false" visible-to-user="true" bounds="[207,2129][333,2213]" drawing-order="1" hint="" display-id="0" />
<node index="2" text="" resource-id="" class="android.view.View" package="commvne.com.whip.app.benchmark" content-desc="" checkable="false" checked="false" clickable="false" enabled="true" focusable="false" focused="false" scrollable="false" long-clickable="false" password="false" selected="false" visible-to-user="true" bounds="[233,2218][307,2252]" drawing-order="2" hint="" display-id="0">
<node index="0" text="Tasks" resource-id="primary-navigation-label-Tasks" class="android.widget.TextView" package="commvne.com.whip.app.benchmark" content-desc="" checkable="false" checked="false" clickable="false" enabled="true" focusable="false" focused="false" scrollable="false" long-clickable="false" password="false" selected="false" visible-to-user="true" bounds="[233,2218][307,2252]" drawing-order="0" hint="" display-id="0" />
</node>
<node index="3" text="" resource-id="" class="android.view.View" package="commvne.com.whip.app.benchmark" content-desc="" checkable="false" checked="false" clickable="false" enabled="true" focusable="false" focused="false" scrollable="false" long-clickable="false" password="false" selected="false" visible-to-user="true" bounds="[180,2106][360,2274]" drawing-order="3" hint="" display-id="0" />
</node>
<node index="2" text="" resource-id="primary-navigation-Habits" class="android.view.View" package="commvne.com.whip.app.benchmark" content-desc="" checkable="false" checked="false" clickable="true" enabled="true" focusable="true" focused="false" scrollable="false" long-clickable="false" password="false" selected="false" visible-to-user="true" bounds="[360,2106][540,2274]" drawing-order="2" hint="" display-id="0">
<node index="0" text="" resource-id="" class="android.view.View" package="commvne.com.whip.app.benchmark" content-desc="Habits tab" checkable="false" checked="false" clickable="false" enabled="true" focusable="false" focused="false" scrollable="false" long-clickable="false" password="false" selected="false" visible-to-user="true" bounds="[360,2106][540,2274]" drawing-order="0" hint="" display-id="0" />
<node index="1" text="" resource-id="" class="android.view.View" package="commvne.com.whip.app.benchmark" content-desc="" checkable="false" checked="false" clickable="false" enabled="true" focusable="false" focused="false" scrollable="false" long-clickable="false" password="false" selected="false" visible-to-user="true" bounds="[387,2129][513,2213]" drawing-order="1" hint="" display-id="0" />
<node index="2" text="" resource-id="" class="android.view.View" package="commvne.com.whip.app.benchmark" content-desc="" checkable="false" checked="false" clickable="false" enabled="true" focusable="false" focused="false" scrollable="false" long-clickable="false" password="false" selected="false" visible-to-user="true" bounds="[410,2218][491,2252]" drawing-order="2" hint="" display-id="0">
<node index="0" text="Habits" resource-id="primary-navigation-label-Habits" class="android.widget.TextView" package="commvne.com.whip.app.benchmark" content-desc="" checkable="false" checked="false" clickable="false" enabled="true" focusable="false" focused="false" scrollable="false" long-clickable="false" password="false" selected="false" visible-to-user="true" bounds="[410,2218][491,2252]" drawing-order="0" hint="" display-id="0" />
</node>
<node index="3" text="" resource-id="" class="android.view.View" package="commvne.com.whip.app.benchmark" content-desc="" checkable="false" checked="false" clickable="false" enabled="true" focusable="false" focused="false" scrollable="false" long-clickable="false" password="false" selected="false" visible-to-user="true" bounds="[360,2106][540,2274]" drawing-order="3" hint="" display-id="0" />
</node>
<node index="3" text="" resource-id="primary-navigation-Goals" class="android.view.View" package="commvne.com.whip.app.benchmark" content-desc="" checkable="false" checked="false" clickable="true" enabled="true" focusable="true" focused="false" scrollable="false" long-clickable="false" password="false" selected="false" visible-to-user="true" bounds="[540,2106][720,2274]" drawing-order="3" hint="" display-id="0">
<node index="0" text="" resource-id="" class="android.view.View" package="commvne.com.whip.app.benchmark" content-desc="Goals tab" checkable="false" checked="false" clickable="false" enabled="true" focusable="false" focused="false" scrollable="false" long-clickable="false" password="false" selected="false" visible-to-user="true" bounds="[540,2106][720,2274]" drawing-order="0" hint="" display-id="0" />
<node index="1" text="" resource-id="" class="android.view.View" package="commvne.com.whip.app.benchmark" content-desc="" checkable="false" checked="false" clickable="false" enabled="true" focusable="false" focused="false" scrollable="false" long-clickable="false" password="false" selected="false" visible-to-user="true" bounds="[567,2129][693,2213]" drawing-order="1" hint="" display-id="0" />
<node index="2" text="" resource-id="" class="android.view.View" package="commvne.com.whip.app.benchmark" content-desc="" checkable="false" checked="false" clickable="false" enabled="true" focusable="false" focused="false" scrollable="false" long-clickable="false" password="false" selected="false" visible-to-user="true" bounds="[595,2218][666,2252]" drawing-order="2" hint="" display-id="0">
<node index="0" text="Goals" resource-id="primary-navigation-label-Goals" class="android.widget.TextView" package="commvne.com.whip.app.benchmark" content-desc="" checkable="false" checked="false" clickable="false" enabled="true" focusable="false" focused="false" scrollable="false" long-clickable="false" password="false" selected="false" visible-to-user="true" bounds="[595,2218][666,2252]" drawing-order="0" hint="" display-id="0" />
</node>
<node index="3" text="" resource-id="" class="android.view.View" package="commvne.com.whip.app.benchmark" content-desc="" checkable="false" checked="false" clickable="false" enabled="true" focusable="false" focused="false" scrollable="false" long-clickable="false" password="false" selected="false" visible-to-user="true" bounds="[540,2106][720,2274]" drawing-order="3" hint="" display-id="0" />
</node>
<node index="4" text="" resource-id="primary-navigation-Tracks" class="android.view.View" package="commvne.com.whip.app.benchmark" content-desc="" checkable="false" checked="false" clickable="true" enabled="true" focusable="true" focused="false" scrollable="false" long-clickable="false" password="false" selected="false" visible-to-user="true" bounds="[720,2106][900,2274]" drawing-order="4" hint="" display-id="0">
<node index="0" text="" resource-id="" class="android.view.View" package="commvne.com.whip.app.benchmark" content-desc="Tracks tab" checkable="false" checked="false" clickable="false" enabled="true" focusable="false" focused="false" scrollable="false" long-clickable="false" password="false" selected="false" visible-to-user="true" bounds="[720,2106][900,2274]" drawing-order="0" hint="" display-id="0" />
<node index="1" text="" resource-id="" class="android.view.View" package="commvne.com.whip.app.benchmark" content-desc="" checkable="false" checked="false" clickable="false" enabled="true" focusable="false" focused="false" scrollable="false" long-clickable="false" password="false" selected="false" visible-to-user="true" bounds="[747,2129][873,2213]" drawing-order="1" hint="" display-id="0" />
<node index="2" text="" resource-id="" class="android.view.View" package="commvne.com.whip.app.benchmark" content-desc="" checkable="false" checked="false" clickable="false" enabled="true" focusable="false" focused="false" scrollable="false" long-clickable="false" password="false" selected="false" visible-to-user="true" bounds="[768,2218][853,2252]" drawing-order="2" hint="" display-id="0">
<node index="0" text="Tracks" resource-id="primary-navigation-label-Tracks" class="android.widget.TextView" package="commvne.com.whip.app.benchmark" content-desc="" checkable="false" checked="false" clickable="false" enabled="true" focusable="false" focused="false" scrollable="false" long-clickable="false" password="false" selected="false" visible-to-user="true" bounds="[768,2218][853,2252]" drawing-order="0" hint="" display-id="0" />
</node>
<node index="3" text="" resource-id="" class="android.view.View" package="commvne.com.whip.app.benchmark" content-desc="" checkable="false" checked="false" clickable="false" enabled="true" focusable="false" focused="false" scrollable="false" long-clickable="false" password="false" selected="false" visible-to-user="true" bounds="[720,2106][900,2274]" drawing-order="3" hint="" display-id="0" />
</node>
<node index="5" text="" resource-id="primary-navigation-Gym" class="android.view.View" package="commvne.com.whip.app.benchmark" content-desc="" checkable="false" checked="false" clickable="false" enabled="true" focusable="true" focused="false" scrollable="false" long-clickable="false" password="false" selected="true" visible-to-user="true" bounds="[900,2106][1080,2274]" drawing-order="5" hint="" display-id="0">
<node index="0" text="" resource-id="" class="android.view.View" package="commvne.com.whip.app.benchmark" content-desc="Gym tab" checkable="false" checked="false" clickable="false" enabled="true" focusable="false" focused="false" scrollable="false" long-clickable="false" password="false" selected="false" visible-to-user="true" bounds="[900,2106][1080,2274]" drawing-order="0" hint="" display-id="0" />
<node index="1" text="" resource-id="" class="android.view.View" package="commvne.com.whip.app.benchmark" content-desc="" checkable="false" checked="false" clickable="false" enabled="true" focusable="false" focused="false" scrollable="false" long-clickable="false" password="false" selected="false" visible-to-user="true" bounds="[927,2129][1053,2213]" drawing-order="1" hint="" display-id="0" />
<node index="2" text="" resource-id="" class="android.view.View" package="commvne.com.whip.app.benchmark" content-desc="" checkable="false" checked="false" clickable="false" enabled="true" focusable="false" focused="false" scrollable="false" long-clickable="false" password="false" selected="false" visible-to-user="true" bounds="[962,2218][1019,2252]" drawing-order="2" hint="" display-id="0">
<node index="0" text="Gym" resource-id="primary-navigation-label-Gym" class="android.widget.TextView" package="commvne.com.whip.app.benchmark" content-desc="" checkable="false" checked="false" clickable="false" enabled="true" focusable="false" focused="false" scrollable="false" long-clickable="false" password="false" selected="false" visible-to-user="true" bounds="[962,2218][1019,2252]" drawing-order="0" hint="" display-id="0" />
</node>
<node index="3" text="" resource-id="" class="android.view.View" package="commvne.com.whip.app.benchmark" content-desc="" checkable="false" checked="false" clickable="false" enabled="true" focusable="false" focused="false" scrollable="false" long-clickable="false" password="false" selected="false" visible-to-user="true" bounds="[900,2106][1080,2274]" drawing-order="3" hint="" display-id="0" />
</node>
</node>
</node>
</node>
</node>
</node>
</node>
</node>
</node>
</node>
</node>
</node>
</node>
<node index="0" text="" resource-id="" class="android.widget.FrameLayout" package="com.android.systemui" content-desc="" checkable="false" checked="false" clickable="false" enabled="true" focusable="false" focused="false" scrollable="false" long-clickable="false" password="false" selected="false" visible-to-user="true" bounds="[0,0][1080,132]" drawing-order="0" hint="" display-id="0">
<node index="0" text="" resource-id="com.android.systemui:id/status_bar_launch_animation_container" class="android.widget.FrameLayout" package="com.android.systemui" content-desc="" checkable="false" checked="false" clickable="false" enabled="true" focusable="false" focused="false" scrollable="false" long-clickable="false" password="false" selected="false" visible-to-user="true" bounds="[0,0][1080,132]" drawing-order="1" hint="" display-id="0" />
<node index="1" text="" resource-id="com.android.systemui:id/container" class="android.widget.FrameLayout" package="com.android

> Task :benchmark:connectedBenchmarkAndroidTest FAILED

FAILURE: Build failed with an exception.

* What went wrong:
Execution failed for task ':benchmark:connectedBenchmarkAndroidTest' (registered by plugin 'com.android.internal.test').
> There were failing tests. See the report at: file:///tmp/whip-history-probe/benchmark/build/reports/androidTests/connected/benchmark/index.html

* Try:
> Run with --stacktrace option to get the stack trace.
> Run with --info or --debug option to get more log output.
> Run with --scan to get full insights from a Build Scan (powered by Develocity).
> Get more help at https://help.gradle.org.

BUILD FAILED in 19m 22s
80 actionable tasks: 13 executed, 67 up-to-date
